<?xml version="1.0" encoding="UTF-8"?>
<gpx xmlns:gpxdata="http://www.cluetrust.com/XML/GPXDATA/1/0" xmlns:xsi="http://www.w3.org/2001/XMLSchema-instance" xmlns="http://www.topografix.com/GPX/1/1" version="1.1" creator="http://ridewithgps.com/" xsi:schemaLocation="http://www.topografix.com/GPX/1/1 http://www.topografix.com/GPX/1/1/gpx.xsd http://www.cluetrust.com/XML/GPXDATA/1/0 http://www.cluetrust.com/Schemas/gpxdata10.xsd">
  <metadata>
    <name>Smith River 600k day 1 2023</name>
    <link href="https://ridewithgps.com/trips/124249840">
      <text>Smith River 600k day 1 2023</text>
    </link>
    <time>2023-06-10T05:27:57Z</time>
  </metadata>
  <trk>
    <name>Smith River 600k day 1 2023</name>
    <trkseg>
      <trkpt lat="44.088295" lon="-123.044693">
        <ele>134.6</ele>
        <time>2023-06-10T12:27:57Z</time>
      </trkpt>
      <trkpt lat="44.08828" lon="-123.044586">
        <ele>132.2</ele>
        <time>2023-06-10T12:30:12Z</time>
      </trkpt>
      <trkpt lat="44.088139" lon="-123.044487">
        <ele>132.2</ele>
        <time>2023-06-10T12:30:18Z</time>
      </trkpt>
      <trkpt lat="44.088036" lon="-123.044434">
        <ele>132.2</ele>
        <time>2023-06-10T12:30:21Z</time>
      </trkpt>
      <trkpt lat="44.087963" lon="-123.044418">
        <ele>132.2</ele>
        <time>2023-06-10T12:30:23Z</time>
      </trkpt>
      <trkpt lat="44.087776" lon="-123.044228">
        <ele>132.3</ele>
        <time>2023-06-10T12:30:29Z</time>
      </trkpt>
      <trkpt lat="44.087646" lon="-123.044006">
        <ele>132.3</ele>
        <time>2023-06-10T12:30:35Z</time>
      </trkpt>
      <trkpt lat="44.087662" lon="-123.043915">
        <ele>132.6</ele>
        <time>2023-06-10T12:30:37Z</time>
      </trkpt>
      <trkpt lat="44.087818" lon="-123.04364">
        <ele>132.6</ele>
        <time>2023-06-10T12:30:44Z</time>
      </trkpt>
      <trkpt lat="44.087925" lon="-123.043633">
        <ele>132.6</ele>
        <time>2023-06-10T12:30:47Z</time>
      </trkpt>
      <trkpt lat="44.088066" lon="-123.043701">
        <ele>132.6</ele>
        <time>2023-06-10T12:30:52Z</time>
      </trkpt>
      <trkpt lat="44.0881" lon="-123.043648">
        <ele>132.6</ele>
        <time>2023-06-10T12:30:54Z</time>
      </trkpt>
      <trkpt lat="44.0881" lon="-123.04361">
        <ele>132.6</ele>
        <time>2023-06-10T12:30:55Z</time>
      </trkpt>
      <trkpt lat="44.088009" lon="-123.043404">
        <ele>132.3</ele>
        <time>2023-06-10T12:31:00Z</time>
      </trkpt>
      <trkpt lat="44.087944" lon="-123.043343">
        <ele>132.3</ele>
        <time>2023-06-10T12:31:02Z</time>
      </trkpt>
      <trkpt lat="44.08786" lon="-123.04332">
        <ele>132.3</ele>
        <time>2023-06-10T12:31:04Z</time>
      </trkpt>
      <trkpt lat="44.087788" lon="-123.043358">
        <ele>132.3</ele>
        <time>2023-06-10T12:31:06Z</time>
      </trkpt>
      <trkpt lat="44.087753" lon="-123.043396">
        <ele>132.2</ele>
        <time>2023-06-10T12:31:07Z</time>
      </trkpt>
      <trkpt lat="44.08739" lon="-123.043976">
        <ele>132.2</ele>
        <time>2023-06-10T12:31:21Z</time>
      </trkpt>
      <trkpt lat="44.087387" lon="-123.044144">
        <ele>132.2</ele>
        <time>2023-06-10T12:31:24Z</time>
      </trkpt>
      <trkpt lat="44.087486" lon="-123.044296">
        <ele>132.2</ele>
        <time>2023-06-10T12:31:27Z</time>
      </trkpt>
      <trkpt lat="44.087818" lon="-123.044724">
        <ele>132.2</ele>
        <time>2023-06-10T12:31:36Z</time>
      </trkpt>
      <trkpt lat="44.08815" lon="-123.045097">
        <ele>131.6</ele>
        <time>2023-06-10T12:31:45Z</time>
      </trkpt>
      <trkpt lat="44.088444" lon="-123.045532">
        <ele>131.6</ele>
        <time>2023-06-10T12:31:53Z</time>
      </trkpt>
      <trkpt lat="44.088696" lon="-123.04586">
        <ele>131.6</ele>
        <time>2023-06-10T12:32:00Z</time>
      </trkpt>
      <trkpt lat="44.089134" lon="-123.046349">
        <ele>131.6</ele>
        <time>2023-06-10T12:32:11Z</time>
      </trkpt>
      <trkpt lat="44.09037" lon="-123.047958">
        <ele>130.6</ele>
        <time>2023-06-10T12:32:40Z</time>
      </trkpt>
      <trkpt lat="44.090946" lon="-123.048615">
        <ele>130.0</ele>
        <time>2023-06-10T12:32:53Z</time>
      </trkpt>
      <trkpt lat="44.091366" lon="-123.049049">
        <ele>129.6</ele>
        <time>2023-06-10T12:33:02Z</time>
      </trkpt>
      <trkpt lat="44.091839" lon="-123.049492">
        <ele>129.3</ele>
        <time>2023-06-10T12:33:12Z</time>
      </trkpt>
      <trkpt lat="44.092567" lon="-123.050026">
        <ele>129.3</ele>
        <time>2023-06-10T12:33:26Z</time>
      </trkpt>
      <trkpt lat="44.093136" lon="-123.050377">
        <ele>129.6</ele>
        <time>2023-06-10T12:33:37Z</time>
      </trkpt>
      <trkpt lat="44.093868" lon="-123.050865">
        <ele>129.6</ele>
        <time>2023-06-10T12:33:51Z</time>
      </trkpt>
      <trkpt lat="44.094078" lon="-123.051064">
        <ele>129.6</ele>
        <time>2023-06-10T12:33:55Z</time>
      </trkpt>
      <trkpt lat="44.094372" lon="-123.051201">
        <ele>129.2</ele>
        <time>2023-06-10T12:34:00Z</time>
      </trkpt>
      <trkpt lat="44.094662" lon="-123.051437">
        <ele>129.2</ele>
        <time>2023-06-10T12:34:06Z</time>
      </trkpt>
      <trkpt lat="44.094719" lon="-123.051552">
        <ele>129.2</ele>
        <time>2023-06-10T12:34:08Z</time>
      </trkpt>
      <trkpt lat="44.094723" lon="-123.051697">
        <ele>129.2</ele>
        <time>2023-06-10T12:34:10Z</time>
      </trkpt>
      <trkpt lat="44.094681" lon="-123.051865">
        <ele>129.2</ele>
        <time>2023-06-10T12:34:12Z</time>
      </trkpt>
      <trkpt lat="44.094124" lon="-123.053505">
        <ele>128.6</ele>
        <time>2023-06-10T12:34:32Z</time>
      </trkpt>
      <trkpt lat="44.093838" lon="-123.054276">
        <ele>128.7</ele>
        <time>2023-06-10T12:34:42Z</time>
      </trkpt>
      <trkpt lat="44.093262" lon="-123.055977">
        <ele>128.2</ele>
        <time>2023-06-10T12:35:04Z</time>
      </trkpt>
      <trkpt lat="44.092319" lon="-123.058846">
        <ele>127.2</ele>
        <time>2023-06-10T12:35:41Z</time>
      </trkpt>
      <trkpt lat="44.092197" lon="-123.059242">
        <ele>127.0</ele>
        <time>2023-06-10T12:35:46Z</time>
      </trkpt>
      <trkpt lat="44.092148" lon="-123.059486">
        <ele>127.0</ele>
        <time>2023-06-10T12:35:49Z</time>
      </trkpt>
      <trkpt lat="44.092075" lon="-123.06012">
        <ele>126.7</ele>
        <time>2023-06-10T12:35:57Z</time>
      </trkpt>
      <trkpt lat="44.092121" lon="-123.060783">
        <ele>126.7</ele>
        <time>2023-06-10T12:36:05Z</time>
      </trkpt>
      <trkpt lat="44.092262" lon="-123.061401">
        <ele>126.2</ele>
        <time>2023-06-10T12:36:13Z</time>
      </trkpt>
      <trkpt lat="44.092758" lon="-123.062607">
        <ele>126.0</ele>
        <time>2023-06-10T12:36:30Z</time>
      </trkpt>
      <trkpt lat="44.092906" lon="-123.063232">
        <ele>126.0</ele>
        <time>2023-06-10T12:36:38Z</time>
      </trkpt>
      <trkpt lat="44.092949" lon="-123.063889">
        <ele>126.0</ele>
        <time>2023-06-10T12:36:46Z</time>
      </trkpt>
      <trkpt lat="44.092976" lon="-123.066971">
        <ele>125.3</ele>
        <time>2023-06-10T12:37:23Z</time>
      </trkpt>
      <trkpt lat="44.092964" lon="-123.071487">
        <ele>124.7</ele>
        <time>2023-06-10T12:38:17Z</time>
      </trkpt>
      <trkpt lat="44.092979" lon="-123.072144">
        <ele>124.7</ele>
        <time>2023-06-10T12:38:25Z</time>
      </trkpt>
      <trkpt lat="44.092972" lon="-123.076523">
        <ele>124.7</ele>
        <time>2023-06-10T12:39:18Z</time>
      </trkpt>
      <trkpt lat="44.092999" lon="-123.080109">
        <ele>123.7</ele>
        <time>2023-06-10T12:40:01Z</time>
      </trkpt>
      <trkpt lat="44.092979" lon="-123.081207">
        <ele>123.3</ele>
        <time>2023-06-10T12:40:14Z</time>
      </trkpt>
      <trkpt lat="44.092941" lon="-123.0821">
        <ele>123.0</ele>
        <time>2023-06-10T12:40:25Z</time>
      </trkpt>
      <trkpt lat="44.092949" lon="-123.083954">
        <ele>122.7</ele>
        <time>2023-06-10T12:40:48Z</time>
      </trkpt>
      <trkpt lat="44.092957" lon="-123.084114">
        <ele>122.7</ele>
        <time>2023-06-10T12:40:50Z</time>
      </trkpt>
      <trkpt lat="44.092987" lon="-123.084267">
        <ele>122.7</ele>
        <time>2023-06-10T12:40:52Z</time>
      </trkpt>
      <trkpt lat="44.093086" lon="-123.084488">
        <ele>122.7</ele>
        <time>2023-06-10T12:40:55Z</time>
      </trkpt>
      <trkpt lat="44.093197" lon="-123.084679">
        <ele>122.7</ele>
        <time>2023-06-10T12:40:58Z</time>
      </trkpt>
      <trkpt lat="44.093243" lon="-123.084801">
        <ele>122.7</ele>
        <time>2023-06-10T12:41:00Z</time>
      </trkpt>
      <trkpt lat="44.093285" lon="-123.085037">
        <ele>122.7</ele>
        <time>2023-06-10T12:41:03Z</time>
      </trkpt>
      <trkpt lat="44.093292" lon="-123.085358">
        <ele>122.7</ele>
        <time>2023-06-10T12:41:07Z</time>
      </trkpt>
      <trkpt lat="44.093277" lon="-123.086113">
        <ele>122.6</ele>
        <time>2023-06-10T12:41:16Z</time>
      </trkpt>
      <trkpt lat="44.09325" lon="-123.086571">
        <ele>122.6</ele>
        <time>2023-06-10T12:41:22Z</time>
      </trkpt>
      <trkpt lat="44.093185" lon="-123.086868">
        <ele>122.7</ele>
        <time>2023-06-10T12:41:26Z</time>
      </trkpt>
      <trkpt lat="44.092972" lon="-123.087318">
        <ele>123.2</ele>
        <time>2023-06-10T12:41:34Z</time>
      </trkpt>
      <trkpt lat="44.092906" lon="-123.087593">
        <ele>123.2</ele>
        <time>2023-06-10T12:41:39Z</time>
      </trkpt>
      <trkpt lat="44.092884" lon="-123.087753">
        <ele>123.2</ele>
        <time>2023-06-10T12:41:41Z</time>
      </trkpt>
      <trkpt lat="44.092884" lon="-123.088188">
        <ele>123.2</ele>
        <time>2023-06-10T12:41:47Z</time>
      </trkpt>
      <trkpt lat="44.092949" lon="-123.089462">
        <ele>123.0</ele>
        <time>2023-06-10T12:42:03Z</time>
      </trkpt>
      <trkpt lat="44.092918" lon="-123.090034">
        <ele>122.7</ele>
        <time>2023-06-10T12:42:10Z</time>
      </trkpt>
      <trkpt lat="44.092915" lon="-123.09079">
        <ele>122.3</ele>
        <time>2023-06-10T12:42:19Z</time>
      </trkpt>
      <trkpt lat="44.093021" lon="-123.091438">
        <ele>121.0</ele>
        <time>2023-06-10T12:42:26Z</time>
      </trkpt>
      <trkpt lat="44.093231" lon="-123.092079">
        <ele>119.3</ele>
        <time>2023-06-10T12:42:33Z</time>
      </trkpt>
      <trkpt lat="44.093338" lon="-123.092628">
        <ele>118.6</ele>
        <time>2023-06-10T12:42:39Z</time>
      </trkpt>
      <trkpt lat="44.093376" lon="-123.093285">
        <ele>118.0</ele>
        <time>2023-06-10T12:42:46Z</time>
      </trkpt>
      <trkpt lat="44.093399" lon="-123.094688">
        <ele>117.7</ele>
        <time>2023-06-10T12:43:02Z</time>
      </trkpt>
      <trkpt lat="44.093449" lon="-123.095444">
        <ele>117.7</ele>
        <time>2023-06-10T12:43:11Z</time>
      </trkpt>
      <trkpt lat="44.093536" lon="-123.095772">
        <ele>117.7</ele>
        <time>2023-06-10T12:43:15Z</time>
      </trkpt>
      <trkpt lat="44.094028" lon="-123.097122">
        <ele>118.2</ele>
        <time>2023-06-10T12:43:34Z</time>
      </trkpt>
      <trkpt lat="44.094242" lon="-123.097755">
        <ele>118.6</ele>
        <time>2023-06-10T12:43:45Z</time>
      </trkpt>
      <trkpt lat="44.094372" lon="-123.098053">
        <ele>119.3</ele>
        <time>2023-06-10T12:44:03Z</time>
      </trkpt>
      <trkpt lat="44.094414" lon="-123.09819">
        <ele>119.6</ele>
        <time>2023-06-10T12:44:06Z</time>
      </trkpt>
      <trkpt lat="44.094379" lon="-123.098526">
        <ele>119.6</ele>
        <time>2023-06-10T12:44:12Z</time>
      </trkpt>
      <trkpt lat="44.094322" lon="-123.098793">
        <ele>119.6</ele>
        <time>2023-06-10T12:44:16Z</time>
      </trkpt>
      <trkpt lat="44.094147" lon="-123.099228">
        <ele>119.3</ele>
        <time>2023-06-10T12:44:22Z</time>
      </trkpt>
      <trkpt lat="44.093628" lon="-123.100365">
        <ele>118.0</ele>
        <time>2023-06-10T12:44:38Z</time>
      </trkpt>
      <trkpt lat="44.093483" lon="-123.100899">
        <ele>118.0</ele>
        <time>2023-06-10T12:44:45Z</time>
      </trkpt>
      <trkpt lat="44.093452" lon="-123.101364">
        <ele>118.2</ele>
        <time>2023-06-10T12:44:51Z</time>
      </trkpt>
      <trkpt lat="44.093491" lon="-123.101883">
        <ele>118.6</ele>
        <time>2023-06-10T12:44:58Z</time>
      </trkpt>
      <trkpt lat="44.093578" lon="-123.102501">
        <ele>119.3</ele>
        <time>2023-06-10T12:45:06Z</time>
      </trkpt>
      <trkpt lat="44.093601" lon="-123.102577">
        <ele>119.3</ele>
        <time>2023-06-10T12:45:07Z</time>
      </trkpt>
      <trkpt lat="44.093829" lon="-123.103111">
        <ele>119.3</ele>
        <time>2023-06-10T12:45:14Z</time>
      </trkpt>
      <trkpt lat="44.094524" lon="-123.104584">
        <ele>117.6</ele>
        <time>2023-06-10T12:45:34Z</time>
      </trkpt>
      <trkpt lat="44.094746" lon="-123.105003">
        <ele>117.3</ele>
        <time>2023-06-10T12:45:40Z</time>
      </trkpt>
      <trkpt lat="44.094852" lon="-123.105164">
        <ele>117.3</ele>
        <time>2023-06-10T12:45:43Z</time>
      </trkpt>
      <trkpt lat="44.095081" lon="-123.105377">
        <ele>117.3</ele>
        <time>2023-06-10T12:45:48Z</time>
      </trkpt>
      <trkpt lat="44.095123" lon="-123.105492">
        <ele>117.3</ele>
        <time>2023-06-10T12:45:50Z</time>
      </trkpt>
      <trkpt lat="44.095116" lon="-123.105637">
        <ele>117.3</ele>
        <time>2023-06-10T12:45:52Z</time>
      </trkpt>
      <trkpt lat="44.095093" lon="-123.105713">
        <ele>117.3</ele>
        <time>2023-06-10T12:45:53Z</time>
      </trkpt>
      <trkpt lat="44.094887" lon="-123.106117">
        <ele>117.6</ele>
        <time>2023-06-10T12:46:00Z</time>
      </trkpt>
      <trkpt lat="44.094494" lon="-123.106575">
        <ele>118.3</ele>
        <time>2023-06-10T12:46:09Z</time>
      </trkpt>
      <trkpt lat="44.094296" lon="-123.10685">
        <ele>118.3</ele>
        <time>2023-06-10T12:46:14Z</time>
      </trkpt>
      <trkpt lat="44.094097" lon="-123.107262">
        <ele>118.6</ele>
        <time>2023-06-10T12:46:21Z</time>
      </trkpt>
      <trkpt lat="44.094055" lon="-123.107384">
        <ele>118.6</ele>
        <time>2023-06-10T12:46:23Z</time>
      </trkpt>
      <trkpt lat="44.094002" lon="-123.107666">
        <ele>118.6</ele>
        <time>2023-06-10T12:46:26Z</time>
      </trkpt>
      <trkpt lat="44.093895" lon="-123.108368">
        <ele>118.0</ele>
        <time>2023-06-10T12:46:33Z</time>
      </trkpt>
      <trkpt lat="44.093788" lon="-123.108711">
        <ele>116.2</ele>
        <time>2023-06-10T12:46:37Z</time>
      </trkpt>
      <trkpt lat="44.093639" lon="-123.109322">
        <ele>115.3</ele>
        <time>2023-06-10T12:46:44Z</time>
      </trkpt>
      <trkpt lat="44.093513" lon="-123.109924">
        <ele>115.3</ele>
        <time>2023-06-10T12:46:52Z</time>
      </trkpt>
      <trkpt lat="44.093262" lon="-123.110413">
        <ele>116.2</ele>
        <time>2023-06-10T12:47:00Z</time>
      </trkpt>
      <trkpt lat="44.093052" lon="-123.110924">
        <ele>117.0</ele>
        <time>2023-06-10T12:47:09Z</time>
      </trkpt>
      <trkpt lat="44.092308" lon="-123.113129">
        <ele>118.6</ele>
        <time>2023-06-10T12:47:42Z</time>
      </trkpt>
      <trkpt lat="44.092148" lon="-123.113541">
        <ele>118.7</ele>
        <time>2023-06-10T12:47:48Z</time>
      </trkpt>
      <trkpt lat="44.091617" lon="-123.114677">
        <ele>119.0</ele>
        <time>2023-06-10T12:48:07Z</time>
      </trkpt>
      <trkpt lat="44.091586" lon="-123.114792">
        <ele>119.0</ele>
        <time>2023-06-10T12:48:09Z</time>
      </trkpt>
      <trkpt lat="44.09156" lon="-123.114838">
        <ele>119.0</ele>
        <time>2023-06-10T12:48:10Z</time>
      </trkpt>
      <trkpt lat="44.091476" lon="-123.114914">
        <ele>119.0</ele>
        <time>2023-06-10T12:48:12Z</time>
      </trkpt>
      <trkpt lat="44.091396" lon="-123.114952">
        <ele>118.7</ele>
        <time>2023-06-10T12:48:14Z</time>
      </trkpt>
      <trkpt lat="44.091316" lon="-123.115028">
        <ele>118.7</ele>
        <time>2023-06-10T12:48:16Z</time>
      </trkpt>
      <trkpt lat="44.09127" lon="-123.115135">
        <ele>119.0</ele>
        <time>2023-06-10T12:48:18Z</time>
      </trkpt>
      <trkpt lat="44.091267" lon="-123.11525">
        <ele>119.0</ele>
        <time>2023-06-10T12:48:20Z</time>
      </trkpt>
      <trkpt lat="44.091297" lon="-123.115395">
        <ele>119.2</ele>
        <time>2023-06-10T12:48:23Z</time>
      </trkpt>
      <trkpt lat="44.09132" lon="-123.11544">
        <ele>119.6</ele>
        <time>2023-06-10T12:48:24Z</time>
      </trkpt>
      <trkpt lat="44.091515" lon="-123.115692">
        <ele>121.3</ele>
        <time>2023-06-10T12:48:31Z</time>
      </trkpt>
      <trkpt lat="44.092129" lon="-123.116562">
        <ele>123.3</ele>
        <time>2023-06-10T12:48:50Z</time>
      </trkpt>
      <trkpt lat="44.092712" lon="-123.11734">
        <ele>122.0</ele>
        <time>2023-06-10T12:49:04Z</time>
      </trkpt>
      <trkpt lat="44.092976" lon="-123.117737">
        <ele>120.6</ele>
        <time>2023-06-10T12:49:09Z</time>
      </trkpt>
      <trkpt lat="44.093089" lon="-123.117859">
        <ele>119.7</ele>
        <time>2023-06-10T12:49:11Z</time>
      </trkpt>
      <trkpt lat="44.093204" lon="-123.117935">
        <ele>118.6</ele>
        <time>2023-06-10T12:49:13Z</time>
      </trkpt>
      <trkpt lat="44.093304" lon="-123.117973">
        <ele>118.0</ele>
        <time>2023-06-10T12:49:15Z</time>
      </trkpt>
      <trkpt lat="44.093369" lon="-123.11805">
        <ele>118.0</ele>
        <time>2023-06-10T12:49:17Z</time>
      </trkpt>
      <trkpt lat="44.09339" lon="-123.118156">
        <ele>118.0</ele>
        <time>2023-06-10T12:49:19Z</time>
      </trkpt>
      <trkpt lat="44.093384" lon="-123.118767">
        <ele>118.6</ele>
        <time>2023-06-10T12:49:28Z</time>
      </trkpt>
      <trkpt lat="44.093441" lon="-123.119141">
        <ele>119.0</ele>
        <time>2023-06-10T12:49:33Z</time>
      </trkpt>
      <trkpt lat="44.093449" lon="-123.119606">
        <ele>119.2</ele>
        <time>2023-06-10T12:49:39Z</time>
      </trkpt>
      <trkpt lat="44.09351" lon="-123.120903">
        <ele>119.0</ele>
        <time>2023-06-10T12:49:56Z</time>
      </trkpt>
      <trkpt lat="44.093525" lon="-123.121872">
        <ele>118.7</ele>
        <time>2023-06-10T12:50:08Z</time>
      </trkpt>
      <trkpt lat="44.093555" lon="-123.122002">
        <ele>118.7</ele>
        <time>2023-06-10T12:50:10Z</time>
      </trkpt>
      <trkpt lat="44.09375" lon="-123.122437">
        <ele>118.6</ele>
        <time>2023-06-10T12:50:17Z</time>
      </trkpt>
      <trkpt lat="44.093811" lon="-123.122498">
        <ele>118.6</ele>
        <time>2023-06-10T12:50:19Z</time>
      </trkpt>
      <trkpt lat="44.093845" lon="-123.122505">
        <ele>118.7</ele>
        <time>2023-06-10T12:50:20Z</time>
      </trkpt>
      <trkpt lat="44.093933" lon="-123.12249">
        <ele>118.7</ele>
        <time>2023-06-10T12:50:22Z</time>
      </trkpt>
      <trkpt lat="44.094215" lon="-123.122375">
        <ele>118.7</ele>
        <time>2023-06-10T12:50:27Z</time>
      </trkpt>
      <trkpt lat="44.094391" lon="-123.12233">
        <ele>118.7</ele>
        <time>2023-06-10T12:50:30Z</time>
      </trkpt>
      <trkpt lat="44.094646" lon="-123.122307">
        <ele>118.3</ele>
        <time>2023-06-10T12:50:34Z</time>
      </trkpt>
      <trkpt lat="44.095211" lon="-123.122292">
        <ele>118.2</ele>
        <time>2023-06-10T12:50:44Z</time>
      </trkpt>
      <trkpt lat="44.095436" lon="-123.122314">
        <ele>118.2</ele>
        <time>2023-06-10T12:50:48Z</time>
      </trkpt>
      <trkpt lat="44.095543" lon="-123.12236">
        <ele>118.2</ele>
        <time>2023-06-10T12:50:50Z</time>
      </trkpt>
      <trkpt lat="44.096012" lon="-123.122688">
        <ele>118.2</ele>
        <time>2023-06-10T12:51:03Z</time>
      </trkpt>
      <trkpt lat="44.096043" lon="-123.122742">
        <ele>118.2</ele>
        <time>2023-06-10T12:51:05Z</time>
      </trkpt>
      <trkpt lat="44.096096" lon="-123.123299">
        <ele>118.0</ele>
        <time>2023-06-10T12:51:14Z</time>
      </trkpt>
      <trkpt lat="44.095963" lon="-123.124367">
        <ele>117.6</ele>
        <time>2023-06-10T12:51:27Z</time>
      </trkpt>
      <trkpt lat="44.095932" lon="-123.124908">
        <ele>117.3</ele>
        <time>2023-06-10T12:51:34Z</time>
      </trkpt>
      <trkpt lat="44.095711" lon="-123.126953">
        <ele>116.7</ele>
        <time>2023-06-10T12:52:00Z</time>
      </trkpt>
      <trkpt lat="44.095692" lon="-123.127258">
        <ele>116.7</ele>
        <time>2023-06-10T12:52:04Z</time>
      </trkpt>
      <trkpt lat="44.095703" lon="-123.127914">
        <ele>116.7</ele>
        <time>2023-06-10T12:52:14Z</time>
      </trkpt>
      <trkpt lat="44.095737" lon="-123.12796">
        <ele>116.7</ele>
        <time>2023-06-10T12:52:16Z</time>
      </trkpt>
      <trkpt lat="44.09602" lon="-123.128082">
        <ele>116.6</ele>
        <time>2023-06-10T12:52:22Z</time>
      </trkpt>
      <trkpt lat="44.096867" lon="-123.128342">
        <ele>116.6</ele>
        <time>2023-06-10T12:53:00Z</time>
      </trkpt>
      <trkpt lat="44.096966" lon="-123.128387">
        <ele>116.2</ele>
        <time>2023-06-10T12:53:02Z</time>
      </trkpt>
      <trkpt lat="44.097073" lon="-123.12851">
        <ele>116.0</ele>
        <time>2023-06-10T12:53:06Z</time>
      </trkpt>
      <trkpt lat="44.097115" lon="-123.128532">
        <ele>116.0</ele>
        <time>2023-06-10T12:53:07Z</time>
      </trkpt>
      <trkpt lat="44.097591" lon="-123.128677">
        <ele>116.0</ele>
        <time>2023-06-10T12:53:15Z</time>
      </trkpt>
      <trkpt lat="44.09864" lon="-123.12915">
        <ele>116.6</ele>
        <time>2023-06-10T12:53:34Z</time>
      </trkpt>
      <trkpt lat="44.099159" lon="-123.12941">
        <ele>116.2</ele>
        <time>2023-06-10T12:53:43Z</time>
      </trkpt>
      <trkpt lat="44.100589" lon="-123.130013">
        <ele>115.6</ele>
        <time>2023-06-10T12:54:07Z</time>
      </trkpt>
      <trkpt lat="44.101954" lon="-123.130623">
        <ele>115.2</ele>
        <time>2023-06-10T12:54:32Z</time>
      </trkpt>
      <trkpt lat="44.102352" lon="-123.130775">
        <ele>115.3</ele>
        <time>2023-06-10T12:54:40Z</time>
      </trkpt>
      <trkpt lat="44.102551" lon="-123.130943">
        <ele>115.3</ele>
        <time>2023-06-10T12:54:44Z</time>
      </trkpt>
      <trkpt lat="44.102856" lon="-123.131096">
        <ele>115.6</ele>
        <time>2023-06-10T12:54:50Z</time>
      </trkpt>
      <trkpt lat="44.103344" lon="-123.13131">
        <ele>115.7</ele>
        <time>2023-06-10T12:55:01Z</time>
      </trkpt>
      <trkpt lat="44.103416" lon="-123.131416">
        <ele>115.7</ele>
        <time>2023-06-10T12:55:03Z</time>
      </trkpt>
      <trkpt lat="44.103462" lon="-123.131561">
        <ele>115.7</ele>
        <time>2023-06-10T12:55:05Z</time>
      </trkpt>
      <trkpt lat="44.103481" lon="-123.131721">
        <ele>115.7</ele>
        <time>2023-06-10T12:55:07Z</time>
      </trkpt>
      <trkpt lat="44.103493" lon="-123.134079">
        <ele>114.7</ele>
        <time>2023-06-10T12:55:36Z</time>
      </trkpt>
      <trkpt lat="44.103481" lon="-123.13723">
        <ele>114.3</ele>
        <time>2023-06-10T12:56:14Z</time>
      </trkpt>
      <trkpt lat="44.103512" lon="-123.138794">
        <ele>114.3</ele>
        <time>2023-06-10T12:56:33Z</time>
      </trkpt>
      <trkpt lat="44.103497" lon="-123.14183">
        <ele>114.3</ele>
        <time>2023-06-10T12:57:09Z</time>
      </trkpt>
      <trkpt lat="44.103512" lon="-123.142143">
        <ele>114.3</ele>
        <time>2023-06-10T12:57:13Z</time>
      </trkpt>
      <trkpt lat="44.103499" lon="-123.142464">
        <ele>114.2</ele>
        <time>2023-06-10T12:57:17Z</time>
      </trkpt>
      <trkpt lat="44.103508" lon="-123.144554">
        <ele>114.2</ele>
        <time>2023-06-10T12:57:43Z</time>
      </trkpt>
      <trkpt lat="44.103489" lon="-123.14666">
        <ele>113.6</ele>
        <time>2023-06-10T12:58:09Z</time>
      </trkpt>
      <trkpt lat="44.103497" lon="-123.148758">
        <ele>113.6</ele>
        <time>2023-06-10T12:58:35Z</time>
      </trkpt>
      <trkpt lat="44.103443" lon="-123.150421">
        <ele>113.6</ele>
        <time>2023-06-10T12:58:55Z</time>
      </trkpt>
      <trkpt lat="44.103413" lon="-123.151016">
        <ele>113.3</ele>
        <time>2023-06-10T12:59:02Z</time>
      </trkpt>
      <trkpt lat="44.103306" lon="-123.152313">
        <ele>113.6</ele>
        <time>2023-06-10T12:59:18Z</time>
      </trkpt>
      <trkpt lat="44.10326" lon="-123.153717">
        <ele>113.6</ele>
        <time>2023-06-10T12:59:35Z</time>
      </trkpt>
      <trkpt lat="44.103249" lon="-123.158478">
        <ele>113.7</ele>
        <time>2023-06-10T13:00:38Z</time>
      </trkpt>
      <trkpt lat="44.103283" lon="-123.160698">
        <ele>113.0</ele>
        <time>2023-06-10T13:01:10Z</time>
      </trkpt>
      <trkpt lat="44.103291" lon="-123.165573">
        <ele>111.6</ele>
        <time>2023-06-10T13:02:08Z</time>
      </trkpt>
      <trkpt lat="44.103333" lon="-123.170059">
        <ele>111.6</ele>
        <time>2023-06-10T13:03:03Z</time>
      </trkpt>
      <trkpt lat="44.103291" lon="-123.172554">
        <ele>112.2</ele>
        <time>2023-06-10T13:03:40Z</time>
      </trkpt>
      <trkpt lat="44.103302" lon="-123.173683">
        <ele>111.7</ele>
        <time>2023-06-10T13:03:54Z</time>
      </trkpt>
      <trkpt lat="44.103252" lon="-123.174492">
        <ele>111.6</ele>
        <time>2023-06-10T13:04:04Z</time>
      </trkpt>
      <trkpt lat="44.103165" lon="-123.175278">
        <ele>111.2</ele>
        <time>2023-06-10T13:04:13Z</time>
      </trkpt>
      <trkpt lat="44.10284" lon="-123.177444">
        <ele>110.6</ele>
        <time>2023-06-10T13:04:38Z</time>
      </trkpt>
      <trkpt lat="44.102783" lon="-123.17807">
        <ele>110.3</ele>
        <time>2023-06-10T13:04:45Z</time>
      </trkpt>
      <trkpt lat="44.102753" lon="-123.178703">
        <ele>110.0</ele>
        <time>2023-06-10T13:04:52Z</time>
      </trkpt>
      <trkpt lat="44.102741" lon="-123.179581">
        <ele>110.0</ele>
        <time>2023-06-10T13:05:02Z</time>
      </trkpt>
      <trkpt lat="44.10276" lon="-123.185822">
        <ele>110.2</ele>
        <time>2023-06-10T13:06:17Z</time>
      </trkpt>
      <trkpt lat="44.102753" lon="-123.195343">
        <ele>108.3</ele>
        <time>2023-06-10T13:08:08Z</time>
      </trkpt>
      <trkpt lat="44.102768" lon="-123.200104">
        <ele>107.3</ele>
        <time>2023-06-10T13:09:04Z</time>
      </trkpt>
      <trkpt lat="44.102856" lon="-123.20517">
        <ele>107.6</ele>
        <time>2023-06-10T13:10:05Z</time>
      </trkpt>
      <trkpt lat="44.102939" lon="-123.208389">
        <ele>107.7</ele>
        <time>2023-06-10T13:10:46Z</time>
      </trkpt>
      <trkpt lat="44.102955" lon="-123.209938">
        <ele>107.6</ele>
        <time>2023-06-10T13:11:05Z</time>
      </trkpt>
      <trkpt lat="44.102982" lon="-123.210716">
        <ele>107.3</ele>
        <time>2023-06-10T13:11:14Z</time>
      </trkpt>
      <trkpt lat="44.10305" lon="-123.211487">
        <ele>106.7</ele>
        <time>2023-06-10T13:11:23Z</time>
      </trkpt>
      <trkpt lat="44.103271" lon="-123.212784">
        <ele>106.3</ele>
        <time>2023-06-10T13:11:39Z</time>
      </trkpt>
      <trkpt lat="44.10355" lon="-123.214165">
        <ele>106.2</ele>
        <time>2023-06-10T13:11:57Z</time>
      </trkpt>
      <trkpt lat="44.103947" lon="-123.216362">
        <ele>106.2</ele>
        <time>2023-06-10T13:12:25Z</time>
      </trkpt>
      <trkpt lat="44.104004" lon="-123.217216">
        <ele>106.0</ele>
        <time>2023-06-10T13:12:36Z</time>
      </trkpt>
      <trkpt lat="44.103989" lon="-123.2201">
        <ele>106.0</ele>
        <time>2023-06-10T13:13:11Z</time>
      </trkpt>
      <trkpt lat="44.104014" lon="-123.220764">
        <ele>105.7</ele>
        <time>2023-06-10T13:13:19Z</time>
      </trkpt>
      <trkpt lat="44.104115" lon="-123.221336">
        <ele>106.0</ele>
        <time>2023-06-10T13:13:26Z</time>
      </trkpt>
      <trkpt lat="44.104282" lon="-123.221886">
        <ele>106.0</ele>
        <time>2023-06-10T13:13:33Z</time>
      </trkpt>
      <trkpt lat="44.104553" lon="-123.222458">
        <ele>106.2</ele>
        <time>2023-06-10T13:13:41Z</time>
      </trkpt>
      <trkpt lat="44.104892" lon="-123.223038">
        <ele>106.0</ele>
        <time>2023-06-10T13:13:50Z</time>
      </trkpt>
      <trkpt lat="44.105141" lon="-123.223541">
        <ele>106.0</ele>
        <time>2023-06-10T13:13:58Z</time>
      </trkpt>
      <trkpt lat="44.105331" lon="-123.224091">
        <ele>106.2</ele>
        <time>2023-06-10T13:14:06Z</time>
      </trkpt>
      <trkpt lat="44.105843" lon="-123.226395">
        <ele>106.3</ele>
        <time>2023-06-10T13:14:35Z</time>
      </trkpt>
      <trkpt lat="44.10598" lon="-123.22718">
        <ele>106.3</ele>
        <time>2023-06-10T13:14:45Z</time>
      </trkpt>
      <trkpt lat="44.106068" lon="-123.227829">
        <ele>106.6</ele>
        <time>2023-06-10T13:14:54Z</time>
      </trkpt>
      <trkpt lat="44.106117" lon="-123.228775">
        <ele>107.6</ele>
        <time>2023-06-10T13:15:07Z</time>
      </trkpt>
      <trkpt lat="44.106125" lon="-123.22982">
        <ele>108.7</ele>
        <time>2023-06-10T13:15:21Z</time>
      </trkpt>
      <trkpt lat="44.106163" lon="-123.230919">
        <ele>109.0</ele>
        <time>2023-06-10T13:15:35Z</time>
      </trkpt>
      <trkpt lat="44.106419" lon="-123.236061">
        <ele>111.0</ele>
        <time>2023-06-10T13:16:40Z</time>
      </trkpt>
      <trkpt lat="44.106583" lon="-123.238853">
        <ele>110.3</ele>
        <time>2023-06-10T13:17:14Z</time>
      </trkpt>
      <trkpt lat="44.106628" lon="-123.240372">
        <ele>110.2</ele>
        <time>2023-06-10T13:17:32Z</time>
      </trkpt>
      <trkpt lat="44.10677" lon="-123.250923">
        <ele>108.6</ele>
        <time>2023-06-10T13:19:37Z</time>
      </trkpt>
      <trkpt lat="44.106754" lon="-123.261398">
        <ele>113.6</ele>
        <time>2023-06-10T13:21:51Z</time>
      </trkpt>
      <trkpt lat="44.106789" lon="-123.262405">
        <ele>114.0</ele>
        <time>2023-06-10T13:22:04Z</time>
      </trkpt>
      <trkpt lat="44.106907" lon="-123.263008">
        <ele>114.2</ele>
        <time>2023-06-10T13:22:13Z</time>
      </trkpt>
      <trkpt lat="44.107147" lon="-123.263626">
        <ele>114.2</ele>
        <time>2023-06-10T13:22:22Z</time>
      </trkpt>
      <trkpt lat="44.107445" lon="-123.264091">
        <ele>114.3</ele>
        <time>2023-06-10T13:22:30Z</time>
      </trkpt>
      <trkpt lat="44.107651" lon="-123.264336">
        <ele>114.6</ele>
        <time>2023-06-10T13:22:35Z</time>
      </trkpt>
      <trkpt lat="44.107784" lon="-123.26445">
        <ele>114.7</ele>
        <time>2023-06-10T13:22:38Z</time>
      </trkpt>
      <trkpt lat="44.108223" lon="-123.264732">
        <ele>115.0</ele>
        <time>2023-06-10T13:22:47Z</time>
      </trkpt>
      <trkpt lat="44.108543" lon="-123.264824">
        <ele>115.2</ele>
        <time>2023-06-10T13:22:53Z</time>
      </trkpt>
      <trkpt lat="44.108913" lon="-123.264847">
        <ele>115.3</ele>
        <time>2023-06-10T13:23:00Z</time>
      </trkpt>
      <trkpt lat="44.109589" lon="-123.264816">
        <ele>115.6</ele>
        <time>2023-06-10T13:23:12Z</time>
      </trkpt>
      <trkpt lat="44.111828" lon="-123.264816">
        <ele>116.3</ele>
        <time>2023-06-10T13:23:50Z</time>
      </trkpt>
      <trkpt lat="44.112232" lon="-123.264832">
        <ele>116.6</ele>
        <time>2023-06-10T13:23:57Z</time>
      </trkpt>
      <trkpt lat="44.112682" lon="-123.2649">
        <ele>116.7</ele>
        <time>2023-06-10T13:24:05Z</time>
      </trkpt>
      <trkpt lat="44.113091" lon="-123.265114">
        <ele>117.0</ele>
        <time>2023-06-10T13:24:13Z</time>
      </trkpt>
      <trkpt lat="44.113281" lon="-123.265266">
        <ele>117.2</ele>
        <time>2023-06-10T13:24:17Z</time>
      </trkpt>
      <trkpt lat="44.113419" lon="-123.265404">
        <ele>117.3</ele>
        <time>2023-06-10T13:24:20Z</time>
      </trkpt>
      <trkpt lat="44.11372" lon="-123.265884">
        <ele>117.6</ele>
        <time>2023-06-10T13:24:28Z</time>
      </trkpt>
      <trkpt lat="44.113869" lon="-123.266251">
        <ele>117.6</ele>
        <time>2023-06-10T13:24:33Z</time>
      </trkpt>
      <trkpt lat="44.114006" lon="-123.266838">
        <ele>117.3</ele>
        <time>2023-06-10T13:24:40Z</time>
      </trkpt>
      <trkpt lat="44.114037" lon="-123.267418">
        <ele>117.3</ele>
        <time>2023-06-10T13:24:46Z</time>
      </trkpt>
      <trkpt lat="44.114016" lon="-123.270042">
        <ele>114.0</ele>
        <time>2023-06-10T13:25:11Z</time>
      </trkpt>
      <trkpt lat="44.114047" lon="-123.273346">
        <ele>111.2</ele>
        <time>2023-06-10T13:25:42Z</time>
      </trkpt>
      <trkpt lat="44.114067" lon="-123.27356">
        <ele>111.2</ele>
        <time>2023-06-10T13:25:44Z</time>
      </trkpt>
      <trkpt lat="44.114193" lon="-123.274155">
        <ele>111.2</ele>
        <time>2023-06-10T13:25:50Z</time>
      </trkpt>
      <trkpt lat="44.114277" lon="-123.274422">
        <ele>111.2</ele>
        <time>2023-06-10T13:25:53Z</time>
      </trkpt>
      <trkpt lat="44.114388" lon="-123.274666">
        <ele>111.2</ele>
        <time>2023-06-10T13:25:56Z</time>
      </trkpt>
      <trkpt lat="44.115944" lon="-123.277954">
        <ele>112.6</ele>
        <time>2023-06-10T13:26:41Z</time>
      </trkpt>
      <trkpt lat="44.116107" lon="-123.278358">
        <ele>113.6</ele>
        <time>2023-06-10T13:26:47Z</time>
      </trkpt>
      <trkpt lat="44.116219" lon="-123.278725">
        <ele>113.7</ele>
        <time>2023-06-10T13:26:52Z</time>
      </trkpt>
      <trkpt lat="44.116383" lon="-123.279457">
        <ele>113.3</ele>
        <time>2023-06-10T13:27:01Z</time>
      </trkpt>
      <trkpt lat="44.116656" lon="-123.281448">
        <ele>108.7</ele>
        <time>2023-06-10T13:27:20Z</time>
      </trkpt>
      <trkpt lat="44.116753" lon="-123.28199">
        <ele>107.3</ele>
        <time>2023-06-10T13:27:25Z</time>
      </trkpt>
      <trkpt lat="44.117039" lon="-123.283897">
        <ele>103.7</ele>
        <time>2023-06-10T13:27:42Z</time>
      </trkpt>
      <trkpt lat="44.118065" lon="-123.289375">
        <ele>101.2</ele>
        <time>2023-06-10T13:28:42Z</time>
      </trkpt>
      <trkpt lat="44.118607" lon="-123.292366">
        <ele>101.3</ele>
        <time>2023-06-10T13:29:18Z</time>
      </trkpt>
      <trkpt lat="44.119373" lon="-123.296387">
        <ele>101.7</ele>
        <time>2023-06-10T13:30:08Z</time>
      </trkpt>
      <trkpt lat="44.119522" lon="-123.297104">
        <ele>102.0</ele>
        <time>2023-06-10T13:30:17Z</time>
      </trkpt>
      <trkpt lat="44.11977" lon="-123.297958">
        <ele>102.3</ele>
        <time>2023-06-10T13:30:28Z</time>
      </trkpt>
      <trkpt lat="44.120022" lon="-123.298615">
        <ele>102.3</ele>
        <time>2023-06-10T13:30:37Z</time>
      </trkpt>
      <trkpt lat="44.120647" lon="-123.300011">
        <ele>102.2</ele>
        <time>2023-06-10T13:30:57Z</time>
      </trkpt>
      <trkpt lat="44.120979" lon="-123.300858">
        <ele>102.7</ele>
        <time>2023-06-10T13:31:10Z</time>
      </trkpt>
      <trkpt lat="44.121159" lon="-123.301544">
        <ele>104.6</ele>
        <time>2023-06-10T13:31:22Z</time>
      </trkpt>
      <trkpt lat="44.121273" lon="-123.302284">
        <ele>107.3</ele>
        <time>2023-06-10T13:31:37Z</time>
      </trkpt>
      <trkpt lat="44.121315" lon="-123.302666">
        <ele>108.7</ele>
        <time>2023-06-10T13:31:45Z</time>
      </trkpt>
      <trkpt lat="44.12133" lon="-123.303177">
        <ele>111.0</ele>
        <time>2023-06-10T13:31:55Z</time>
      </trkpt>
      <trkpt lat="44.12138" lon="-123.303802">
        <ele>112.6</ele>
        <time>2023-06-10T13:32:07Z</time>
      </trkpt>
      <trkpt lat="44.121449" lon="-123.304344">
        <ele>113.7</ele>
        <time>2023-06-10T13:32:17Z</time>
      </trkpt>
      <trkpt lat="44.121498" lon="-123.304604">
        <ele>114.6</ele>
        <time>2023-06-10T13:32:22Z</time>
      </trkpt>
      <trkpt lat="44.121674" lon="-123.305145">
        <ele>116.6</ele>
        <time>2023-06-10T13:32:33Z</time>
      </trkpt>
      <trkpt lat="44.122395" lon="-123.3069">
        <ele>120.2</ele>
        <time>2023-06-10T13:33:08Z</time>
      </trkpt>
      <trkpt lat="44.123047" lon="-123.308624">
        <ele>121.6</ele>
        <time>2023-06-10T13:33:38Z</time>
      </trkpt>
      <trkpt lat="44.123379" lon="-123.309822">
        <ele>122.2</ele>
        <time>2023-06-10T13:33:57Z</time>
      </trkpt>
      <trkpt lat="44.123463" lon="-123.310249">
        <ele>122.0</ele>
        <time>2023-06-10T13:34:03Z</time>
      </trkpt>
      <trkpt lat="44.123604" lon="-123.311127">
        <ele>121.0</ele>
        <time>2023-06-10T13:34:14Z</time>
      </trkpt>
      <trkpt lat="44.12365" lon="-123.311691">
        <ele>120.3</ele>
        <time>2023-06-10T13:34:21Z</time>
      </trkpt>
      <trkpt lat="44.123684" lon="-123.312645">
        <ele>119.0</ele>
        <time>2023-06-10T13:34:33Z</time>
      </trkpt>
      <trkpt lat="44.12368" lon="-123.313965">
        <ele>117.7</ele>
        <time>2023-06-10T13:34:50Z</time>
      </trkpt>
      <trkpt lat="44.123638" lon="-123.316628">
        <ele>117.0</ele>
        <time>2023-06-10T13:35:22Z</time>
      </trkpt>
      <trkpt lat="44.123547" lon="-123.317299">
        <ele>117.0</ele>
        <time>2023-06-10T13:35:30Z</time>
      </trkpt>
      <trkpt lat="44.123337" lon="-123.317932">
        <ele>116.7</ele>
        <time>2023-06-10T13:35:38Z</time>
      </trkpt>
      <trkpt lat="44.123055" lon="-123.318428">
        <ele>116.0</ele>
        <time>2023-06-10T13:35:45Z</time>
      </trkpt>
      <trkpt lat="44.122967" lon="-123.318542">
        <ele>115.7</ele>
        <time>2023-06-10T13:35:47Z</time>
      </trkpt>
      <trkpt lat="44.121758" lon="-123.319969">
        <ele>113.6</ele>
        <time>2023-06-10T13:36:08Z</time>
      </trkpt>
      <trkpt lat="44.120903" lon="-123.321045">
        <ele>112.3</ele>
        <time>2023-06-10T13:36:24Z</time>
      </trkpt>
      <trkpt lat="44.118649" lon="-123.3237">
        <ele>115.2</ele>
        <time>2023-06-10T13:37:11Z</time>
      </trkpt>
      <trkpt lat="44.118286" lon="-123.324196">
        <ele>115.3</ele>
        <time>2023-06-10T13:37:20Z</time>
      </trkpt>
      <trkpt lat="44.118111" lon="-123.3246">
        <ele>116.0</ele>
        <time>2023-06-10T13:37:26Z</time>
      </trkpt>
      <trkpt lat="44.118" lon="-123.324951">
        <ele>116.3</ele>
        <time>2023-06-10T13:37:31Z</time>
      </trkpt>
      <trkpt lat="44.117954" lon="-123.325417">
        <ele>116.3</ele>
        <time>2023-06-10T13:37:37Z</time>
      </trkpt>
      <trkpt lat="44.118027" lon="-123.326164">
        <ele>116.2</ele>
        <time>2023-06-10T13:37:47Z</time>
      </trkpt>
      <trkpt lat="44.118008" lon="-123.326424">
        <ele>115.7</ele>
        <time>2023-06-10T13:37:51Z</time>
      </trkpt>
      <trkpt lat="44.118" lon="-123.327415">
        <ele>115.6</ele>
        <time>2023-06-10T13:38:05Z</time>
      </trkpt>
      <trkpt lat="44.118023" lon="-123.331039">
        <ele>116.7</ele>
        <time>2023-06-10T13:38:54Z</time>
      </trkpt>
      <trkpt lat="44.118015" lon="-123.335884">
        <ele>120.2</ele>
        <time>2023-06-10T13:40:02Z</time>
      </trkpt>
      <trkpt lat="44.118031" lon="-123.336693">
        <ele>120.6</ele>
        <time>2023-06-10T13:40:13Z</time>
      </trkpt>
      <trkpt lat="44.118008" lon="-123.338066">
        <ele>121.0</ele>
        <time>2023-06-10T13:40:30Z</time>
      </trkpt>
      <trkpt lat="44.118011" lon="-123.341599">
        <ele>124.6</ele>
        <time>2023-06-10T13:41:20Z</time>
      </trkpt>
      <trkpt lat="44.117996" lon="-123.342026">
        <ele>125.3</ele>
        <time>2023-06-10T13:41:28Z</time>
      </trkpt>
      <trkpt lat="44.118027" lon="-123.343323">
        <ele>130.0</ele>
        <time>2023-06-10T13:41:51Z</time>
      </trkpt>
      <trkpt lat="44.117992" lon="-123.344032">
        <ele>132.2</ele>
        <time>2023-06-10T13:42:04Z</time>
      </trkpt>
      <trkpt lat="44.118004" lon="-123.344398">
        <ele>132.6</ele>
        <time>2023-06-10T13:42:10Z</time>
      </trkpt>
      <trkpt lat="44.118042" lon="-123.344765">
        <ele>132.7</ele>
        <time>2023-06-10T13:42:16Z</time>
      </trkpt>
      <trkpt lat="44.118088" lon="-123.344933">
        <ele>132.7</ele>
        <time>2023-06-10T13:42:19Z</time>
      </trkpt>
      <trkpt lat="44.118275" lon="-123.345352">
        <ele>132.7</ele>
        <time>2023-06-10T13:42:26Z</time>
      </trkpt>
      <trkpt lat="44.118564" lon="-123.345711">
        <ele>132.3</ele>
        <time>2023-06-10T13:42:33Z</time>
      </trkpt>
      <trkpt lat="44.118927" lon="-123.346001">
        <ele>131.7</ele>
        <time>2023-06-10T13:42:41Z</time>
      </trkpt>
      <trkpt lat="44.120056" lon="-123.346733">
        <ele>134.0</ele>
        <time>2023-06-10T13:43:06Z</time>
      </trkpt>
      <trkpt lat="44.120216" lon="-123.346863">
        <ele>134.6</ele>
        <time>2023-06-10T13:43:10Z</time>
      </trkpt>
      <trkpt lat="44.120335" lon="-123.346931">
        <ele>135.2</ele>
        <time>2023-06-10T13:43:13Z</time>
      </trkpt>
      <trkpt lat="44.121193" lon="-123.347542">
        <ele>138.3</ele>
        <time>2023-06-10T13:43:36Z</time>
      </trkpt>
      <trkpt lat="44.121593" lon="-123.347771">
        <ele>139.3</ele>
        <time>2023-06-10T13:43:46Z</time>
      </trkpt>
      <trkpt lat="44.122284" lon="-123.348122">
        <ele>140.2</ele>
        <time>2023-06-10T13:44:02Z</time>
      </trkpt>
      <trkpt lat="44.12355" lon="-123.348808">
        <ele>142.3</ele>
        <time>2023-06-10T13:44:31Z</time>
      </trkpt>
      <trkpt lat="44.12389" lon="-123.348969">
        <ele>143.0</ele>
        <time>2023-06-10T13:44:39Z</time>
      </trkpt>
      <trkpt lat="44.124176" lon="-123.349045">
        <ele>143.3</ele>
        <time>2023-06-10T13:44:46Z</time>
      </trkpt>
      <trkpt lat="44.124458" lon="-123.349083">
        <ele>144.3</ele>
        <time>2023-06-10T13:44:53Z</time>
      </trkpt>
      <trkpt lat="44.124752" lon="-123.349091">
        <ele>145.3</ele>
        <time>2023-06-10T13:45:01Z</time>
      </trkpt>
      <trkpt lat="44.12516" lon="-123.349068">
        <ele>147.6</ele>
        <time>2023-06-10T13:45:12Z</time>
      </trkpt>
      <trkpt lat="44.125594" lon="-123.348991">
        <ele>149.7</ele>
        <time>2023-06-10T13:45:24Z</time>
      </trkpt>
      <trkpt lat="44.126526" lon="-123.348915">
        <ele>153.3</ele>
        <time>2023-06-10T13:45:50Z</time>
      </trkpt>
      <trkpt lat="44.126762" lon="-123.348869">
        <ele>154.2</ele>
        <time>2023-06-10T13:45:57Z</time>
      </trkpt>
      <trkpt lat="44.127163" lon="-123.348816">
        <ele>156.2</ele>
        <time>2023-06-10T13:46:10Z</time>
      </trkpt>
      <trkpt lat="44.12719" lon="-123.348824">
        <ele>156.3</ele>
        <time>2023-06-10T13:46:11Z</time>
      </trkpt>
      <trkpt lat="44.127682" lon="-123.348724">
        <ele>158.3</ele>
        <time>2023-06-10T13:46:24Z</time>
      </trkpt>
      <trkpt lat="44.12825" lon="-123.348511">
        <ele>160.3</ele>
        <time>2023-06-10T13:46:41Z</time>
      </trkpt>
      <trkpt lat="44.128441" lon="-123.348381">
        <ele>161.3</ele>
        <time>2023-06-10T13:46:48Z</time>
      </trkpt>
      <trkpt lat="44.128906" lon="-123.348145">
        <ele>163.3</ele>
        <time>2023-06-10T13:47:03Z</time>
      </trkpt>
      <trkpt lat="44.129486" lon="-123.347816">
        <ele>166.3</ele>
        <time>2023-06-10T13:47:21Z</time>
      </trkpt>
      <trkpt lat="44.129742" lon="-123.34771">
        <ele>167.2</ele>
        <time>2023-06-10T13:47:29Z</time>
      </trkpt>
      <trkpt lat="44.130173" lon="-123.347565">
        <ele>168.7</ele>
        <time>2023-06-10T13:47:42Z</time>
      </trkpt>
      <trkpt lat="44.13052" lon="-123.347496">
        <ele>170.0</ele>
        <time>2023-06-10T13:47:52Z</time>
      </trkpt>
      <trkpt lat="44.131073" lon="-123.347481">
        <ele>172.3</ele>
        <time>2023-06-10T13:48:08Z</time>
      </trkpt>
      <trkpt lat="44.131485" lon="-123.347534">
        <ele>176.0</ele>
        <time>2023-06-10T13:48:23Z</time>
      </trkpt>
      <trkpt lat="44.131798" lon="-123.347595">
        <ele>177.7</ele>
        <time>2023-06-10T13:48:34Z</time>
      </trkpt>
      <trkpt lat="44.132278" lon="-123.347786">
        <ele>182.0</ele>
        <time>2023-06-10T13:48:52Z</time>
      </trkpt>
      <trkpt lat="44.132473" lon="-123.347885">
        <ele>184.0</ele>
        <time>2023-06-10T13:49:01Z</time>
      </trkpt>
      <trkpt lat="44.132607" lon="-123.347992">
        <ele>185.0</ele>
        <time>2023-06-10T13:49:06Z</time>
      </trkpt>
      <trkpt lat="44.132869" lon="-123.348137">
        <ele>186.3</ele>
        <time>2023-06-10T13:49:16Z</time>
      </trkpt>
      <trkpt lat="44.133064" lon="-123.348297">
        <ele>187.6</ele>
        <time>2023-06-10T13:49:24Z</time>
      </trkpt>
      <trkpt lat="44.133186" lon="-123.348366">
        <ele>188.7</ele>
        <time>2023-06-10T13:49:29Z</time>
      </trkpt>
      <trkpt lat="44.133709" lon="-123.348869">
        <ele>192.7</ele>
        <time>2023-06-10T13:49:51Z</time>
      </trkpt>
      <trkpt lat="44.133919" lon="-123.349136">
        <ele>194.6</ele>
        <time>2023-06-10T13:50:01Z</time>
      </trkpt>
      <trkpt lat="44.134265" lon="-123.349625">
        <ele>197.3</ele>
        <time>2023-06-10T13:50:19Z</time>
      </trkpt>
      <trkpt lat="44.134476" lon="-123.350037">
        <ele>199.3</ele>
        <time>2023-06-10T13:50:32Z</time>
      </trkpt>
      <trkpt lat="44.134819" lon="-123.350609">
        <ele>202.7</ele>
        <time>2023-06-10T13:50:52Z</time>
      </trkpt>
      <trkpt lat="44.135063" lon="-123.351051">
        <ele>205.0</ele>
        <time>2023-06-10T13:51:06Z</time>
      </trkpt>
      <trkpt lat="44.135292" lon="-123.351608">
        <ele>207.0</ele>
        <time>2023-06-10T13:51:22Z</time>
      </trkpt>
      <trkpt lat="44.135445" lon="-123.351913">
        <ele>208.0</ele>
        <time>2023-06-10T13:51:31Z</time>
      </trkpt>
      <trkpt lat="44.135723" lon="-123.352386">
        <ele>210.3</ele>
        <time>2023-06-10T13:51:46Z</time>
      </trkpt>
      <trkpt lat="44.136055" lon="-123.352997">
        <ele>212.3</ele>
        <time>2023-06-10T13:52:04Z</time>
      </trkpt>
      <trkpt lat="44.136181" lon="-123.353249">
        <ele>213.6</ele>
        <time>2023-06-10T13:52:10Z</time>
      </trkpt>
      <trkpt lat="44.136379" lon="-123.353729">
        <ele>215.7</ele>
        <time>2023-06-10T13:52:24Z</time>
      </trkpt>
      <trkpt lat="44.136691" lon="-123.35434">
        <ele>220.0</ele>
        <time>2023-06-10T13:52:43Z</time>
      </trkpt>
      <trkpt lat="44.136837" lon="-123.3545">
        <ele>221.0</ele>
        <time>2023-06-10T13:52:52Z</time>
      </trkpt>
      <trkpt lat="44.136875" lon="-123.354607">
        <ele>221.2</ele>
        <time>2023-06-10T13:55:51Z</time>
      </trkpt>
      <trkpt lat="44.136883" lon="-123.354721">
        <ele>221.2</ele>
        <time>2023-06-10T13:55:55Z</time>
      </trkpt>
      <trkpt lat="44.137302" lon="-123.355621">
        <ele>221.0</ele>
        <time>2023-06-10T13:56:14Z</time>
      </trkpt>
      <trkpt lat="44.137428" lon="-123.356018">
        <ele>220.6</ele>
        <time>2023-06-10T13:56:19Z</time>
      </trkpt>
      <trkpt lat="44.137516" lon="-123.356544">
        <ele>219.4</ele>
        <time>2023-06-10T13:56:24Z</time>
      </trkpt>
      <trkpt lat="44.137524" lon="-123.356667">
        <ele>219.0</ele>
        <time>2023-06-10T13:56:25Z</time>
      </trkpt>
      <trkpt lat="44.137482" lon="-123.357224">
        <ele>217.2</ele>
        <time>2023-06-10T13:56:29Z</time>
      </trkpt>
      <trkpt lat="44.137379" lon="-123.357674">
        <ele>216.2</ele>
        <time>2023-06-10T13:56:32Z</time>
      </trkpt>
      <trkpt lat="44.137245" lon="-123.358139">
        <ele>213.3</ele>
        <time>2023-06-10T13:56:35Z</time>
      </trkpt>
      <trkpt lat="44.137188" lon="-123.358467">
        <ele>211.3</ele>
        <time>2023-06-10T13:56:37Z</time>
      </trkpt>
      <trkpt lat="44.137184" lon="-123.358795">
        <ele>209.2</ele>
        <time>2023-06-10T13:56:39Z</time>
      </trkpt>
      <trkpt lat="44.137241" lon="-123.359116">
        <ele>207.0</ele>
        <time>2023-06-10T13:56:41Z</time>
      </trkpt>
      <trkpt lat="44.137355" lon="-123.359421">
        <ele>204.7</ele>
        <time>2023-06-10T13:56:43Z</time>
      </trkpt>
      <trkpt lat="44.137497" lon="-123.35968">
        <ele>202.6</ele>
        <time>2023-06-10T13:56:45Z</time>
      </trkpt>
      <trkpt lat="44.138191" lon="-123.360611">
        <ele>198.6</ele>
        <time>2023-06-10T13:56:54Z</time>
      </trkpt>
      <trkpt lat="44.138485" lon="-123.361031">
        <ele>197.6</ele>
        <time>2023-06-10T13:56:58Z</time>
      </trkpt>
      <trkpt lat="44.138858" lon="-123.361694">
        <ele>196.0</ele>
        <time>2023-06-10T13:57:04Z</time>
      </trkpt>
      <trkpt lat="44.139069" lon="-123.362282">
        <ele>193.7</ele>
        <time>2023-06-10T13:57:09Z</time>
      </trkpt>
      <trkpt lat="44.139465" lon="-123.364052">
        <ele>189.2</ele>
        <time>2023-06-10T13:57:24Z</time>
      </trkpt>
      <trkpt lat="44.139694" lon="-123.364845">
        <ele>189.0</ele>
        <time>2023-06-10T13:57:31Z</time>
      </trkpt>
      <trkpt lat="44.13982" lon="-123.36515">
        <ele>188.2</ele>
        <time>2023-06-10T13:57:34Z</time>
      </trkpt>
      <trkpt lat="44.140026" lon="-123.365524">
        <ele>187.0</ele>
        <time>2023-06-10T13:57:38Z</time>
      </trkpt>
      <trkpt lat="44.140327" lon="-123.365929">
        <ele>185.7</ele>
        <time>2023-06-10T13:57:43Z</time>
      </trkpt>
      <trkpt lat="44.141838" lon="-123.367493">
        <ele>181.3</ele>
        <time>2023-06-10T13:58:07Z</time>
      </trkpt>
      <trkpt lat="44.142361" lon="-123.368065">
        <ele>182.2</ele>
        <time>2023-06-10T13:58:19Z</time>
      </trkpt>
      <trkpt lat="44.142615" lon="-123.368309">
        <ele>182.6</ele>
        <time>2023-06-10T13:58:25Z</time>
      </trkpt>
      <trkpt lat="44.142914" lon="-123.36866">
        <ele>183.0</ele>
        <time>2023-06-10T13:58:32Z</time>
      </trkpt>
      <trkpt lat="44.143105" lon="-123.369003">
        <ele>183.0</ele>
        <time>2023-06-10T13:58:37Z</time>
      </trkpt>
      <trkpt lat="44.143284" lon="-123.369484">
        <ele>182.3</ele>
        <time>2023-06-10T13:58:42Z</time>
      </trkpt>
      <trkpt lat="44.143459" lon="-123.370316">
        <ele>179.7</ele>
        <time>2023-06-10T13:58:50Z</time>
      </trkpt>
      <trkpt lat="44.143555" lon="-123.37059">
        <ele>178.2</ele>
        <time>2023-06-10T13:58:53Z</time>
      </trkpt>
      <trkpt lat="44.143688" lon="-123.37085">
        <ele>177.3</ele>
        <time>2023-06-10T13:58:56Z</time>
      </trkpt>
      <trkpt lat="44.143742" lon="-123.370926">
        <ele>177.3</ele>
        <time>2023-06-10T13:58:57Z</time>
      </trkpt>
      <trkpt lat="44.144032" lon="-123.371231">
        <ele>176.6</ele>
        <time>2023-06-10T13:59:02Z</time>
      </trkpt>
      <trkpt lat="44.144154" lon="-123.371292">
        <ele>176.2</ele>
        <time>2023-06-10T13:59:04Z</time>
      </trkpt>
      <trkpt lat="44.144352" lon="-123.371346">
        <ele>176.0</ele>
        <time>2023-06-10T13:59:07Z</time>
      </trkpt>
      <trkpt lat="44.145901" lon="-123.371346">
        <ele>174.7</ele>
        <time>2023-06-10T13:59:29Z</time>
      </trkpt>
      <trkpt lat="44.1464" lon="-123.371315">
        <ele>174.7</ele>
        <time>2023-06-10T13:59:37Z</time>
      </trkpt>
      <trkpt lat="44.146996" lon="-123.3713">
        <ele>178.7</ele>
        <time>2023-06-10T13:59:55Z</time>
      </trkpt>
      <trkpt lat="44.147186" lon="-123.371307">
        <ele>181.2</ele>
        <time>2023-06-10T14:00:02Z</time>
      </trkpt>
      <trkpt lat="44.14756" lon="-123.371353">
        <ele>185.0</ele>
        <time>2023-06-10T14:00:16Z</time>
      </trkpt>
      <trkpt lat="44.147667" lon="-123.371338">
        <ele>185.6</ele>
        <time>2023-06-10T14:00:21Z</time>
      </trkpt>
      <trkpt lat="44.147911" lon="-123.371353">
        <ele>187.0</ele>
        <time>2023-06-10T14:00:28Z</time>
      </trkpt>
      <trkpt lat="44.148159" lon="-123.37133">
        <ele>188.0</ele>
        <time>2023-06-10T14:00:36Z</time>
      </trkpt>
      <trkpt lat="44.14846" lon="-123.371361">
        <ele>188.6</ele>
        <time>2023-06-10T14:00:45Z</time>
      </trkpt>
      <trkpt lat="44.148968" lon="-123.371368">
        <ele>188.3</ele>
        <time>2023-06-10T14:00:58Z</time>
      </trkpt>
      <trkpt lat="44.149223" lon="-123.371338">
        <ele>187.7</ele>
        <time>2023-06-10T14:01:06Z</time>
      </trkpt>
      <trkpt lat="44.149265" lon="-123.371376">
        <ele>187.2</ele>
        <time>2023-06-10T14:01:47Z</time>
      </trkpt>
      <trkpt lat="44.149281" lon="-123.371422">
        <ele>187.2</ele>
        <time>2023-06-10T14:01:48Z</time>
      </trkpt>
      <trkpt lat="44.149254" lon="-123.371651">
        <ele>187.2</ele>
        <time>2023-06-10T14:01:53Z</time>
      </trkpt>
      <trkpt lat="44.148907" lon="-123.372635">
        <ele>189.7</ele>
        <time>2023-06-10T14:02:14Z</time>
      </trkpt>
      <trkpt lat="44.148773" lon="-123.372955">
        <ele>190.2</ele>
        <time>2023-06-10T14:02:20Z</time>
      </trkpt>
      <trkpt lat="44.14817" lon="-123.374702">
        <ele>191.7</ele>
        <time>2023-06-10T14:02:46Z</time>
      </trkpt>
      <trkpt lat="44.148003" lon="-123.375488">
        <ele>191.6</ele>
        <time>2023-06-10T14:02:55Z</time>
      </trkpt>
      <trkpt lat="44.148006" lon="-123.375923">
        <ele>191.0</ele>
        <time>2023-06-10T14:02:59Z</time>
      </trkpt>
      <trkpt lat="44.148029" lon="-123.376152">
        <ele>190.3</ele>
        <time>2023-06-10T14:03:01Z</time>
      </trkpt>
      <trkpt lat="44.148109" lon="-123.376488">
        <ele>189.6</ele>
        <time>2023-06-10T14:03:04Z</time>
      </trkpt>
      <trkpt lat="44.148148" lon="-123.37674">
        <ele>189.0</ele>
        <time>2023-06-10T14:03:06Z</time>
      </trkpt>
      <trkpt lat="44.148186" lon="-123.37722">
        <ele>186.6</ele>
        <time>2023-06-10T14:03:10Z</time>
      </trkpt>
      <trkpt lat="44.148186" lon="-123.377655">
        <ele>185.6</ele>
        <time>2023-06-10T14:03:13Z</time>
      </trkpt>
      <trkpt lat="44.148131" lon="-123.378044">
        <ele>184.3</ele>
        <time>2023-06-10T14:03:16Z</time>
      </trkpt>
      <trkpt lat="44.148094" lon="-123.378204">
        <ele>184.3</ele>
        <time>2023-06-10T14:03:17Z</time>
      </trkpt>
      <trkpt lat="44.147865" lon="-123.378899">
        <ele>181.7</ele>
        <time>2023-06-10T14:03:22Z</time>
      </trkpt>
      <trkpt lat="44.147156" lon="-123.380882">
        <ele>173.6</ele>
        <time>2023-06-10T14:03:37Z</time>
      </trkpt>
      <trkpt lat="44.146908" lon="-123.381638">
        <ele>173.2</ele>
        <time>2023-06-10T14:03:43Z</time>
      </trkpt>
      <trkpt lat="44.146854" lon="-123.381874">
        <ele>172.7</ele>
        <time>2023-06-10T14:03:45Z</time>
      </trkpt>
      <trkpt lat="44.146816" lon="-123.382233">
        <ele>172.3</ele>
        <time>2023-06-10T14:03:48Z</time>
      </trkpt>
      <trkpt lat="44.14679" lon="-123.383011">
        <ele>172.2</ele>
        <time>2023-06-10T14:03:55Z</time>
      </trkpt>
      <trkpt lat="44.146782" lon="-123.38475">
        <ele>173.2</ele>
        <time>2023-06-10T14:04:11Z</time>
      </trkpt>
      <trkpt lat="44.146824" lon="-123.390648">
        <ele>175.7</ele>
        <time>2023-06-10T14:05:13Z</time>
      </trkpt>
      <trkpt lat="44.146782" lon="-123.391151">
        <ele>177.0</ele>
        <time>2023-06-10T14:05:21Z</time>
      </trkpt>
      <trkpt lat="44.146732" lon="-123.391373">
        <ele>178.0</ele>
        <time>2023-06-10T14:05:25Z</time>
      </trkpt>
      <trkpt lat="44.146633" lon="-123.391678">
        <ele>179.3</ele>
        <time>2023-06-10T14:05:31Z</time>
      </trkpt>
      <trkpt lat="44.146488" lon="-123.391983">
        <ele>180.2</ele>
        <time>2023-06-10T14:05:37Z</time>
      </trkpt>
      <trkpt lat="44.146019" lon="-123.392647">
        <ele>182.7</ele>
        <time>2023-06-10T14:05:52Z</time>
      </trkpt>
      <trkpt lat="44.145812" lon="-123.392906">
        <ele>184.0</ele>
        <time>2023-06-10T14:05:58Z</time>
      </trkpt>
      <trkpt lat="44.14534" lon="-123.393593">
        <ele>185.2</ele>
        <time>2023-06-10T14:06:11Z</time>
      </trkpt>
      <trkpt lat="44.143757" lon="-123.396034">
        <ele>182.7</ele>
        <time>2023-06-10T14:06:48Z</time>
      </trkpt>
      <trkpt lat="44.142666" lon="-123.397537">
        <ele>179.7</ele>
        <time>2023-06-10T14:07:08Z</time>
      </trkpt>
      <trkpt lat="44.14228" lon="-123.398026">
        <ele>177.6</ele>
        <time>2023-06-10T14:07:14Z</time>
      </trkpt>
      <trkpt lat="44.141228" lon="-123.399429">
        <ele>172.7</ele>
        <time>2023-06-10T14:07:29Z</time>
      </trkpt>
      <trkpt lat="44.140968" lon="-123.399788">
        <ele>171.7</ele>
        <time>2023-06-10T14:07:33Z</time>
      </trkpt>
      <trkpt lat="44.140586" lon="-123.40036">
        <ele>171.0</ele>
        <time>2023-06-10T14:07:39Z</time>
      </trkpt>
      <trkpt lat="44.140217" lon="-123.400993">
        <ele>169.6</ele>
        <time>2023-06-10T14:07:45Z</time>
      </trkpt>
      <trkpt lat="44.139305" lon="-123.402435">
        <ele>168.2</ele>
        <time>2023-06-10T14:08:01Z</time>
      </trkpt>
      <trkpt lat="44.137814" lon="-123.404861">
        <ele>167.2</ele>
        <time>2023-06-10T14:08:32Z</time>
      </trkpt>
      <trkpt lat="44.137058" lon="-123.406059">
        <ele>167.3</ele>
        <time>2023-06-10T14:08:49Z</time>
      </trkpt>
      <trkpt lat="44.136837" lon="-123.40654">
        <ele>167.3</ele>
        <time>2023-06-10T14:08:55Z</time>
      </trkpt>
      <trkpt lat="44.136665" lon="-123.407112">
        <ele>167.2</ele>
        <time>2023-06-10T14:09:01Z</time>
      </trkpt>
      <trkpt lat="44.136584" lon="-123.407516">
        <ele>166.7</ele>
        <time>2023-06-10T14:09:05Z</time>
      </trkpt>
      <trkpt lat="44.136551" lon="-123.407784">
        <ele>166.0</ele>
        <time>2023-06-10T14:09:08Z</time>
      </trkpt>
      <trkpt lat="44.136501" lon="-123.408539">
        <ele>165.3</ele>
        <time>2023-06-10T14:09:16Z</time>
      </trkpt>
      <trkpt lat="44.136425" lon="-123.410194">
        <ele>164.7</ele>
        <time>2023-06-10T14:09:33Z</time>
      </trkpt>
      <trkpt lat="44.136356" lon="-123.411095">
        <ele>164.2</ele>
        <time>2023-06-10T14:09:42Z</time>
      </trkpt>
      <trkpt lat="44.13633" lon="-123.411766">
        <ele>164.2</ele>
        <time>2023-06-10T14:09:49Z</time>
      </trkpt>
      <trkpt lat="44.136375" lon="-123.412369">
        <ele>164.6</ele>
        <time>2023-06-10T14:09:56Z</time>
      </trkpt>
      <trkpt lat="44.136578" lon="-123.413025">
        <ele>164.7</ele>
        <time>2023-06-10T14:10:04Z</time>
      </trkpt>
      <trkpt lat="44.137562" lon="-123.415665">
        <ele>165.3</ele>
        <time>2023-06-10T14:10:40Z</time>
      </trkpt>
      <trkpt lat="44.138031" lon="-123.416801">
        <ele>165.2</ele>
        <time>2023-06-10T14:10:56Z</time>
      </trkpt>
      <trkpt lat="44.138737" lon="-123.41877">
        <ele>163.2</ele>
        <time>2023-06-10T14:11:18Z</time>
      </trkpt>
      <trkpt lat="44.139305" lon="-123.42025">
        <ele>160.2</ele>
        <time>2023-06-10T14:11:34Z</time>
      </trkpt>
      <trkpt lat="44.139778" lon="-123.421387">
        <ele>161.3</ele>
        <time>2023-06-10T14:11:50Z</time>
      </trkpt>
      <trkpt lat="44.140171" lon="-123.422104">
        <ele>162.6</ele>
        <time>2023-06-10T14:12:02Z</time>
      </trkpt>
      <trkpt lat="44.14233" lon="-123.425201">
        <ele>163.7</ele>
        <time>2023-06-10T14:12:58Z</time>
      </trkpt>
      <trkpt lat="44.1427" lon="-123.425697">
        <ele>163.3</ele>
        <time>2023-06-10T14:13:07Z</time>
      </trkpt>
      <trkpt lat="44.143261" lon="-123.426353">
        <ele>164.0</ele>
        <time>2023-06-10T14:13:19Z</time>
      </trkpt>
      <trkpt lat="44.143645" lon="-123.426697">
        <ele>163.3</ele>
        <time>2023-06-10T14:13:26Z</time>
      </trkpt>
      <trkpt lat="44.144173" lon="-123.42704">
        <ele>163.0</ele>
        <time>2023-06-10T14:13:35Z</time>
      </trkpt>
      <trkpt lat="44.144482" lon="-123.427185">
        <ele>162.7</ele>
        <time>2023-06-10T14:13:40Z</time>
      </trkpt>
      <trkpt lat="44.145142" lon="-123.427353">
        <ele>162.7</ele>
        <time>2023-06-10T14:13:51Z</time>
      </trkpt>
      <trkpt lat="44.145741" lon="-123.427361">
        <ele>163.2</ele>
        <time>2023-06-10T14:14:01Z</time>
      </trkpt>
      <trkpt lat="44.146217" lon="-123.427292">
        <ele>163.6</ele>
        <time>2023-06-10T14:14:10Z</time>
      </trkpt>
      <trkpt lat="44.14843" lon="-123.426781">
        <ele>162.3</ele>
        <time>2023-06-10T14:14:46Z</time>
      </trkpt>
      <trkpt lat="44.148979" lon="-123.426682">
        <ele>159.6</ele>
        <time>2023-06-10T14:14:53Z</time>
      </trkpt>
      <trkpt lat="44.149128" lon="-123.426666">
        <ele>159.0</ele>
        <time>2023-06-10T14:14:55Z</time>
      </trkpt>
      <trkpt lat="44.149414" lon="-123.426689">
        <ele>159.0</ele>
        <time>2023-06-10T14:14:59Z</time>
      </trkpt>
      <trkpt lat="44.150032" lon="-123.426834">
        <ele>159.7</ele>
        <time>2023-06-10T14:15:10Z</time>
      </trkpt>
      <trkpt lat="44.150222" lon="-123.426811">
        <ele>160.3</ele>
        <time>2023-06-10T14:15:14Z</time>
      </trkpt>
      <trkpt lat="44.15036" lon="-123.426765">
        <ele>161.0</ele>
        <time>2023-06-10T14:15:17Z</time>
      </trkpt>
      <trkpt lat="44.150494" lon="-123.426689">
        <ele>161.3</ele>
        <time>2023-06-10T14:15:20Z</time>
      </trkpt>
      <trkpt lat="44.1511" lon="-123.426147">
        <ele>162.2</ele>
        <time>2023-06-10T14:15:33Z</time>
      </trkpt>
      <trkpt lat="44.15147" lon="-123.425842">
        <ele>161.3</ele>
        <time>2023-06-10T14:15:40Z</time>
      </trkpt>
      <trkpt lat="44.152039" lon="-123.425316">
        <ele>161.2</ele>
        <time>2023-06-10T14:15:51Z</time>
      </trkpt>
      <trkpt lat="44.152287" lon="-123.425156">
        <ele>161.3</ele>
        <time>2023-06-10T14:15:56Z</time>
      </trkpt>
      <trkpt lat="44.152392" lon="-123.42511">
        <ele>161.6</ele>
        <time>2023-06-10T14:15:58Z</time>
      </trkpt>
      <trkpt lat="44.152775" lon="-123.425003">
        <ele>162.0</ele>
        <time>2023-06-10T14:16:05Z</time>
      </trkpt>
      <trkpt lat="44.153061" lon="-123.425003">
        <ele>162.2</ele>
        <time>2023-06-10T14:16:10Z</time>
      </trkpt>
      <trkpt lat="44.153549" lon="-123.424957">
        <ele>162.2</ele>
        <time>2023-06-10T14:16:19Z</time>
      </trkpt>
      <trkpt lat="44.153885" lon="-123.424835">
        <ele>162.3</ele>
        <time>2023-06-10T14:16:26Z</time>
      </trkpt>
      <trkpt lat="44.154232" lon="-123.424629">
        <ele>162.6</ele>
        <time>2023-06-10T14:16:33Z</time>
      </trkpt>
      <trkpt lat="44.154308" lon="-123.424568">
        <ele>162.7</ele>
        <time>2023-06-10T14:16:35Z</time>
      </trkpt>
      <trkpt lat="44.154781" lon="-123.423897">
        <ele>162.7</ele>
        <time>2023-06-10T14:16:47Z</time>
      </trkpt>
      <trkpt lat="44.155037" lon="-123.423363">
        <ele>162.7</ele>
        <time>2023-06-10T14:16:56Z</time>
      </trkpt>
      <trkpt lat="44.155293" lon="-123.422943">
        <ele>163.3</ele>
        <time>2023-06-10T14:17:04Z</time>
      </trkpt>
      <trkpt lat="44.155479" lon="-123.422783">
        <ele>163.6</ele>
        <time>2023-06-10T14:17:08Z</time>
      </trkpt>
      <trkpt lat="44.155586" lon="-123.422722">
        <ele>163.6</ele>
        <time>2023-06-10T14:17:10Z</time>
      </trkpt>
      <trkpt lat="44.155769" lon="-123.422661">
        <ele>163.6</ele>
        <time>2023-06-10T14:17:13Z</time>
      </trkpt>
      <trkpt lat="44.155814" lon="-123.422653">
        <ele>163.6</ele>
        <time>2023-06-10T14:17:14Z</time>
      </trkpt>
      <trkpt lat="44.155952" lon="-123.422684">
        <ele>163.6</ele>
        <time>2023-06-10T14:17:16Z</time>
      </trkpt>
      <trkpt lat="44.156322" lon="-123.422859">
        <ele>163.3</ele>
        <time>2023-06-10T14:17:22Z</time>
      </trkpt>
      <trkpt lat="44.157005" lon="-123.423225">
        <ele>163.2</ele>
        <time>2023-06-10T14:17:34Z</time>
      </trkpt>
      <trkpt lat="44.158276" lon="-123.424232">
        <ele>163.7</ele>
        <time>2023-06-10T14:17:58Z</time>
      </trkpt>
      <trkpt lat="44.15844" lon="-123.424339">
        <ele>163.7</ele>
        <time>2023-06-10T14:18:01Z</time>
      </trkpt>
      <trkpt lat="44.158737" lon="-123.424568">
        <ele>163.6</ele>
        <time>2023-06-10T14:18:07Z</time>
      </trkpt>
      <trkpt lat="44.159145" lon="-123.424828">
        <ele>163.6</ele>
        <time>2023-06-10T14:18:15Z</time>
      </trkpt>
      <trkpt lat="44.159595" lon="-123.425232">
        <ele>163.3</ele>
        <time>2023-06-10T14:18:24Z</time>
      </trkpt>
      <trkpt lat="44.159966" lon="-123.425743">
        <ele>163.2</ele>
        <time>2023-06-10T14:18:33Z</time>
      </trkpt>
      <trkpt lat="44.160587" lon="-123.426781">
        <ele>162.7</ele>
        <time>2023-06-10T14:18:50Z</time>
      </trkpt>
      <trkpt lat="44.160961" lon="-123.427467">
        <ele>162.7</ele>
        <time>2023-06-10T14:19:01Z</time>
      </trkpt>
      <trkpt lat="44.161304" lon="-123.428009">
        <ele>162.7</ele>
        <time>2023-06-10T14:19:11Z</time>
      </trkpt>
      <trkpt lat="44.161442" lon="-123.428276">
        <ele>163.0</ele>
        <time>2023-06-10T14:19:16Z</time>
      </trkpt>
      <trkpt lat="44.16172" lon="-123.428902">
        <ele>164.0</ele>
        <time>2023-06-10T14:19:27Z</time>
      </trkpt>
      <trkpt lat="44.162166" lon="-123.430038">
        <ele>165.7</ele>
        <time>2023-06-10T14:19:45Z</time>
      </trkpt>
      <trkpt lat="44.162407" lon="-123.43071">
        <ele>166.2</ele>
        <time>2023-06-10T14:19:56Z</time>
      </trkpt>
      <trkpt lat="44.162895" lon="-123.4319">
        <ele>166.6</ele>
        <time>2023-06-10T14:20:13Z</time>
      </trkpt>
      <trkpt lat="44.163531" lon="-123.433533">
        <ele>168.0</ele>
        <time>2023-06-10T14:20:36Z</time>
      </trkpt>
      <trkpt lat="44.163826" lon="-123.434196">
        <ele>167.6</ele>
        <time>2023-06-10T14:20:45Z</time>
      </trkpt>
      <trkpt lat="44.1646" lon="-123.436142">
        <ele>167.7</ele>
        <time>2023-06-10T14:21:12Z</time>
      </trkpt>
      <trkpt lat="44.165337" lon="-123.438065">
        <ele>168.7</ele>
        <time>2023-06-10T14:21:39Z</time>
      </trkpt>
      <trkpt lat="44.16552" lon="-123.438484">
        <ele>169.0</ele>
        <time>2023-06-10T14:21:45Z</time>
      </trkpt>
      <trkpt lat="44.165829" lon="-123.439026">
        <ele>169.6</ele>
        <time>2023-06-10T14:21:53Z</time>
      </trkpt>
      <trkpt lat="44.166176" lon="-123.4394">
        <ele>170.2</ele>
        <time>2023-06-10T14:22:01Z</time>
      </trkpt>
      <trkpt lat="44.166405" lon="-123.439583">
        <ele>170.6</ele>
        <time>2023-06-10T14:22:06Z</time>
      </trkpt>
      <trkpt lat="44.16716" lon="-123.440086">
        <ele>171.3</ele>
        <time>2023-06-10T14:22:21Z</time>
      </trkpt>
      <trkpt lat="44.16809" lon="-123.440742">
        <ele>170.3</ele>
        <time>2023-06-10T14:22:38Z</time>
      </trkpt>
      <trkpt lat="44.169075" lon="-123.441406">
        <ele>171.7</ele>
        <time>2023-06-10T14:23:00Z</time>
      </trkpt>
      <trkpt lat="44.169647" lon="-123.441818">
        <ele>172.7</ele>
        <time>2023-06-10T14:23:12Z</time>
      </trkpt>
      <trkpt lat="44.169868" lon="-123.442001">
        <ele>173.2</ele>
        <time>2023-06-10T14:23:17Z</time>
      </trkpt>
      <trkpt lat="44.17112" lon="-123.442894">
        <ele>172.3</ele>
        <time>2023-06-10T14:23:42Z</time>
      </trkpt>
      <trkpt lat="44.171223" lon="-123.442947">
        <ele>172.6</ele>
        <time>2023-06-10T14:23:45Z</time>
      </trkpt>
      <trkpt lat="44.171524" lon="-123.443161">
        <ele>173.7</ele>
        <time>2023-06-10T14:23:54Z</time>
      </trkpt>
      <trkpt lat="44.171741" lon="-123.443291">
        <ele>174.6</ele>
        <time>2023-06-10T14:24:00Z</time>
      </trkpt>
      <trkpt lat="44.17189" lon="-123.443413">
        <ele>175.2</ele>
        <time>2023-06-10T14:24:04Z</time>
      </trkpt>
      <trkpt lat="44.172165" lon="-123.443565">
        <ele>175.7</ele>
        <time>2023-06-10T14:24:11Z</time>
      </trkpt>
      <trkpt lat="44.172485" lon="-123.44384">
        <ele>176.2</ele>
        <time>2023-06-10T14:24:19Z</time>
      </trkpt>
      <trkpt lat="44.172985" lon="-123.44416">
        <ele>176.2</ele>
        <time>2023-06-10T14:24:29Z</time>
      </trkpt>
      <trkpt lat="44.174114" lon="-123.44474">
        <ele>174.6</ele>
        <time>2023-06-10T14:24:50Z</time>
      </trkpt>
      <trkpt lat="44.174743" lon="-123.445137">
        <ele>174.7</ele>
        <time>2023-06-10T14:25:02Z</time>
      </trkpt>
      <trkpt lat="44.176868" lon="-123.446892">
        <ele>175.6</ele>
        <time>2023-06-10T14:25:47Z</time>
      </trkpt>
      <trkpt lat="44.177536" lon="-123.447495">
        <ele>176.3</ele>
        <time>2023-06-10T14:26:02Z</time>
      </trkpt>
      <trkpt lat="44.178382" lon="-123.448227">
        <ele>176.7</ele>
        <time>2023-06-10T14:26:19Z</time>
      </trkpt>
      <trkpt lat="44.179741" lon="-123.449348">
        <ele>177.2</ele>
        <time>2023-06-10T14:26:46Z</time>
      </trkpt>
      <trkpt lat="44.179962" lon="-123.449501">
        <ele>177.0</ele>
        <time>2023-06-10T14:26:50Z</time>
      </trkpt>
      <trkpt lat="44.180435" lon="-123.449783">
        <ele>176.6</ele>
        <time>2023-06-10T14:26:59Z</time>
      </trkpt>
      <trkpt lat="44.180679" lon="-123.449883">
        <ele>176.6</ele>
        <time>2023-06-10T14:27:04Z</time>
      </trkpt>
      <trkpt lat="44.181129" lon="-123.450104">
        <ele>177.3</ele>
        <time>2023-06-10T14:27:14Z</time>
      </trkpt>
      <trkpt lat="44.181484" lon="-123.450226">
        <ele>178.6</ele>
        <time>2023-06-10T14:27:23Z</time>
      </trkpt>
      <trkpt lat="44.181731" lon="-123.450356">
        <ele>179.3</ele>
        <time>2023-06-10T14:27:29Z</time>
      </trkpt>
      <trkpt lat="44.181873" lon="-123.450409">
        <ele>179.6</ele>
        <time>2023-06-10T14:27:32Z</time>
      </trkpt>
      <trkpt lat="44.182369" lon="-123.450722">
        <ele>180.2</ele>
        <time>2023-06-10T14:27:41Z</time>
      </trkpt>
      <trkpt lat="44.182625" lon="-123.450859">
        <ele>180.3</ele>
        <time>2023-06-10T14:27:46Z</time>
      </trkpt>
      <trkpt lat="44.182846" lon="-123.45092">
        <ele>180.3</ele>
        <time>2023-06-10T14:27:50Z</time>
      </trkpt>
      <trkpt lat="44.183159" lon="-123.451057">
        <ele>180.6</ele>
        <time>2023-06-10T14:27:56Z</time>
      </trkpt>
      <trkpt lat="44.183586" lon="-123.451309">
        <ele>180.6</ele>
        <time>2023-06-10T14:28:04Z</time>
      </trkpt>
      <trkpt lat="44.184425" lon="-123.452171">
        <ele>181.3</ele>
        <time>2023-06-10T14:28:26Z</time>
      </trkpt>
      <trkpt lat="44.18462" lon="-123.452332">
        <ele>181.7</ele>
        <time>2023-06-10T14:28:31Z</time>
      </trkpt>
      <trkpt lat="44.184757" lon="-123.452408">
        <ele>182.0</ele>
        <time>2023-06-10T14:28:34Z</time>
      </trkpt>
      <trkpt lat="44.185123" lon="-123.45256">
        <ele>181.7</ele>
        <time>2023-06-10T14:28:41Z</time>
      </trkpt>
      <trkpt lat="44.185925" lon="-123.452736">
        <ele>181.3</ele>
        <time>2023-06-10T14:28:56Z</time>
      </trkpt>
      <trkpt lat="44.186275" lon="-123.452782">
        <ele>181.3</ele>
        <time>2023-06-10T14:29:03Z</time>
      </trkpt>
      <trkpt lat="44.187119" lon="-123.452942">
        <ele>181.7</ele>
        <time>2023-06-10T14:29:19Z</time>
      </trkpt>
      <trkpt lat="44.187401" lon="-123.453049">
        <ele>181.6</ele>
        <time>2023-06-10T14:29:24Z</time>
      </trkpt>
      <trkpt lat="44.18774" lon="-123.453262">
        <ele>181.6</ele>
        <time>2023-06-10T14:29:31Z</time>
      </trkpt>
      <trkpt lat="44.18817" lon="-123.453705">
        <ele>182.0</ele>
        <time>2023-06-10T14:29:41Z</time>
      </trkpt>
      <trkpt lat="44.188484" lon="-123.454292">
        <ele>182.2</ele>
        <time>2023-06-10T14:29:52Z</time>
      </trkpt>
      <trkpt lat="44.189133" lon="-123.455368">
        <ele>182.7</ele>
        <time>2023-06-10T14:30:14Z</time>
      </trkpt>
      <trkpt lat="44.189236" lon="-123.455528">
        <ele>183.0</ele>
        <time>2023-06-10T14:30:18Z</time>
      </trkpt>
      <trkpt lat="44.189365" lon="-123.455574">
        <ele>184.0</ele>
        <time>2023-06-10T14:31:17Z</time>
      </trkpt>
      <trkpt lat="44.189354" lon="-123.455612">
        <ele>184.0</ele>
        <time>2023-06-10T14:31:20Z</time>
      </trkpt>
      <trkpt lat="44.189383" lon="-123.455688">
        <ele>183.7</ele>
        <time>2023-06-10T14:31:22Z</time>
      </trkpt>
      <trkpt lat="44.189632" lon="-123.456093">
        <ele>183.7</ele>
        <time>2023-06-10T14:31:32Z</time>
      </trkpt>
      <trkpt lat="44.189919" lon="-123.45665">
        <ele>183.7</ele>
        <time>2023-06-10T14:31:42Z</time>
      </trkpt>
      <trkpt lat="44.190067" lon="-123.457016">
        <ele>183.7</ele>
        <time>2023-06-10T14:31:47Z</time>
      </trkpt>
      <trkpt lat="44.190159" lon="-123.457352">
        <ele>183.7</ele>
        <time>2023-06-10T14:31:52Z</time>
      </trkpt>
      <trkpt lat="44.190395" lon="-123.458054">
        <ele>186.2</ele>
        <time>2023-06-10T14:32:05Z</time>
      </trkpt>
      <trkpt lat="44.190453" lon="-123.45845">
        <ele>187.0</ele>
        <time>2023-06-10T14:32:11Z</time>
      </trkpt>
      <trkpt lat="44.190491" lon="-123.45858">
        <ele>187.3</ele>
        <time>2023-06-10T14:32:13Z</time>
      </trkpt>
      <trkpt lat="44.190601" lon="-123.4589">
        <ele>188.3</ele>
        <time>2023-06-10T14:32:18Z</time>
      </trkpt>
      <trkpt lat="44.190804" lon="-123.45929">
        <ele>189.0</ele>
        <time>2023-06-10T14:32:25Z</time>
      </trkpt>
      <trkpt lat="44.191029" lon="-123.459587">
        <ele>189.3</ele>
        <time>2023-06-10T14:32:31Z</time>
      </trkpt>
      <trkpt lat="44.191532" lon="-123.460342">
        <ele>190.2</ele>
        <time>2023-06-10T14:32:45Z</time>
      </trkpt>
      <trkpt lat="44.191772" lon="-123.460663">
        <ele>190.6</ele>
        <time>2023-06-10T14:32:51Z</time>
      </trkpt>
      <trkpt lat="44.192611" lon="-123.461967">
        <ele>193.2</ele>
        <time>2023-06-10T14:33:15Z</time>
      </trkpt>
      <trkpt lat="44.193348" lon="-123.463013">
        <ele>193.3</ele>
        <time>2023-06-10T14:33:32Z</time>
      </trkpt>
      <trkpt lat="44.194308" lon="-123.464317">
        <ele>193.0</ele>
        <time>2023-06-10T14:33:52Z</time>
      </trkpt>
      <trkpt lat="44.195099" lon="-123.46534">
        <ele>193.6</ele>
        <time>2023-06-10T14:34:09Z</time>
      </trkpt>
      <trkpt lat="44.195549" lon="-123.465965">
        <ele>193.7</ele>
        <time>2023-06-10T14:34:19Z</time>
      </trkpt>
      <trkpt lat="44.196079" lon="-123.466629">
        <ele>195.2</ele>
        <time>2023-06-10T14:34:32Z</time>
      </trkpt>
      <trkpt lat="44.196587" lon="-123.467369">
        <ele>200.0</ele>
        <time>2023-06-10T14:34:52Z</time>
      </trkpt>
      <trkpt lat="44.196827" lon="-123.467903">
        <ele>203.7</ele>
        <time>2023-06-10T14:35:06Z</time>
      </trkpt>
      <trkpt lat="44.19693" lon="-123.468193">
        <ele>205.6</ele>
        <time>2023-06-10T14:35:14Z</time>
      </trkpt>
      <trkpt lat="44.197037" lon="-123.468628">
        <ele>208.3</ele>
        <time>2023-06-10T14:35:26Z</time>
      </trkpt>
      <trkpt lat="44.197041" lon="-123.46933">
        <ele>212.2</ele>
        <time>2023-06-10T14:35:44Z</time>
      </trkpt>
      <trkpt lat="44.196926" lon="-123.469955">
        <ele>216.0</ele>
        <time>2023-06-10T14:36:02Z</time>
      </trkpt>
      <trkpt lat="44.196551" lon="-123.470711">
        <ele>221.2</ele>
        <time>2023-06-10T14:36:26Z</time>
      </trkpt>
      <trkpt lat="44.196411" lon="-123.470856">
        <ele>222.4</ele>
        <time>2023-06-10T14:36:32Z</time>
      </trkpt>
      <trkpt lat="44.196228" lon="-123.471115">
        <ele>224.4</ele>
        <time>2023-06-10T14:36:42Z</time>
      </trkpt>
      <trkpt lat="44.196045" lon="-123.471283">
        <ele>226.4</ele>
        <time>2023-06-10T14:36:52Z</time>
      </trkpt>
      <trkpt lat="44.195755" lon="-123.471703">
        <ele>230.0</ele>
        <time>2023-06-10T14:37:08Z</time>
      </trkpt>
      <trkpt lat="44.195656" lon="-123.471825">
        <ele>231.0</ele>
        <time>2023-06-10T14:37:13Z</time>
      </trkpt>
      <trkpt lat="44.195549" lon="-123.471924">
        <ele>232.2</ele>
        <time>2023-06-10T14:37:18Z</time>
      </trkpt>
      <trkpt lat="44.195431" lon="-123.472153">
        <ele>233.6</ele>
        <time>2023-06-10T14:37:27Z</time>
      </trkpt>
      <trkpt lat="44.195271" lon="-123.47229">
        <ele>235.4</ele>
        <time>2023-06-10T14:37:35Z</time>
      </trkpt>
      <trkpt lat="44.195156" lon="-123.47245">
        <ele>236.7</ele>
        <time>2023-06-10T14:37:42Z</time>
      </trkpt>
      <trkpt lat="44.19511" lon="-123.472549">
        <ele>237.4</ele>
        <time>2023-06-10T14:37:45Z</time>
      </trkpt>
      <trkpt lat="44.194988" lon="-123.472725">
        <ele>238.6</ele>
        <time>2023-06-10T14:37:52Z</time>
      </trkpt>
      <trkpt lat="44.19493" lon="-123.472862">
        <ele>239.4</ele>
        <time>2023-06-10T14:37:56Z</time>
      </trkpt>
      <trkpt lat="44.194683" lon="-123.473228">
        <ele>242.0</ele>
        <time>2023-06-10T14:38:11Z</time>
      </trkpt>
      <trkpt lat="44.19453" lon="-123.473518">
        <ele>244.0</ele>
        <time>2023-06-10T14:38:22Z</time>
      </trkpt>
      <trkpt lat="44.194412" lon="-123.473671">
        <ele>245.0</ele>
        <time>2023-06-10T14:38:28Z</time>
      </trkpt>
      <trkpt lat="44.194298" lon="-123.473877">
        <ele>246.2</ele>
        <time>2023-06-10T14:38:35Z</time>
      </trkpt>
      <trkpt lat="44.19419" lon="-123.474022">
        <ele>247.4</ele>
        <time>2023-06-10T14:38:41Z</time>
      </trkpt>
      <trkpt lat="44.193878" lon="-123.47435">
        <ele>250.7</ele>
        <time>2023-06-10T14:38:58Z</time>
      </trkpt>
      <trkpt lat="44.193806" lon="-123.474396">
        <ele>251.4</ele>
        <time>2023-06-10T14:39:02Z</time>
      </trkpt>
      <trkpt lat="44.193771" lon="-123.474442">
        <ele>251.7</ele>
        <time>2023-06-10T14:39:04Z</time>
      </trkpt>
      <trkpt lat="44.193684" lon="-123.474487">
        <ele>252.4</ele>
        <time>2023-06-10T14:39:08Z</time>
      </trkpt>
      <trkpt lat="44.193657" lon="-123.474525">
        <ele>252.7</ele>
        <time>2023-06-10T14:39:10Z</time>
      </trkpt>
      <trkpt lat="44.193588" lon="-123.474724">
        <ele>253.7</ele>
        <time>2023-06-10T14:39:16Z</time>
      </trkpt>
      <trkpt lat="44.193237" lon="-123.475136">
        <ele>257.7</ele>
        <time>2023-06-10T14:39:38Z</time>
      </trkpt>
      <trkpt lat="44.193195" lon="-123.475166">
        <ele>258.2</ele>
        <time>2023-06-10T14:39:40Z</time>
      </trkpt>
      <trkpt lat="44.193115" lon="-123.475372">
        <ele>259.2</ele>
        <time>2023-06-10T14:39:46Z</time>
      </trkpt>
      <trkpt lat="44.192898" lon="-123.475677">
        <ele>261.7</ele>
        <time>2023-06-10T14:39:59Z</time>
      </trkpt>
      <trkpt lat="44.192776" lon="-123.475822">
        <ele>263.0</ele>
        <time>2023-06-10T14:40:06Z</time>
      </trkpt>
      <trkpt lat="44.192574" lon="-123.476135">
        <ele>265.2</ele>
        <time>2023-06-10T14:40:19Z</time>
      </trkpt>
      <trkpt lat="44.192431" lon="-123.476326">
        <ele>266.2</ele>
        <time>2023-06-10T14:40:27Z</time>
      </trkpt>
      <trkpt lat="44.192257" lon="-123.476494">
        <ele>268.2</ele>
        <time>2023-06-10T14:40:37Z</time>
      </trkpt>
      <trkpt lat="44.192141" lon="-123.47657">
        <ele>269.4</ele>
        <time>2023-06-10T14:40:43Z</time>
      </trkpt>
      <trkpt lat="44.192059" lon="-123.476692">
        <ele>270.2</ele>
        <time>2023-06-10T14:40:48Z</time>
      </trkpt>
      <trkpt lat="44.191879" lon="-123.476875">
        <ele>271.6</ele>
        <time>2023-06-10T14:40:57Z</time>
      </trkpt>
      <trkpt lat="44.191833" lon="-123.476959">
        <ele>272.2</ele>
        <time>2023-06-10T14:41:00Z</time>
      </trkpt>
      <trkpt lat="44.191654" lon="-123.477165">
        <ele>274.2</ele>
        <time>2023-06-10T14:41:11Z</time>
      </trkpt>
      <trkpt lat="44.191509" lon="-123.477264">
        <ele>275.6</ele>
        <time>2023-06-10T14:41:19Z</time>
      </trkpt>
      <trkpt lat="44.191383" lon="-123.477402">
        <ele>277.0</ele>
        <time>2023-06-10T14:41:27Z</time>
      </trkpt>
      <trkpt lat="44.191273" lon="-123.477531">
        <ele>278.4</ele>
        <time>2023-06-10T14:41:34Z</time>
      </trkpt>
      <trkpt lat="44.191231" lon="-123.477646">
        <ele>279.0</ele>
        <time>2023-06-10T14:41:38Z</time>
      </trkpt>
      <trkpt lat="44.191139" lon="-123.477798">
        <ele>280.0</ele>
        <time>2023-06-10T14:41:44Z</time>
      </trkpt>
      <trkpt lat="44.191078" lon="-123.477951">
        <ele>281.2</ele>
        <time>2023-06-10T14:41:49Z</time>
      </trkpt>
      <trkpt lat="44.191002" lon="-123.478241">
        <ele>283.0</ele>
        <time>2023-06-10T14:41:59Z</time>
      </trkpt>
      <trkpt lat="44.19099" lon="-123.478401">
        <ele>283.4</ele>
        <time>2023-06-10T14:42:02Z</time>
      </trkpt>
      <trkpt lat="44.190842" lon="-123.479172">
        <ele>287.2</ele>
        <time>2023-06-10T14:42:22Z</time>
      </trkpt>
      <trkpt lat="44.1908" lon="-123.479256">
        <ele>287.7</ele>
        <time>2023-06-10T14:42:25Z</time>
      </trkpt>
      <trkpt lat="44.190731" lon="-123.479782">
        <ele>290.6</ele>
        <time>2023-06-10T14:42:40Z</time>
      </trkpt>
      <trkpt lat="44.190666" lon="-123.479958">
        <ele>292.0</ele>
        <time>2023-06-10T14:42:47Z</time>
      </trkpt>
      <trkpt lat="44.190655" lon="-123.480125">
        <ele>293.0</ele>
        <time>2023-06-10T14:42:52Z</time>
      </trkpt>
      <trkpt lat="44.190536" lon="-123.480804">
        <ele>296.7</ele>
        <time>2023-06-10T14:43:14Z</time>
      </trkpt>
      <trkpt lat="44.19035" lon="-123.481537">
        <ele>300.7</ele>
        <time>2023-06-10T14:43:38Z</time>
      </trkpt>
      <trkpt lat="44.19025" lon="-123.481827">
        <ele>302.2</ele>
        <time>2023-06-10T14:43:48Z</time>
      </trkpt>
      <trkpt lat="44.189938" lon="-123.482475">
        <ele>303.7</ele>
        <time>2023-06-10T14:45:23Z</time>
      </trkpt>
      <trkpt lat="44.189808" lon="-123.482704">
        <ele>304.4</ele>
        <time>2023-06-10T14:45:30Z</time>
      </trkpt>
      <trkpt lat="44.189663" lon="-123.483047">
        <ele>304.6</ele>
        <time>2023-06-10T14:45:37Z</time>
      </trkpt>
      <trkpt lat="44.18951" lon="-123.483566">
        <ele>304.4</ele>
        <time>2023-06-10T14:45:46Z</time>
      </trkpt>
      <trkpt lat="44.189476" lon="-123.48381">
        <ele>304.4</ele>
        <time>2023-06-10T14:45:49Z</time>
      </trkpt>
      <trkpt lat="44.189465" lon="-123.484039">
        <ele>304.4</ele>
        <time>2023-06-10T14:45:52Z</time>
      </trkpt>
      <trkpt lat="44.189503" lon="-123.484535">
        <ele>303.7</ele>
        <time>2023-06-10T14:45:58Z</time>
      </trkpt>
      <trkpt lat="44.189597" lon="-123.485092">
        <ele>303.0</ele>
        <time>2023-06-10T14:46:04Z</time>
      </trkpt>
      <trkpt lat="44.189625" lon="-123.485184">
        <ele>302.6</ele>
        <time>2023-06-10T14:46:05Z</time>
      </trkpt>
      <trkpt lat="44.189728" lon="-123.485451">
        <ele>302.0</ele>
        <time>2023-06-10T14:46:08Z</time>
      </trkpt>
      <trkpt lat="44.189929" lon="-123.485847">
        <ele>300.7</ele>
        <time>2023-06-10T14:46:12Z</time>
      </trkpt>
      <trkpt lat="44.190331" lon="-123.486435">
        <ele>298.2</ele>
        <time>2023-06-10T14:46:18Z</time>
      </trkpt>
      <trkpt lat="44.190658" lon="-123.486862">
        <ele>295.4</ele>
        <time>2023-06-10T14:46:22Z</time>
      </trkpt>
      <trkpt lat="44.190781" lon="-123.487076">
        <ele>293.7</ele>
        <time>2023-06-10T14:46:24Z</time>
      </trkpt>
      <trkpt lat="44.190903" lon="-123.487343">
        <ele>292.4</ele>
        <time>2023-06-10T14:46:26Z</time>
      </trkpt>
      <trkpt lat="44.191006" lon="-123.48764">
        <ele>291.0</ele>
        <time>2023-06-10T14:46:28Z</time>
      </trkpt>
      <trkpt lat="44.191101" lon="-123.488174">
        <ele>289.4</ele>
        <time>2023-06-10T14:46:31Z</time>
      </trkpt>
      <trkpt lat="44.191124" lon="-123.488853">
        <ele>286.4</ele>
        <time>2023-06-10T14:46:35Z</time>
      </trkpt>
      <trkpt lat="44.191044" lon="-123.490913">
        <ele>274.2</ele>
        <time>2023-06-10T14:46:46Z</time>
      </trkpt>
      <trkpt lat="44.191017" lon="-123.491348">
        <ele>272.0</ele>
        <time>2023-06-10T14:46:48Z</time>
      </trkpt>
      <trkpt lat="44.190903" lon="-123.492134">
        <ele>268.0</ele>
        <time>2023-06-10T14:46:52Z</time>
      </trkpt>
      <trkpt lat="44.190861" lon="-123.492317">
        <ele>266.7</ele>
        <time>2023-06-10T14:46:53Z</time>
      </trkpt>
      <trkpt lat="44.190742" lon="-123.492683">
        <ele>264.0</ele>
        <time>2023-06-10T14:46:55Z</time>
      </trkpt>
      <trkpt lat="44.190376" lon="-123.493546">
        <ele>257.7</ele>
        <time>2023-06-10T14:47:00Z</time>
      </trkpt>
      <trkpt lat="44.189262" lon="-123.49585">
        <ele>241.0</ele>
        <time>2023-06-10T14:47:13Z</time>
      </trkpt>
      <trkpt lat="44.18911" lon="-123.496201">
        <ele>239.7</ele>
        <time>2023-06-10T14:47:15Z</time>
      </trkpt>
      <trkpt lat="44.188919" lon="-123.496758">
        <ele>236.0</ele>
        <time>2023-06-10T14:47:18Z</time>
      </trkpt>
      <trkpt lat="44.188789" lon="-123.497322">
        <ele>232.2</ele>
        <time>2023-06-10T14:47:21Z</time>
      </trkpt>
      <trkpt lat="44.188747" lon="-123.497726">
        <ele>230.2</ele>
        <time>2023-06-10T14:47:23Z</time>
      </trkpt>
      <trkpt lat="44.188732" lon="-123.498314">
        <ele>227.0</ele>
        <time>2023-06-10T14:47:26Z</time>
      </trkpt>
      <trkpt lat="44.188732" lon="-123.498512">
        <ele>226.0</ele>
        <time>2023-06-10T14:47:27Z</time>
      </trkpt>
      <trkpt lat="44.188763" lon="-123.498886">
        <ele>224.4</ele>
        <time>2023-06-10T14:47:29Z</time>
      </trkpt>
      <trkpt lat="44.18885" lon="-123.499413">
        <ele>222.6</ele>
        <time>2023-06-10T14:47:32Z</time>
      </trkpt>
      <trkpt lat="44.18893" lon="-123.499741">
        <ele>221.6</ele>
        <time>2023-06-10T14:47:34Z</time>
      </trkpt>
      <trkpt lat="44.189102" lon="-123.500359">
        <ele>220.4</ele>
        <time>2023-06-10T14:47:38Z</time>
      </trkpt>
      <trkpt lat="44.189766" lon="-123.502457">
        <ele>217.0</ele>
        <time>2023-06-10T14:47:54Z</time>
      </trkpt>
      <trkpt lat="44.189929" lon="-123.50293">
        <ele>216.4</ele>
        <time>2023-06-10T14:47:58Z</time>
      </trkpt>
      <trkpt lat="44.190174" lon="-123.503838">
        <ele>215.6</ele>
        <time>2023-06-10T14:48:06Z</time>
      </trkpt>
      <trkpt lat="44.190304" lon="-123.504616">
        <ele>215.0</ele>
        <time>2023-06-10T14:48:13Z</time>
      </trkpt>
      <trkpt lat="44.190331" lon="-123.504845">
        <ele>214.7</ele>
        <time>2023-06-10T14:48:15Z</time>
      </trkpt>
      <trkpt lat="44.190395" lon="-123.506157">
        <ele>213.7</ele>
        <time>2023-06-10T14:48:26Z</time>
      </trkpt>
      <trkpt lat="44.190413" lon="-123.507256">
        <ele>213.0</ele>
        <time>2023-06-10T14:48:36Z</time>
      </trkpt>
      <trkpt lat="44.190468" lon="-123.508469">
        <ele>212.3</ele>
        <time>2023-06-10T14:48:47Z</time>
      </trkpt>
      <trkpt lat="44.190582" lon="-123.512749">
        <ele>209.3</ele>
        <time>2023-06-10T14:49:26Z</time>
      </trkpt>
      <trkpt lat="44.190601" lon="-123.513153">
        <ele>209.3</ele>
        <time>2023-06-10T14:49:30Z</time>
      </trkpt>
      <trkpt lat="44.190689" lon="-123.513817">
        <ele>209.2</ele>
        <time>2023-06-10T14:49:37Z</time>
      </trkpt>
      <trkpt lat="44.190845" lon="-123.514236">
        <ele>209.2</ele>
        <time>2023-06-10T14:49:42Z</time>
      </trkpt>
      <trkpt lat="44.191082" lon="-123.514771">
        <ele>209.2</ele>
        <time>2023-06-10T14:49:49Z</time>
      </trkpt>
      <trkpt lat="44.191216" lon="-123.515297">
        <ele>210.2</ele>
        <time>2023-06-10T14:49:56Z</time>
      </trkpt>
      <trkpt lat="44.191246" lon="-123.515831">
        <ele>211.0</ele>
        <time>2023-06-10T14:50:03Z</time>
      </trkpt>
      <trkpt lat="44.191249" lon="-123.516411">
        <ele>212.0</ele>
        <time>2023-06-10T14:50:11Z</time>
      </trkpt>
      <trkpt lat="44.19128" lon="-123.516907">
        <ele>212.3</ele>
        <time>2023-06-10T14:50:17Z</time>
      </trkpt>
      <trkpt lat="44.19133" lon="-123.517136">
        <ele>212.3</ele>
        <time>2023-06-10T14:50:20Z</time>
      </trkpt>
      <trkpt lat="44.191448" lon="-123.517471">
        <ele>212.3</ele>
        <time>2023-06-10T14:50:24Z</time>
      </trkpt>
      <trkpt lat="44.191566" lon="-123.51767">
        <ele>212.2</ele>
        <time>2023-06-10T14:50:27Z</time>
      </trkpt>
      <trkpt lat="44.192158" lon="-123.51841">
        <ele>211.0</ele>
        <time>2023-06-10T14:50:39Z</time>
      </trkpt>
      <trkpt lat="44.192318" lon="-123.518684">
        <ele>210.7</ele>
        <time>2023-06-10T14:50:43Z</time>
      </trkpt>
      <trkpt lat="44.192448" lon="-123.519142">
        <ele>210.7</ele>
        <time>2023-06-10T14:50:49Z</time>
      </trkpt>
      <trkpt lat="44.192497" lon="-123.519585">
        <ele>211.2</ele>
        <time>2023-06-10T14:50:55Z</time>
      </trkpt>
      <trkpt lat="44.192501" lon="-123.521118">
        <ele>214.2</ele>
        <time>2023-06-10T14:51:17Z</time>
      </trkpt>
      <trkpt lat="44.192478" lon="-123.521599">
        <ele>214.2</ele>
        <time>2023-06-10T14:51:23Z</time>
      </trkpt>
      <trkpt lat="44.192558" lon="-123.522217">
        <ele>214.2</ele>
        <time>2023-06-10T14:51:30Z</time>
      </trkpt>
      <trkpt lat="44.192608" lon="-123.522827">
        <ele>214.0</ele>
        <time>2023-06-10T14:51:37Z</time>
      </trkpt>
      <trkpt lat="44.192589" lon="-123.524338">
        <ele>213.0</ele>
        <time>2023-06-10T14:51:52Z</time>
      </trkpt>
      <trkpt lat="44.192532" lon="-123.524834">
        <ele>211.7</ele>
        <time>2023-06-10T14:51:57Z</time>
      </trkpt>
      <trkpt lat="44.19249" lon="-123.525032">
        <ele>211.2</ele>
        <time>2023-06-10T14:51:59Z</time>
      </trkpt>
      <trkpt lat="44.192429" lon="-123.525223">
        <ele>210.7</ele>
        <time>2023-06-10T14:52:01Z</time>
      </trkpt>
      <trkpt lat="44.192345" lon="-123.525414">
        <ele>210.6</ele>
        <time>2023-06-10T14:52:03Z</time>
      </trkpt>
      <trkpt lat="44.192062" lon="-123.526321">
        <ele>210.2</ele>
        <time>2023-06-10T14:52:14Z</time>
      </trkpt>
      <trkpt lat="44.192017" lon="-123.526573">
        <ele>210.3</ele>
        <time>2023-06-10T14:52:17Z</time>
      </trkpt>
      <trkpt lat="44.192013" lon="-123.526825">
        <ele>210.7</ele>
        <time>2023-06-10T14:52:20Z</time>
      </trkpt>
      <trkpt lat="44.192043" lon="-123.527298">
        <ele>211.2</ele>
        <time>2023-06-10T14:52:26Z</time>
      </trkpt>
      <trkpt lat="44.192028" lon="-123.528175">
        <ele>212.2</ele>
        <time>2023-06-10T14:52:37Z</time>
      </trkpt>
      <trkpt lat="44.192104" lon="-123.529839">
        <ele>211.6</ele>
        <time>2023-06-10T14:52:56Z</time>
      </trkpt>
      <trkpt lat="44.192211" lon="-123.530289">
        <ele>211.2</ele>
        <time>2023-06-10T14:53:01Z</time>
      </trkpt>
      <trkpt lat="44.192314" lon="-123.530518">
        <ele>210.3</ele>
        <time>2023-06-10T14:53:04Z</time>
      </trkpt>
      <trkpt lat="44.19257" lon="-123.530876">
        <ele>209.3</ele>
        <time>2023-06-10T14:53:09Z</time>
      </trkpt>
      <trkpt lat="44.192909" lon="-123.531265">
        <ele>208.6</ele>
        <time>2023-06-10T14:53:15Z</time>
      </trkpt>
      <trkpt lat="44.193359" lon="-123.531738">
        <ele>207.6</ele>
        <time>2023-06-10T14:53:23Z</time>
      </trkpt>
      <trkpt lat="44.194107" lon="-123.5326">
        <ele>207.2</ele>
        <time>2023-06-10T14:53:38Z</time>
      </trkpt>
      <trkpt lat="44.194477" lon="-123.533173">
        <ele>206.7</ele>
        <time>2023-06-10T14:53:47Z</time>
      </trkpt>
      <trkpt lat="44.194641" lon="-123.533646">
        <ele>206.6</ele>
        <time>2023-06-10T14:53:53Z</time>
      </trkpt>
      <trkpt lat="44.194744" lon="-123.534264">
        <ele>206.7</ele>
        <time>2023-06-10T14:54:01Z</time>
      </trkpt>
      <trkpt lat="44.194832" lon="-123.535194">
        <ele>207.0</ele>
        <time>2023-06-10T14:54:13Z</time>
      </trkpt>
      <trkpt lat="44.194878" lon="-123.5354">
        <ele>207.0</ele>
        <time>2023-06-10T14:54:16Z</time>
      </trkpt>
      <trkpt lat="44.194958" lon="-123.535614">
        <ele>207.0</ele>
        <time>2023-06-10T14:54:19Z</time>
      </trkpt>
      <trkpt lat="44.195206" lon="-123.536049">
        <ele>206.7</ele>
        <time>2023-06-10T14:54:26Z</time>
      </trkpt>
      <trkpt lat="44.195381" lon="-123.53653">
        <ele>206.3</ele>
        <time>2023-06-10T14:54:32Z</time>
      </trkpt>
      <trkpt lat="44.195488" lon="-123.537117">
        <ele>206.2</ele>
        <time>2023-06-10T14:54:39Z</time>
      </trkpt>
      <trkpt lat="44.19558" lon="-123.537903">
        <ele>206.0</ele>
        <time>2023-06-10T14:54:48Z</time>
      </trkpt>
      <trkpt lat="44.196125" lon="-123.540344">
        <ele>206.0</ele>
        <time>2023-06-10T14:55:18Z</time>
      </trkpt>
      <trkpt lat="44.196362" lon="-123.541634">
        <ele>206.2</ele>
        <time>2023-06-10T14:55:34Z</time>
      </trkpt>
      <trkpt lat="44.196541" lon="-123.542847">
        <ele>205.6</ele>
        <time>2023-06-10T14:55:48Z</time>
      </trkpt>
      <trkpt lat="44.196602" lon="-123.543381">
        <ele>205.0</ele>
        <time>2023-06-10T14:55:54Z</time>
      </trkpt>
      <trkpt lat="44.196629" lon="-123.545128">
        <ele>205.0</ele>
        <time>2023-06-10T14:56:14Z</time>
      </trkpt>
      <trkpt lat="44.196606" lon="-123.54541">
        <ele>205.0</ele>
        <time>2023-06-10T14:56:18Z</time>
      </trkpt>
      <trkpt lat="44.19656" lon="-123.5457">
        <ele>205.3</ele>
        <time>2023-06-10T14:56:22Z</time>
      </trkpt>
      <trkpt lat="44.196475" lon="-123.545906">
        <ele>205.6</ele>
        <time>2023-06-10T14:56:25Z</time>
      </trkpt>
      <trkpt lat="44.196236" lon="-123.546257">
        <ele>205.6</ele>
        <time>2023-06-10T14:56:31Z</time>
      </trkpt>
      <trkpt lat="44.195892" lon="-123.546692">
        <ele>205.6</ele>
        <time>2023-06-10T14:56:38Z</time>
      </trkpt>
      <trkpt lat="44.195492" lon="-123.547256">
        <ele>204.6</ele>
        <time>2023-06-10T14:56:46Z</time>
      </trkpt>
      <trkpt lat="44.195023" lon="-123.54821">
        <ele>203.7</ele>
        <time>2023-06-10T14:56:59Z</time>
      </trkpt>
      <trkpt lat="44.194771" lon="-123.548454">
        <ele>204.2</ele>
        <time>2023-06-10T14:57:04Z</time>
      </trkpt>
      <trkpt lat="44.194598" lon="-123.548553">
        <ele>204.3</ele>
        <time>2023-06-10T14:57:07Z</time>
      </trkpt>
      <trkpt lat="44.194477" lon="-123.548584">
        <ele>204.3</ele>
        <time>2023-06-10T14:57:09Z</time>
      </trkpt>
      <trkpt lat="44.193405" lon="-123.548782">
        <ele>204.2</ele>
        <time>2023-06-10T14:57:25Z</time>
      </trkpt>
      <trkpt lat="44.190886" lon="-123.549774">
        <ele>202.7</ele>
        <time>2023-06-10T14:58:07Z</time>
      </trkpt>
      <trkpt lat="44.18932" lon="-123.550407">
        <ele>203.0</ele>
        <time>2023-06-10T14:58:36Z</time>
      </trkpt>
      <trkpt lat="44.188732" lon="-123.550667">
        <ele>203.2</ele>
        <time>2023-06-10T14:58:47Z</time>
      </trkpt>
      <trkpt lat="44.188244" lon="-123.550957">
        <ele>203.0</ele>
        <time>2023-06-10T14:58:56Z</time>
      </trkpt>
      <trkpt lat="44.187817" lon="-123.551353">
        <ele>202.7</ele>
        <time>2023-06-10T14:59:04Z</time>
      </trkpt>
      <trkpt lat="44.187561" lon="-123.551727">
        <ele>202.6</ele>
        <time>2023-06-10T14:59:10Z</time>
      </trkpt>
      <trkpt lat="44.18734" lon="-123.552147">
        <ele>202.3</ele>
        <time>2023-06-10T14:59:16Z</time>
      </trkpt>
      <trkpt lat="44.187138" lon="-123.552597">
        <ele>202.0</ele>
        <time>2023-06-10T14:59:22Z</time>
      </trkpt>
      <trkpt lat="44.186966" lon="-123.553169">
        <ele>201.7</ele>
        <time>2023-06-10T14:59:29Z</time>
      </trkpt>
      <trkpt lat="44.186867" lon="-123.553932">
        <ele>201.7</ele>
        <time>2023-06-10T14:59:39Z</time>
      </trkpt>
      <trkpt lat="44.186886" lon="-123.554382">
        <ele>202.7</ele>
        <time>2023-06-10T14:59:46Z</time>
      </trkpt>
      <trkpt lat="44.186912" lon="-123.554649">
        <ele>203.3</ele>
        <time>2023-06-10T14:59:50Z</time>
      </trkpt>
      <trkpt lat="44.18697" lon="-123.554916">
        <ele>204.0</ele>
        <time>2023-06-10T14:59:54Z</time>
      </trkpt>
      <trkpt lat="44.187271" lon="-123.556">
        <ele>205.0</ele>
        <time>2023-06-10T15:00:10Z</time>
      </trkpt>
      <trkpt lat="44.187607" lon="-123.557129">
        <ele>204.0</ele>
        <time>2023-06-10T15:00:24Z</time>
      </trkpt>
      <trkpt lat="44.188351" lon="-123.55928">
        <ele>204.7</ele>
        <time>2023-06-10T15:00:55Z</time>
      </trkpt>
      <trkpt lat="44.188511" lon="-123.559883">
        <ele>204.7</ele>
        <time>2023-06-10T15:01:03Z</time>
      </trkpt>
      <trkpt lat="44.188576" lon="-123.560555">
        <ele>204.3</ele>
        <time>2023-06-10T15:01:11Z</time>
      </trkpt>
      <trkpt lat="44.188564" lon="-123.561104">
        <ele>204.2</ele>
        <time>2023-06-10T15:01:18Z</time>
      </trkpt>
      <trkpt lat="44.188591" lon="-123.562172">
        <ele>204.2</ele>
        <time>2023-06-10T15:01:31Z</time>
      </trkpt>
      <trkpt lat="44.18858" lon="-123.562469">
        <ele>204.0</ele>
        <time>2023-06-10T15:01:35Z</time>
      </trkpt>
      <trkpt lat="44.188457" lon="-123.562843">
        <ele>203.7</ele>
        <time>2023-06-10T15:01:40Z</time>
      </trkpt>
      <trkpt lat="44.188339" lon="-123.563049">
        <ele>203.7</ele>
        <time>2023-06-10T15:01:43Z</time>
      </trkpt>
      <trkpt lat="44.18824" lon="-123.563156">
        <ele>203.3</ele>
        <time>2023-06-10T15:01:45Z</time>
      </trkpt>
      <trkpt lat="44.188061" lon="-123.563278">
        <ele>203.2</ele>
        <time>2023-06-10T15:01:48Z</time>
      </trkpt>
      <trkpt lat="44.187943" lon="-123.563332">
        <ele>203.0</ele>
        <time>2023-06-10T15:01:50Z</time>
      </trkpt>
      <trkpt lat="44.187649" lon="-123.563347">
        <ele>202.7</ele>
        <time>2023-06-10T15:01:55Z</time>
      </trkpt>
      <trkpt lat="44.184074" lon="-123.563332">
        <ele>200.7</ele>
        <time>2023-06-10T15:02:53Z</time>
      </trkpt>
      <trkpt lat="44.182362" lon="-123.563354">
        <ele>200.6</ele>
        <time>2023-06-10T15:03:21Z</time>
      </trkpt>
      <trkpt lat="44.181969" lon="-123.563408">
        <ele>200.6</ele>
        <time>2023-06-10T15:03:28Z</time>
      </trkpt>
      <trkpt lat="44.181789" lon="-123.563461">
        <ele>200.6</ele>
        <time>2023-06-10T15:03:31Z</time>
      </trkpt>
      <trkpt lat="44.181675" lon="-123.563545">
        <ele>200.6</ele>
        <time>2023-06-10T15:03:33Z</time>
      </trkpt>
      <trkpt lat="44.181572" lon="-123.563683">
        <ele>200.6</ele>
        <time>2023-06-10T15:03:35Z</time>
      </trkpt>
      <trkpt lat="44.181507" lon="-123.563805">
        <ele>200.7</ele>
        <time>2023-06-10T15:03:37Z</time>
      </trkpt>
      <trkpt lat="44.181271" lon="-123.564377">
        <ele>200.7</ele>
        <time>2023-06-10T15:03:45Z</time>
      </trkpt>
      <trkpt lat="44.180973" lon="-123.565178">
        <ele>201.6</ele>
        <time>2023-06-10T15:03:56Z</time>
      </trkpt>
      <trkpt lat="44.180668" lon="-123.565918">
        <ele>201.7</ele>
        <time>2023-06-10T15:04:07Z</time>
      </trkpt>
      <trkpt lat="44.180549" lon="-123.566238">
        <ele>202.0</ele>
        <time>2023-06-10T15:04:12Z</time>
      </trkpt>
      <trkpt lat="44.180378" lon="-123.56678">
        <ele>202.3</ele>
        <time>2023-06-10T15:04:20Z</time>
      </trkpt>
      <trkpt lat="44.180229" lon="-123.567627">
        <ele>202.7</ele>
        <time>2023-06-10T15:04:31Z</time>
      </trkpt>
      <trkpt lat="44.180038" lon="-123.568184">
        <ele>202.7</ele>
        <time>2023-06-10T15:04:38Z</time>
      </trkpt>
      <trkpt lat="44.179768" lon="-123.568817">
        <ele>201.6</ele>
        <time>2023-06-10T15:04:46Z</time>
      </trkpt>
      <trkpt lat="44.179543" lon="-123.569283">
        <ele>201.3</ele>
        <time>2023-06-10T15:04:52Z</time>
      </trkpt>
      <trkpt lat="44.179245" lon="-123.569656">
        <ele>201.0</ele>
        <time>2023-06-10T15:04:58Z</time>
      </trkpt>
      <trkpt lat="44.179012" lon="-123.569824">
        <ele>200.7</ele>
        <time>2023-06-10T15:05:02Z</time>
      </trkpt>
      <trkpt lat="44.178551" lon="-123.570007">
        <ele>200.6</ele>
        <time>2023-06-10T15:05:10Z</time>
      </trkpt>
      <trkpt lat="44.177898" lon="-123.570145">
        <ele>201.2</ele>
        <time>2023-06-10T15:05:21Z</time>
      </trkpt>
      <trkpt lat="44.177441" lon="-123.570328">
        <ele>201.6</ele>
        <time>2023-06-10T15:05:29Z</time>
      </trkpt>
      <trkpt lat="44.177334" lon="-123.570404">
        <ele>201.7</ele>
        <time>2023-06-10T15:05:31Z</time>
      </trkpt>
      <trkpt lat="44.177208" lon="-123.570572">
        <ele>201.7</ele>
        <time>2023-06-10T15:05:34Z</time>
      </trkpt>
      <trkpt lat="44.177162" lon="-123.57074">
        <ele>201.7</ele>
        <time>2023-06-10T15:05:36Z</time>
      </trkpt>
      <trkpt lat="44.177138" lon="-123.570992">
        <ele>201.7</ele>
        <time>2023-06-10T15:05:39Z</time>
      </trkpt>
      <trkpt lat="44.177147" lon="-123.571091">
        <ele>201.7</ele>
        <time>2023-06-10T15:05:40Z</time>
      </trkpt>
      <trkpt lat="44.177269" lon="-123.571495">
        <ele>201.7</ele>
        <time>2023-06-10T15:05:45Z</time>
      </trkpt>
      <trkpt lat="44.177696" lon="-123.572281">
        <ele>201.7</ele>
        <time>2023-06-10T15:05:57Z</time>
      </trkpt>
      <trkpt lat="44.177891" lon="-123.572586">
        <ele>202.0</ele>
        <time>2023-06-10T15:06:02Z</time>
      </trkpt>
      <trkpt lat="44.17812" lon="-123.573128">
        <ele>202.2</ele>
        <time>2023-06-10T15:06:10Z</time>
      </trkpt>
      <trkpt lat="44.178177" lon="-123.573555">
        <ele>202.6</ele>
        <time>2023-06-10T15:06:16Z</time>
      </trkpt>
      <trkpt lat="44.178204" lon="-123.574364">
        <ele>203.2</ele>
        <time>2023-06-10T15:06:27Z</time>
      </trkpt>
      <trkpt lat="44.178199" lon="-123.57534">
        <ele>202.7</ele>
        <time>2023-06-10T15:06:39Z</time>
      </trkpt>
      <trkpt lat="44.178123" lon="-123.576027">
        <ele>202.2</ele>
        <time>2023-06-10T15:06:47Z</time>
      </trkpt>
      <trkpt lat="44.177879" lon="-123.577171">
        <ele>201.3</ele>
        <time>2023-06-10T15:07:01Z</time>
      </trkpt>
      <trkpt lat="44.17783" lon="-123.577606">
        <ele>201.3</ele>
        <time>2023-06-10T15:07:06Z</time>
      </trkpt>
      <trkpt lat="44.177776" lon="-123.578857">
        <ele>201.6</ele>
        <time>2023-06-10T15:07:21Z</time>
      </trkpt>
      <trkpt lat="44.177784" lon="-123.58094">
        <ele>202.3</ele>
        <time>2023-06-10T15:07:48Z</time>
      </trkpt>
      <trkpt lat="44.177807" lon="-123.581512">
        <ele>202.2</ele>
        <time>2023-06-10T15:07:55Z</time>
      </trkpt>
      <trkpt lat="44.177841" lon="-123.581894">
        <ele>202.0</ele>
        <time>2023-06-10T15:08:00Z</time>
      </trkpt>
      <trkpt lat="44.17786" lon="-123.583244">
        <ele>201.3</ele>
        <time>2023-06-10T15:08:16Z</time>
      </trkpt>
      <trkpt lat="44.177822" lon="-123.583496">
        <ele>201.2</ele>
        <time>2023-06-10T15:08:19Z</time>
      </trkpt>
      <trkpt lat="44.17775" lon="-123.583733">
        <ele>201.0</ele>
        <time>2023-06-10T15:08:22Z</time>
      </trkpt>
      <trkpt lat="44.177673" lon="-123.583885">
        <ele>201.0</ele>
        <time>2023-06-10T15:08:24Z</time>
      </trkpt>
      <trkpt lat="44.177517" lon="-123.584061">
        <ele>200.7</ele>
        <time>2023-06-10T15:08:27Z</time>
      </trkpt>
      <trkpt lat="44.177334" lon="-123.584137">
        <ele>200.7</ele>
        <time>2023-06-10T15:08:30Z</time>
      </trkpt>
      <trkpt lat="44.177166" lon="-123.584137">
        <ele>201.0</ele>
        <time>2023-06-10T15:08:33Z</time>
      </trkpt>
      <trkpt lat="44.177031" lon="-123.584091">
        <ele>201.0</ele>
        <time>2023-06-10T15:08:35Z</time>
      </trkpt>
      <trkpt lat="44.176918" lon="-123.584007">
        <ele>201.0</ele>
        <time>2023-06-10T15:08:37Z</time>
      </trkpt>
      <trkpt lat="44.176819" lon="-123.5839">
        <ele>201.0</ele>
        <time>2023-06-10T15:08:39Z</time>
      </trkpt>
      <trkpt lat="44.176708" lon="-123.583702">
        <ele>201.3</ele>
        <time>2023-06-10T15:08:42Z</time>
      </trkpt>
      <trkpt lat="44.176628" lon="-123.583481">
        <ele>201.6</ele>
        <time>2023-06-10T15:08:45Z</time>
      </trkpt>
      <trkpt lat="44.176563" lon="-123.583069">
        <ele>202.0</ele>
        <time>2023-06-10T15:08:50Z</time>
      </trkpt>
      <trkpt lat="44.176502" lon="-123.582817">
        <ele>202.0</ele>
        <time>2023-06-10T15:08:53Z</time>
      </trkpt>
      <trkpt lat="44.176434" lon="-123.582565">
        <ele>202.0</ele>
        <time>2023-06-10T15:08:56Z</time>
      </trkpt>
      <trkpt lat="44.176322" lon="-123.582329">
        <ele>202.0</ele>
        <time>2023-06-10T15:08:59Z</time>
      </trkpt>
      <trkpt lat="44.176075" lon="-123.582016">
        <ele>201.7</ele>
        <time>2023-06-10T15:09:04Z</time>
      </trkpt>
      <trkpt lat="44.17569" lon="-123.581688">
        <ele>201.2</ele>
        <time>2023-06-10T15:09:11Z</time>
      </trkpt>
      <trkpt lat="44.175303" lon="-123.581589">
        <ele>200.7</ele>
        <time>2023-06-10T15:09:17Z</time>
      </trkpt>
      <trkpt lat="44.17485" lon="-123.581566">
        <ele>200.7</ele>
        <time>2023-06-10T15:09:25Z</time>
      </trkpt>
      <trkpt lat="44.174286" lon="-123.581581">
        <ele>201.0</ele>
        <time>2023-06-10T15:09:34Z</time>
      </trkpt>
      <trkpt lat="44.173798" lon="-123.581535">
        <ele>200.7</ele>
        <time>2023-06-10T15:09:42Z</time>
      </trkpt>
      <trkpt lat="44.173336" lon="-123.581406">
        <ele>200.7</ele>
        <time>2023-06-10T15:09:50Z</time>
      </trkpt>
      <trkpt lat="44.173225" lon="-123.58136">
        <ele>200.7</ele>
        <time>2023-06-10T15:09:52Z</time>
      </trkpt>
      <trkpt lat="44.173069" lon="-123.581261">
        <ele>200.7</ele>
        <time>2023-06-10T15:09:55Z</time>
      </trkpt>
      <trkpt lat="44.172462" lon="-123.580742">
        <ele>201.0</ele>
        <time>2023-06-10T15:10:07Z</time>
      </trkpt>
      <trkpt lat="44.172153" lon="-123.580498">
        <ele>201.0</ele>
        <time>2023-06-10T15:10:13Z</time>
      </trkpt>
      <trkpt lat="44.171635" lon="-123.580208">
        <ele>200.7</ele>
        <time>2023-06-10T15:10:22Z</time>
      </trkpt>
      <trkpt lat="44.171265" lon="-123.57988">
        <ele>200.7</ele>
        <time>2023-06-10T15:10:29Z</time>
      </trkpt>
      <trkpt lat="44.170944" lon="-123.57943">
        <ele>201.0</ele>
        <time>2023-06-10T15:10:38Z</time>
      </trkpt>
      <trkpt lat="44.170856" lon="-123.579346">
        <ele>201.3</ele>
        <time>2023-06-10T15:10:40Z</time>
      </trkpt>
      <trkpt lat="44.170612" lon="-123.579163">
        <ele>202.0</ele>
        <time>2023-06-10T15:10:45Z</time>
      </trkpt>
      <trkpt lat="44.169773" lon="-123.578896">
        <ele>202.2</ele>
        <time>2023-06-10T15:10:59Z</time>
      </trkpt>
      <trkpt lat="44.169353" lon="-123.578682">
        <ele>201.3</ele>
        <time>2023-06-10T15:11:06Z</time>
      </trkpt>
      <trkpt lat="44.168465" lon="-123.578117">
        <ele>201.0</ele>
        <time>2023-06-10T15:11:21Z</time>
      </trkpt>
      <trkpt lat="44.167812" lon="-123.577606">
        <ele>201.0</ele>
        <time>2023-06-10T15:11:32Z</time>
      </trkpt>
      <trkpt lat="44.167492" lon="-123.577316">
        <ele>201.0</ele>
        <time>2023-06-10T15:11:38Z</time>
      </trkpt>
      <trkpt lat="44.167404" lon="-123.577202">
        <ele>201.0</ele>
        <time>2023-06-10T15:11:40Z</time>
      </trkpt>
      <trkpt lat="44.167099" lon="-123.576706">
        <ele>200.7</ele>
        <time>2023-06-10T15:11:47Z</time>
      </trkpt>
      <trkpt lat="44.166779" lon="-123.576134">
        <ele>200.6</ele>
        <time>2023-06-10T15:11:55Z</time>
      </trkpt>
      <trkpt lat="44.164803" lon="-123.572899">
        <ele>200.6</ele>
        <time>2023-06-10T15:12:43Z</time>
      </trkpt>
      <trkpt lat="44.164513" lon="-123.57267">
        <ele>200.6</ele>
        <time>2023-06-10T15:12:48Z</time>
      </trkpt>
      <trkpt lat="44.164131" lon="-123.572594">
        <ele>200.7</ele>
        <time>2023-06-10T15:12:54Z</time>
      </trkpt>
      <trkpt lat="44.163647" lon="-123.572647">
        <ele>201.0</ele>
        <time>2023-06-10T15:13:02Z</time>
      </trkpt>
      <trkpt lat="44.163372" lon="-123.572601">
        <ele>201.2</ele>
        <time>2023-06-10T15:13:07Z</time>
      </trkpt>
      <trkpt lat="44.163174" lon="-123.572533">
        <ele>201.3</ele>
        <time>2023-06-10T15:13:11Z</time>
      </trkpt>
      <trkpt lat="44.162945" lon="-123.572319">
        <ele>201.7</ele>
        <time>2023-06-10T15:13:16Z</time>
      </trkpt>
      <trkpt lat="44.16283" lon="-123.572159">
        <ele>202.2</ele>
        <time>2023-06-10T15:13:19Z</time>
      </trkpt>
      <trkpt lat="44.162415" lon="-123.571434">
        <ele>202.6</ele>
        <time>2023-06-10T15:13:31Z</time>
      </trkpt>
      <trkpt lat="44.162262" lon="-123.571281">
        <ele>203.2</ele>
        <time>2023-06-10T15:13:35Z</time>
      </trkpt>
      <trkpt lat="44.162113" lon="-123.571198">
        <ele>204.0</ele>
        <time>2023-06-10T15:13:39Z</time>
      </trkpt>
      <trkpt lat="44.162041" lon="-123.571175">
        <ele>204.2</ele>
        <time>2023-06-10T15:13:41Z</time>
      </trkpt>
      <trkpt lat="44.1619" lon="-123.57119">
        <ele>204.7</ele>
        <time>2023-06-10T15:13:44Z</time>
      </trkpt>
      <trkpt lat="44.1618" lon="-123.571266">
        <ele>204.7</ele>
        <time>2023-06-10T15:13:46Z</time>
      </trkpt>
      <trkpt lat="44.161713" lon="-123.571365">
        <ele>204.7</ele>
        <time>2023-06-10T15:13:48Z</time>
      </trkpt>
      <trkpt lat="44.161636" lon="-123.571472">
        <ele>204.7</ele>
        <time>2023-06-10T15:13:50Z</time>
      </trkpt>
      <trkpt lat="44.161575" lon="-123.571594">
        <ele>204.7</ele>
        <time>2023-06-10T15:13:52Z</time>
      </trkpt>
      <trkpt lat="44.161537" lon="-123.571747">
        <ele>204.7</ele>
        <time>2023-06-10T15:13:54Z</time>
      </trkpt>
      <trkpt lat="44.161423" lon="-123.572449">
        <ele>203.6</ele>
        <time>2023-06-10T15:14:02Z</time>
      </trkpt>
      <trkpt lat="44.16132" lon="-123.572701">
        <ele>202.3</ele>
        <time>2023-06-10T15:14:05Z</time>
      </trkpt>
      <trkpt lat="44.161175" lon="-123.572876">
        <ele>201.6</ele>
        <time>2023-06-10T15:14:08Z</time>
      </trkpt>
      <trkpt lat="44.161003" lon="-123.572998">
        <ele>200.7</ele>
        <time>2023-06-10T15:14:11Z</time>
      </trkpt>
      <trkpt lat="44.16077" lon="-123.573059">
        <ele>200.0</ele>
        <time>2023-06-10T15:14:15Z</time>
      </trkpt>
      <trkpt lat="44.159939" lon="-123.573074">
        <ele>200.6</ele>
        <time>2023-06-10T15:14:34Z</time>
      </trkpt>
      <trkpt lat="44.159668" lon="-123.573044">
        <ele>201.0</ele>
        <time>2023-06-10T15:14:41Z</time>
      </trkpt>
      <trkpt lat="44.158981" lon="-123.572723">
        <ele>200.7</ele>
        <time>2023-06-10T15:14:54Z</time>
      </trkpt>
      <trkpt lat="44.158836" lon="-123.572716">
        <ele>200.2</ele>
        <time>2023-06-10T15:14:56Z</time>
      </trkpt>
      <trkpt lat="44.158703" lon="-123.572784">
        <ele>199.7</ele>
        <time>2023-06-10T15:14:58Z</time>
      </trkpt>
      <trkpt lat="44.158588" lon="-123.572929">
        <ele>199.2</ele>
        <time>2023-06-10T15:15:00Z</time>
      </trkpt>
      <trkpt lat="44.158531" lon="-123.57312">
        <ele>198.7</ele>
        <time>2023-06-10T15:15:02Z</time>
      </trkpt>
      <trkpt lat="44.158496" lon="-123.573486">
        <ele>198.2</ele>
        <time>2023-06-10T15:15:05Z</time>
      </trkpt>
      <trkpt lat="44.158496" lon="-123.573677">
        <ele>197.3</ele>
        <time>2023-06-10T15:15:07Z</time>
      </trkpt>
      <trkpt lat="44.158417" lon="-123.573845">
        <ele>196.6</ele>
        <time>2023-06-10T15:15:09Z</time>
      </trkpt>
      <trkpt lat="44.158291" lon="-123.573997">
        <ele>196.3</ele>
        <time>2023-06-10T15:15:11Z</time>
      </trkpt>
      <trkpt lat="44.157875" lon="-123.574379">
        <ele>195.2</ele>
        <time>2023-06-10T15:15:16Z</time>
      </trkpt>
      <trkpt lat="44.157742" lon="-123.574623">
        <ele>194.2</ele>
        <time>2023-06-10T15:15:18Z</time>
      </trkpt>
      <trkpt lat="44.157707" lon="-123.57476">
        <ele>194.2</ele>
        <time>2023-06-10T15:15:19Z</time>
      </trkpt>
      <trkpt lat="44.157696" lon="-123.574913">
        <ele>193.6</ele>
        <time>2023-06-10T15:15:20Z</time>
      </trkpt>
      <trkpt lat="44.157738" lon="-123.575218">
        <ele>192.7</ele>
        <time>2023-06-10T15:15:22Z</time>
      </trkpt>
      <trkpt lat="44.157879" lon="-123.575775">
        <ele>190.3</ele>
        <time>2023-06-10T15:15:26Z</time>
      </trkpt>
      <trkpt lat="44.15794" lon="-123.576248">
        <ele>189.3</ele>
        <time>2023-06-10T15:15:29Z</time>
      </trkpt>
      <trkpt lat="44.157887" lon="-123.577354">
        <ele>185.7</ele>
        <time>2023-06-10T15:15:36Z</time>
      </trkpt>
      <trkpt lat="44.157928" lon="-123.577705">
        <ele>184.2</ele>
        <time>2023-06-10T15:15:38Z</time>
      </trkpt>
      <trkpt lat="44.1581" lon="-123.578255">
        <ele>181.6</ele>
        <time>2023-06-10T15:15:42Z</time>
      </trkpt>
      <trkpt lat="44.158131" lon="-123.578438">
        <ele>181.0</ele>
        <time>2023-06-10T15:15:43Z</time>
      </trkpt>
      <trkpt lat="44.158119" lon="-123.578743">
        <ele>179.3</ele>
        <time>2023-06-10T15:15:45Z</time>
      </trkpt>
      <trkpt lat="44.158092" lon="-123.578903">
        <ele>178.7</ele>
        <time>2023-06-10T15:15:46Z</time>
      </trkpt>
      <trkpt lat="44.158047" lon="-123.579056">
        <ele>178.2</ele>
        <time>2023-06-10T15:15:47Z</time>
      </trkpt>
      <trkpt lat="44.157978" lon="-123.579185">
        <ele>177.6</ele>
        <time>2023-06-10T15:15:48Z</time>
      </trkpt>
      <trkpt lat="44.157742" lon="-123.579506">
        <ele>176.3</ele>
        <time>2023-06-10T15:15:51Z</time>
      </trkpt>
      <trkpt lat="44.157478" lon="-123.580078">
        <ele>173.3</ele>
        <time>2023-06-10T15:15:55Z</time>
      </trkpt>
      <trkpt lat="44.157356" lon="-123.580391">
        <ele>172.2</ele>
        <time>2023-06-10T15:15:57Z</time>
      </trkpt>
      <trkpt lat="44.157284" lon="-123.580719">
        <ele>170.7</ele>
        <time>2023-06-10T15:15:59Z</time>
      </trkpt>
      <trkpt lat="44.157169" lon="-123.581413">
        <ele>168.0</ele>
        <time>2023-06-10T15:16:03Z</time>
      </trkpt>
      <trkpt lat="44.157103" lon="-123.58168">
        <ele>166.3</ele>
        <time>2023-06-10T15:16:05Z</time>
      </trkpt>
      <trkpt lat="44.156994" lon="-123.581985">
        <ele>165.0</ele>
        <time>2023-06-10T15:16:07Z</time>
      </trkpt>
      <trkpt lat="44.156742" lon="-123.582672">
        <ele>162.0</ele>
        <time>2023-06-10T15:16:11Z</time>
      </trkpt>
      <trkpt lat="44.15641" lon="-123.583412">
        <ele>158.7</ele>
        <time>2023-06-10T15:16:16Z</time>
      </trkpt>
      <trkpt lat="44.15609" lon="-123.584358">
        <ele>154.3</ele>
        <time>2023-06-10T15:16:22Z</time>
      </trkpt>
      <trkpt lat="44.155972" lon="-123.584641">
        <ele>152.7</ele>
        <time>2023-06-10T15:16:24Z</time>
      </trkpt>
      <trkpt lat="44.155842" lon="-123.584915">
        <ele>151.6</ele>
        <time>2023-06-10T15:16:26Z</time>
      </trkpt>
      <trkpt lat="44.155704" lon="-123.585129">
        <ele>150.3</ele>
        <time>2023-06-10T15:16:28Z</time>
      </trkpt>
      <trkpt lat="44.155609" lon="-123.58522">
        <ele>149.6</ele>
        <time>2023-06-10T15:16:29Z</time>
      </trkpt>
      <trkpt lat="44.155502" lon="-123.585274">
        <ele>149.0</ele>
        <time>2023-06-10T15:16:30Z</time>
      </trkpt>
      <trkpt lat="44.155273" lon="-123.585335">
        <ele>147.7</ele>
        <time>2023-06-10T15:16:32Z</time>
      </trkpt>
      <trkpt lat="44.15472" lon="-123.585403">
        <ele>145.2</ele>
        <time>2023-06-10T15:16:37Z</time>
      </trkpt>
      <trkpt lat="44.154476" lon="-123.585403">
        <ele>144.2</ele>
        <time>2023-06-10T15:16:39Z</time>
      </trkpt>
      <trkpt lat="44.154285" lon="-123.58535">
        <ele>143.3</ele>
        <time>2023-06-10T15:16:41Z</time>
      </trkpt>
      <trkpt lat="44.153896" lon="-123.585144">
        <ele>142.7</ele>
        <time>2023-06-10T15:16:45Z</time>
      </trkpt>
      <trkpt lat="44.153358" lon="-123.584717">
        <ele>141.3</ele>
        <time>2023-06-10T15:16:51Z</time>
      </trkpt>
      <trkpt lat="44.152706" lon="-123.584145">
        <ele>139.6</ele>
        <time>2023-06-10T15:16:58Z</time>
      </trkpt>
      <trkpt lat="44.152209" lon="-123.583748">
        <ele>137.3</ele>
        <time>2023-06-10T15:17:03Z</time>
      </trkpt>
      <trkpt lat="44.152107" lon="-123.583679">
        <ele>136.7</ele>
        <time>2023-06-10T15:17:04Z</time>
      </trkpt>
      <trkpt lat="44.152" lon="-123.583633">
        <ele>136.3</ele>
        <time>2023-06-10T15:17:05Z</time>
      </trkpt>
      <trkpt lat="44.151794" lon="-123.583633">
        <ele>135.0</ele>
        <time>2023-06-10T15:17:07Z</time>
      </trkpt>
      <trkpt lat="44.151585" lon="-123.583656">
        <ele>133.7</ele>
        <time>2023-06-10T15:17:09Z</time>
      </trkpt>
      <trkpt lat="44.15115" lon="-123.583778">
        <ele>131.2</ele>
        <time>2023-06-10T15:17:13Z</time>
      </trkpt>
      <trkpt lat="44.151039" lon="-123.583778">
        <ele>130.6</ele>
        <time>2023-06-10T15:17:14Z</time>
      </trkpt>
      <trkpt lat="44.150398" lon="-123.583702">
        <ele>128.0</ele>
        <time>2023-06-10T15:17:20Z</time>
      </trkpt>
      <trkpt lat="44.150188" lon="-123.583717">
        <ele>127.3</ele>
        <time>2023-06-10T15:17:22Z</time>
      </trkpt>
      <trkpt lat="44.147357" lon="-123.584038">
        <ele>120.2</ele>
        <time>2023-06-10T15:17:51Z</time>
      </trkpt>
      <trkpt lat="44.146729" lon="-123.584122">
        <ele>119.7</ele>
        <time>2023-06-10T15:17:59Z</time>
      </trkpt>
      <trkpt lat="44.146286" lon="-123.584297">
        <ele>119.7</ele>
        <time>2023-06-10T15:18:05Z</time>
      </trkpt>
      <trkpt lat="44.145779" lon="-123.584549">
        <ele>119.3</ele>
        <time>2023-06-10T15:18:12Z</time>
      </trkpt>
      <trkpt lat="44.145416" lon="-123.584824">
        <ele>119.2</ele>
        <time>2023-06-10T15:18:17Z</time>
      </trkpt>
      <trkpt lat="44.145351" lon="-123.584908">
        <ele>119.0</ele>
        <time>2023-06-10T15:18:18Z</time>
      </trkpt>
      <trkpt lat="44.145149" lon="-123.58532">
        <ele>118.0</ele>
        <time>2023-06-10T15:18:22Z</time>
      </trkpt>
      <trkpt lat="44.144782" lon="-123.58654">
        <ele>115.6</ele>
        <time>2023-06-10T15:18:34Z</time>
      </trkpt>
      <trkpt lat="44.144627" lon="-123.586945">
        <ele>115.3</ele>
        <time>2023-06-10T15:18:38Z</time>
      </trkpt>
      <trkpt lat="44.144531" lon="-123.587128">
        <ele>115.2</ele>
        <time>2023-06-10T15:18:40Z</time>
      </trkpt>
      <trkpt lat="44.144302" lon="-123.58741">
        <ele>115.0</ele>
        <time>2023-06-10T15:18:44Z</time>
      </trkpt>
      <trkpt lat="44.143879" lon="-123.587784">
        <ele>114.3</ele>
        <time>2023-06-10T15:18:51Z</time>
      </trkpt>
      <trkpt lat="44.143078" lon="-123.588394">
        <ele>114.2</ele>
        <time>2023-06-10T15:19:05Z</time>
      </trkpt>
      <trkpt lat="44.142189" lon="-123.589134">
        <ele>116.6</ele>
        <time>2023-06-10T15:19:24Z</time>
      </trkpt>
      <trkpt lat="44.141917" lon="-123.589325">
        <ele>117.3</ele>
        <time>2023-06-10T15:19:30Z</time>
      </trkpt>
      <trkpt lat="44.141682" lon="-123.58947">
        <ele>117.7</ele>
        <time>2023-06-10T15:19:35Z</time>
      </trkpt>
      <trkpt lat="44.141514" lon="-123.589546">
        <ele>118.0</ele>
        <time>2023-06-10T15:19:38Z</time>
      </trkpt>
      <trkpt lat="44.141354" lon="-123.589584">
        <ele>118.0</ele>
        <time>2023-06-10T15:19:41Z</time>
      </trkpt>
      <trkpt lat="44.140942" lon="-123.589622">
        <ele>118.0</ele>
        <time>2023-06-10T15:19:48Z</time>
      </trkpt>
      <trkpt lat="44.140099" lon="-123.590019">
        <ele>116.7</ele>
        <time>2023-06-10T15:20:01Z</time>
      </trkpt>
      <trkpt lat="44.139946" lon="-123.590019">
        <ele>116.6</ele>
        <time>2023-06-10T15:20:03Z</time>
      </trkpt>
      <trkpt lat="44.139725" lon="-123.589981">
        <ele>116.0</ele>
        <time>2023-06-10T15:20:06Z</time>
      </trkpt>
      <trkpt lat="44.13876" lon="-123.589684">
        <ele>114.2</ele>
        <time>2023-06-10T15:20:20Z</time>
      </trkpt>
      <trkpt lat="44.13863" lon="-123.589684">
        <ele>114.0</ele>
        <time>2023-06-10T15:20:22Z</time>
      </trkpt>
      <trkpt lat="44.138371" lon="-123.58976">
        <ele>114.0</ele>
        <time>2023-06-10T15:20:26Z</time>
      </trkpt>
      <trkpt lat="44.138119" lon="-123.589897">
        <ele>113.7</ele>
        <time>2023-06-10T15:20:30Z</time>
      </trkpt>
      <trkpt lat="44.137802" lon="-123.590233">
        <ele>113.6</ele>
        <time>2023-06-10T15:20:36Z</time>
      </trkpt>
      <trkpt lat="44.137604" lon="-123.590599">
        <ele>113.3</ele>
        <time>2023-06-10T15:20:41Z</time>
      </trkpt>
      <trkpt lat="44.137409" lon="-123.591194">
        <ele>113.2</ele>
        <time>2023-06-10T15:20:48Z</time>
      </trkpt>
      <trkpt lat="44.136883" lon="-123.593002">
        <ele>112.3</ele>
        <time>2023-06-10T15:21:08Z</time>
      </trkpt>
      <trkpt lat="44.13673" lon="-123.593597">
        <ele>112.3</ele>
        <time>2023-06-10T15:21:15Z</time>
      </trkpt>
      <trkpt lat="44.13665" lon="-123.594017">
        <ele>112.6</ele>
        <time>2023-06-10T15:21:20Z</time>
      </trkpt>
      <trkpt lat="44.136517" lon="-123.5952">
        <ele>113.2</ele>
        <time>2023-06-10T15:21:34Z</time>
      </trkpt>
      <trkpt lat="44.136555" lon="-123.595963">
        <ele>113.6</ele>
        <time>2023-06-10T15:21:43Z</time>
      </trkpt>
      <trkpt lat="44.136597" lon="-123.596344">
        <ele>114.2</ele>
        <time>2023-06-10T15:21:48Z</time>
      </trkpt>
      <trkpt lat="44.136772" lon="-123.597267">
        <ele>115.2</ele>
        <time>2023-06-10T15:22:01Z</time>
      </trkpt>
      <trkpt lat="44.137043" lon="-123.59903">
        <ele>117.0</ele>
        <time>2023-06-10T15:22:25Z</time>
      </trkpt>
      <trkpt lat="44.137245" lon="-123.600182">
        <ele>119.0</ele>
        <time>2023-06-10T15:22:43Z</time>
      </trkpt>
      <trkpt lat="44.137367" lon="-123.601227">
        <ele>120.2</ele>
        <time>2023-06-10T15:22:58Z</time>
      </trkpt>
      <trkpt lat="44.137409" lon="-123.60144">
        <ele>120.3</ele>
        <time>2023-06-10T15:23:01Z</time>
      </trkpt>
      <trkpt lat="44.137577" lon="-123.602646">
        <ele>120.2</ele>
        <time>2023-06-10T15:23:16Z</time>
      </trkpt>
      <trkpt lat="44.137619" lon="-123.602974">
        <ele>120.0</ele>
        <time>2023-06-10T15:23:20Z</time>
      </trkpt>
      <trkpt lat="44.137619" lon="-123.603539">
        <ele>120.0</ele>
        <time>2023-06-10T15:23:28Z</time>
      </trkpt>
      <trkpt lat="44.137573" lon="-123.603867">
        <ele>120.6</ele>
        <time>2023-06-10T15:23:33Z</time>
      </trkpt>
      <trkpt lat="44.13747" lon="-123.605217">
        <ele>122.6</ele>
        <time>2023-06-10T15:23:53Z</time>
      </trkpt>
      <trkpt lat="44.137329" lon="-123.606201">
        <ele>121.3</ele>
        <time>2023-06-10T15:24:03Z</time>
      </trkpt>
      <trkpt lat="44.137165" lon="-123.606918">
        <ele>119.3</ele>
        <time>2023-06-10T15:24:10Z</time>
      </trkpt>
      <trkpt lat="44.136784" lon="-123.607925">
        <ele>117.2</ele>
        <time>2023-06-10T15:24:20Z</time>
      </trkpt>
      <trkpt lat="44.13615" lon="-123.609383">
        <ele>114.7</ele>
        <time>2023-06-10T15:24:35Z</time>
      </trkpt>
      <trkpt lat="44.135906" lon="-123.609871">
        <ele>113.7</ele>
        <time>2023-06-10T15:24:40Z</time>
      </trkpt>
      <trkpt lat="44.135582" lon="-123.610443">
        <ele>112.6</ele>
        <time>2023-06-10T15:24:46Z</time>
      </trkpt>
      <trkpt lat="44.135284" lon="-123.610901">
        <ele>111.0</ele>
        <time>2023-06-10T15:24:51Z</time>
      </trkpt>
      <trkpt lat="44.134773" lon="-123.61174">
        <ele>109.0</ele>
        <time>2023-06-10T15:25:00Z</time>
      </trkpt>
      <trkpt lat="44.134132" lon="-123.612679">
        <ele>108.0</ele>
        <time>2023-06-10T15:25:13Z</time>
      </trkpt>
      <trkpt lat="44.133797" lon="-123.613213">
        <ele>110.2</ele>
        <time>2023-06-10T15:25:23Z</time>
      </trkpt>
      <trkpt lat="44.133536" lon="-123.613518">
        <ele>111.3</ele>
        <time>2023-06-10T15:25:30Z</time>
      </trkpt>
      <trkpt lat="44.133198" lon="-123.613846">
        <ele>112.3</ele>
        <time>2023-06-10T15:25:38Z</time>
      </trkpt>
      <trkpt lat="44.132408" lon="-123.614426">
        <ele>111.7</ele>
        <time>2023-06-10T15:25:52Z</time>
      </trkpt>
      <trkpt lat="44.132153" lon="-123.614799">
        <ele>111.6</ele>
        <time>2023-06-10T15:25:58Z</time>
      </trkpt>
      <trkpt lat="44.1315" lon="-123.615669">
        <ele>112.0</ele>
        <time>2023-06-10T15:26:14Z</time>
      </trkpt>
      <trkpt lat="44.131252" lon="-123.615959">
        <ele>112.2</ele>
        <time>2023-06-10T15:26:19Z</time>
      </trkpt>
      <trkpt lat="44.131001" lon="-123.616348">
        <ele>112.0</ele>
        <time>2023-06-10T15:26:24Z</time>
      </trkpt>
      <trkpt lat="44.13068" lon="-123.616798">
        <ele>111.0</ele>
        <time>2023-06-10T15:26:30Z</time>
      </trkpt>
      <trkpt lat="44.13044" lon="-123.617065">
        <ele>109.7</ele>
        <time>2023-06-10T15:26:34Z</time>
      </trkpt>
      <trkpt lat="44.130322" lon="-123.617165">
        <ele>109.2</ele>
        <time>2023-06-10T15:26:36Z</time>
      </trkpt>
      <trkpt lat="44.129868" lon="-123.617447">
        <ele>108.6</ele>
        <time>2023-06-10T15:26:43Z</time>
      </trkpt>
      <trkpt lat="44.128471" lon="-123.618149">
        <ele>109.0</ele>
        <time>2023-06-10T15:27:07Z</time>
      </trkpt>
      <trkpt lat="44.127953" lon="-123.618439">
        <ele>108.0</ele>
        <time>2023-06-10T15:27:15Z</time>
      </trkpt>
      <trkpt lat="44.127731" lon="-123.618538">
        <ele>107.7</ele>
        <time>2023-06-10T15:27:18Z</time>
      </trkpt>
      <trkpt lat="44.126995" lon="-123.618927">
        <ele>107.2</ele>
        <time>2023-06-10T15:27:30Z</time>
      </trkpt>
      <trkpt lat="44.126678" lon="-123.619049">
        <ele>107.7</ele>
        <time>2023-06-10T15:27:36Z</time>
      </trkpt>
      <trkpt lat="44.12624" lon="-123.619171">
        <ele>108.3</ele>
        <time>2023-06-10T15:27:44Z</time>
      </trkpt>
      <trkpt lat="44.125763" lon="-123.619247">
        <ele>108.3</ele>
        <time>2023-06-10T15:27:52Z</time>
      </trkpt>
      <trkpt lat="44.125248" lon="-123.619263">
        <ele>108.0</ele>
        <time>2023-06-10T15:28:00Z</time>
      </trkpt>
      <trkpt lat="44.124241" lon="-123.619331">
        <ele>107.2</ele>
        <time>2023-06-10T15:28:16Z</time>
      </trkpt>
      <trkpt lat="44.123458" lon="-123.619423">
        <ele>107.0</ele>
        <time>2023-06-10T15:28:29Z</time>
      </trkpt>
      <trkpt lat="44.12339" lon="-123.619461">
        <ele>107.0</ele>
        <time>2023-06-10T15:28:30Z</time>
      </trkpt>
      <trkpt lat="44.123093" lon="-123.619728">
        <ele>106.7</ele>
        <time>2023-06-10T15:28:36Z</time>
      </trkpt>
      <trkpt lat="44.122871" lon="-123.620117">
        <ele>106.7</ele>
        <time>2023-06-10T15:28:42Z</time>
      </trkpt>
      <trkpt lat="44.122726" lon="-123.620613">
        <ele>106.7</ele>
        <time>2023-06-10T15:28:49Z</time>
      </trkpt>
      <trkpt lat="44.122215" lon="-123.622581">
        <ele>110.0</ele>
        <time>2023-06-10T15:29:21Z</time>
      </trkpt>
      <trkpt lat="44.121913" lon="-123.623848">
        <ele>112.7</ele>
        <time>2023-06-10T15:29:44Z</time>
      </trkpt>
      <trkpt lat="44.121815" lon="-123.624329">
        <ele>113.2</ele>
        <time>2023-06-10T15:29:52Z</time>
      </trkpt>
      <trkpt lat="44.121552" lon="-123.625885">
        <ele>112.2</ele>
        <time>2023-06-10T15:30:13Z</time>
      </trkpt>
      <trkpt lat="44.121464" lon="-123.626297">
        <ele>111.3</ele>
        <time>2023-06-10T15:30:18Z</time>
      </trkpt>
      <trkpt lat="44.121254" lon="-123.627632">
        <ele>111.0</ele>
        <time>2023-06-10T15:30:36Z</time>
      </trkpt>
      <trkpt lat="44.121136" lon="-123.628029">
        <ele>111.3</ele>
        <time>2023-06-10T15:30:42Z</time>
      </trkpt>
      <trkpt lat="44.120892" lon="-123.629028">
        <ele>111.3</ele>
        <time>2023-06-10T15:30:56Z</time>
      </trkpt>
      <trkpt lat="44.120758" lon="-123.629478">
        <ele>111.0</ele>
        <time>2023-06-10T15:31:02Z</time>
      </trkpt>
      <trkpt lat="44.120628" lon="-123.630127">
        <ele>110.6</ele>
        <time>2023-06-10T15:31:10Z</time>
      </trkpt>
      <trkpt lat="44.120613" lon="-123.630356">
        <ele>110.7</ele>
        <time>2023-06-10T15:31:13Z</time>
      </trkpt>
      <trkpt lat="44.120525" lon="-123.630966">
        <ele>110.6</ele>
        <time>2023-06-10T15:31:21Z</time>
      </trkpt>
      <trkpt lat="44.120235" lon="-123.632332">
        <ele>109.7</ele>
        <time>2023-06-10T15:31:40Z</time>
      </trkpt>
      <trkpt lat="44.119877" lon="-123.632973">
        <ele>109.6</ele>
        <time>2023-06-10T15:31:48Z</time>
      </trkpt>
      <trkpt lat="44.119408" lon="-123.634117">
        <ele>109.0</ele>
        <time>2023-06-10T15:32:03Z</time>
      </trkpt>
      <trkpt lat="44.119324" lon="-123.634407">
        <ele>109.0</ele>
        <time>2023-06-10T15:32:07Z</time>
      </trkpt>
      <trkpt lat="44.119286" lon="-123.634651">
        <ele>108.6</ele>
        <time>2023-06-10T15:32:10Z</time>
      </trkpt>
      <trkpt lat="44.119251" lon="-123.636414">
        <ele>106.2</ele>
        <time>2023-06-10T15:32:29Z</time>
      </trkpt>
      <trkpt lat="44.119262" lon="-123.63681">
        <ele>106.2</ele>
        <time>2023-06-10T15:32:34Z</time>
      </trkpt>
      <trkpt lat="44.119335" lon="-123.637459">
        <ele>107.3</ele>
        <time>2023-06-10T15:32:45Z</time>
      </trkpt>
      <trkpt lat="44.119629" lon="-123.639496">
        <ele>106.7</ele>
        <time>2023-06-10T15:33:14Z</time>
      </trkpt>
      <trkpt lat="44.11969" lon="-123.640114">
        <ele>106.2</ele>
        <time>2023-06-10T15:33:22Z</time>
      </trkpt>
      <trkpt lat="44.119705" lon="-123.640739">
        <ele>105.6</ele>
        <time>2023-06-10T15:33:30Z</time>
      </trkpt>
      <trkpt lat="44.119804" lon="-123.64193">
        <ele>105.3</ele>
        <time>2023-06-10T15:33:44Z</time>
      </trkpt>
      <trkpt lat="44.11985" lon="-123.642715">
        <ele>105.2</ele>
        <time>2023-06-10T15:33:53Z</time>
      </trkpt>
      <trkpt lat="44.119853" lon="-123.643242">
        <ele>104.7</ele>
        <time>2023-06-10T15:33:59Z</time>
      </trkpt>
      <trkpt lat="44.119929" lon="-123.645164">
        <ele>103.6</ele>
        <time>2023-06-10T15:34:20Z</time>
      </trkpt>
      <trkpt lat="44.119987" lon="-123.645782">
        <ele>103.2</ele>
        <time>2023-06-10T15:34:27Z</time>
      </trkpt>
      <trkpt lat="44.120071" lon="-123.647133">
        <ele>103.7</ele>
        <time>2023-06-10T15:34:43Z</time>
      </trkpt>
      <trkpt lat="44.12009" lon="-123.647545">
        <ele>104.0</ele>
        <time>2023-06-10T15:34:48Z</time>
      </trkpt>
      <trkpt lat="44.120087" lon="-123.64814">
        <ele>104.3</ele>
        <time>2023-06-10T15:34:56Z</time>
      </trkpt>
      <trkpt lat="44.120052" lon="-123.648422">
        <ele>104.6</ele>
        <time>2023-06-10T15:35:00Z</time>
      </trkpt>
      <trkpt lat="44.11998" lon="-123.648804">
        <ele>105.0</ele>
        <time>2023-06-10T15:35:05Z</time>
      </trkpt>
      <trkpt lat="44.119953" lon="-123.649193">
        <ele>105.3</ele>
        <time>2023-06-10T15:35:10Z</time>
      </trkpt>
      <trkpt lat="44.119961" lon="-123.649681">
        <ele>105.7</ele>
        <time>2023-06-10T15:35:16Z</time>
      </trkpt>
      <trkpt lat="44.120144" lon="-123.650826">
        <ele>106.2</ele>
        <time>2023-06-10T15:35:31Z</time>
      </trkpt>
      <trkpt lat="44.120266" lon="-123.652031">
        <ele>106.6</ele>
        <time>2023-06-10T15:35:46Z</time>
      </trkpt>
      <trkpt lat="44.120292" lon="-123.653053">
        <ele>106.2</ele>
        <time>2023-06-10T15:35:57Z</time>
      </trkpt>
      <trkpt lat="44.120239" lon="-123.65432">
        <ele>105.3</ele>
        <time>2023-06-10T15:36:10Z</time>
      </trkpt>
      <trkpt lat="44.120239" lon="-123.654755">
        <ele>105.2</ele>
        <time>2023-06-10T15:36:15Z</time>
      </trkpt>
      <trkpt lat="44.120304" lon="-123.655212">
        <ele>105.2</ele>
        <time>2023-06-10T15:36:21Z</time>
      </trkpt>
      <trkpt lat="44.120327" lon="-123.655724">
        <ele>106.7</ele>
        <time>2023-06-10T15:36:28Z</time>
      </trkpt>
      <trkpt lat="44.120373" lon="-123.656082">
        <ele>107.6</ele>
        <time>2023-06-10T15:36:33Z</time>
      </trkpt>
      <trkpt lat="44.120472" lon="-123.657326">
        <ele>107.7</ele>
        <time>2023-06-10T15:36:47Z</time>
      </trkpt>
      <trkpt lat="44.120514" lon="-123.6586">
        <ele>106.2</ele>
        <time>2023-06-10T15:37:00Z</time>
      </trkpt>
      <trkpt lat="44.120517" lon="-123.659355">
        <ele>104.7</ele>
        <time>2023-06-10T15:37:07Z</time>
      </trkpt>
      <trkpt lat="44.12051" lon="-123.659859">
        <ele>104.2</ele>
        <time>2023-06-10T15:37:12Z</time>
      </trkpt>
      <trkpt lat="44.120483" lon="-123.660301">
        <ele>104.2</ele>
        <time>2023-06-10T15:37:17Z</time>
      </trkpt>
      <trkpt lat="44.120399" lon="-123.660881">
        <ele>104.0</ele>
        <time>2023-06-10T15:37:24Z</time>
      </trkpt>
      <trkpt lat="44.120228" lon="-123.661537">
        <ele>104.7</ele>
        <time>2023-06-10T15:37:32Z</time>
      </trkpt>
      <trkpt lat="44.11998" lon="-123.662285">
        <ele>104.7</ele>
        <time>2023-06-10T15:37:41Z</time>
      </trkpt>
      <trkpt lat="44.119667" lon="-123.663315">
        <ele>103.3</ele>
        <time>2023-06-10T15:37:51Z</time>
      </trkpt>
      <trkpt lat="44.119377" lon="-123.664177">
        <ele>100.7</ele>
        <time>2023-06-10T15:37:59Z</time>
      </trkpt>
      <trkpt lat="44.119137" lon="-123.664658">
        <ele>100.2</ele>
        <time>2023-06-10T15:38:04Z</time>
      </trkpt>
      <trkpt lat="44.118675" lon="-123.665268">
        <ele>99.3</ele>
        <time>2023-06-10T15:38:13Z</time>
      </trkpt>
      <trkpt lat="44.118381" lon="-123.665588">
        <ele>99.2</ele>
        <time>2023-06-10T15:38:18Z</time>
      </trkpt>
      <trkpt lat="44.118263" lon="-123.665741">
        <ele>99.2</ele>
        <time>2023-06-10T15:38:20Z</time>
      </trkpt>
      <trkpt lat="44.117954" lon="-123.666023">
        <ele>99.0</ele>
        <time>2023-06-10T15:38:25Z</time>
      </trkpt>
      <trkpt lat="44.117832" lon="-123.6661">
        <ele>99.0</ele>
        <time>2023-06-10T15:38:27Z</time>
      </trkpt>
      <trkpt lat="44.117546" lon="-123.666183">
        <ele>98.7</ele>
        <time>2023-06-10T15:38:31Z</time>
      </trkpt>
      <trkpt lat="44.117344" lon="-123.666222">
        <ele>98.7</ele>
        <time>2023-06-10T15:38:34Z</time>
      </trkpt>
      <trkpt lat="44.11628" lon="-123.66629">
        <ele>99.3</ele>
        <time>2023-06-10T15:38:50Z</time>
      </trkpt>
      <trkpt lat="44.115902" lon="-123.666267">
        <ele>99.7</ele>
        <time>2023-06-10T15:38:56Z</time>
      </trkpt>
      <trkpt lat="44.115414" lon="-123.666153">
        <ele>100.3</ele>
        <time>2023-06-10T15:39:04Z</time>
      </trkpt>
      <trkpt lat="44.115349" lon="-123.666153">
        <ele>100.3</ele>
        <time>2023-06-10T15:39:05Z</time>
      </trkpt>
      <trkpt lat="44.115147" lon="-123.666168">
        <ele>100.2</ele>
        <time>2023-06-10T15:39:08Z</time>
      </trkpt>
      <trkpt lat="44.115017" lon="-123.666214">
        <ele>100.2</ele>
        <time>2023-06-10T15:39:10Z</time>
      </trkpt>
      <trkpt lat="44.114899" lon="-123.666306">
        <ele>100.3</ele>
        <time>2023-06-10T15:39:12Z</time>
      </trkpt>
      <trkpt lat="44.114792" lon="-123.666451">
        <ele>100.0</ele>
        <time>2023-06-10T15:39:14Z</time>
      </trkpt>
      <trkpt lat="44.114306" lon="-123.667412">
        <ele>99.3</ele>
        <time>2023-06-10T15:39:26Z</time>
      </trkpt>
      <trkpt lat="44.113998" lon="-123.667908">
        <ele>99.3</ele>
        <time>2023-06-10T15:39:33Z</time>
      </trkpt>
      <trkpt lat="44.113548" lon="-123.66851">
        <ele>99.7</ele>
        <time>2023-06-10T15:39:43Z</time>
      </trkpt>
      <trkpt lat="44.113361" lon="-123.668816">
        <ele>100.0</ele>
        <time>2023-06-10T15:39:48Z</time>
      </trkpt>
      <trkpt lat="44.113056" lon="-123.669395">
        <ele>100.6</ele>
        <time>2023-06-10T15:39:56Z</time>
      </trkpt>
      <trkpt lat="44.112801" lon="-123.669998">
        <ele>100.2</ele>
        <time>2023-06-10T15:40:04Z</time>
      </trkpt>
      <trkpt lat="44.112583" lon="-123.670624">
        <ele>99.6</ele>
        <time>2023-06-10T15:40:11Z</time>
      </trkpt>
      <trkpt lat="44.112263" lon="-123.671638">
        <ele>97.7</ele>
        <time>2023-06-10T15:40:22Z</time>
      </trkpt>
      <trkpt lat="44.111697" lon="-123.673248">
        <ele>96.2</ele>
        <time>2023-06-10T15:40:41Z</time>
      </trkpt>
      <trkpt lat="44.11137" lon="-123.673683">
        <ele>96.2</ele>
        <time>2023-06-10T15:40:48Z</time>
      </trkpt>
      <trkpt lat="44.111195" lon="-123.673798">
        <ele>96.2</ele>
        <time>2023-06-10T15:40:51Z</time>
      </trkpt>
      <trkpt lat="44.110683" lon="-123.673958">
        <ele>96.6</ele>
        <time>2023-06-10T15:40:59Z</time>
      </trkpt>
      <trkpt lat="44.110435" lon="-123.673973">
        <ele>97.0</ele>
        <time>2023-06-10T15:41:03Z</time>
      </trkpt>
      <trkpt lat="44.109978" lon="-123.673958">
        <ele>97.2</ele>
        <time>2023-06-10T15:41:10Z</time>
      </trkpt>
      <trkpt lat="44.109753" lon="-123.673988">
        <ele>97.3</ele>
        <time>2023-06-10T15:41:14Z</time>
      </trkpt>
      <trkpt lat="44.109505" lon="-123.673988">
        <ele>97.6</ele>
        <time>2023-06-10T15:41:18Z</time>
      </trkpt>
      <trkpt lat="44.109116" lon="-123.673935">
        <ele>97.3</ele>
        <time>2023-06-10T15:41:24Z</time>
      </trkpt>
      <trkpt lat="44.10878" lon="-123.673882">
        <ele>97.2</ele>
        <time>2023-06-10T15:41:29Z</time>
      </trkpt>
      <trkpt lat="44.10815" lon="-123.673737">
        <ele>97.2</ele>
        <time>2023-06-10T15:41:40Z</time>
      </trkpt>
      <trkpt lat="44.10794" lon="-123.673706">
        <ele>97.0</ele>
        <time>2023-06-10T15:41:44Z</time>
      </trkpt>
      <trkpt lat="44.107594" lon="-123.673714">
        <ele>97.6</ele>
        <time>2023-06-10T15:41:51Z</time>
      </trkpt>
      <trkpt lat="44.1073" lon="-123.673798">
        <ele>98.2</ele>
        <time>2023-06-10T15:41:57Z</time>
      </trkpt>
      <trkpt lat="44.107093" lon="-123.67382">
        <ele>98.6</ele>
        <time>2023-06-10T15:42:01Z</time>
      </trkpt>
      <trkpt lat="44.106926" lon="-123.673866">
        <ele>98.7</ele>
        <time>2023-06-10T15:42:04Z</time>
      </trkpt>
      <trkpt lat="44.106518" lon="-123.674019">
        <ele>99.3</ele>
        <time>2023-06-10T15:42:12Z</time>
      </trkpt>
      <trkpt lat="44.105816" lon="-123.674438">
        <ele>99.7</ele>
        <time>2023-06-10T15:42:26Z</time>
      </trkpt>
      <trkpt lat="44.105572" lon="-123.674629">
        <ele>99.7</ele>
        <time>2023-06-10T15:42:31Z</time>
      </trkpt>
      <trkpt lat="44.105343" lon="-123.674919">
        <ele>99.2</ele>
        <time>2023-06-10T15:42:36Z</time>
      </trkpt>
      <trkpt lat="44.105236" lon="-123.675133">
        <ele>99.0</ele>
        <time>2023-06-10T15:42:39Z</time>
      </trkpt>
      <trkpt lat="44.105044" lon="-123.675629">
        <ele>98.3</ele>
        <time>2023-06-10T15:42:45Z</time>
      </trkpt>
      <trkpt lat="44.104786" lon="-123.676369">
        <ele>98.0</ele>
        <time>2023-06-10T15:42:54Z</time>
      </trkpt>
      <trkpt lat="44.104591" lon="-123.677094">
        <ele>97.7</ele>
        <time>2023-06-10T15:43:02Z</time>
      </trkpt>
      <trkpt lat="44.104351" lon="-123.678665">
        <ele>97.3</ele>
        <time>2023-06-10T15:43:18Z</time>
      </trkpt>
      <trkpt lat="44.104221" lon="-123.679085">
        <ele>97.2</ele>
        <time>2023-06-10T15:43:23Z</time>
      </trkpt>
      <trkpt lat="44.104126" lon="-123.679337">
        <ele>97.2</ele>
        <time>2023-06-10T15:43:26Z</time>
      </trkpt>
      <trkpt lat="44.103821" lon="-123.680023">
        <ele>97.0</ele>
        <time>2023-06-10T15:43:34Z</time>
      </trkpt>
      <trkpt lat="44.103661" lon="-123.680428">
        <ele>96.6</ele>
        <time>2023-06-10T15:43:38Z</time>
      </trkpt>
      <trkpt lat="44.10353" lon="-123.680832">
        <ele>95.2</ele>
        <time>2023-06-10T15:43:42Z</time>
      </trkpt>
      <trkpt lat="44.103401" lon="-123.681374">
        <ele>94.2</ele>
        <time>2023-06-10T15:43:47Z</time>
      </trkpt>
      <trkpt lat="44.103172" lon="-123.68264">
        <ele>92.7</ele>
        <time>2023-06-10T15:43:58Z</time>
      </trkpt>
      <trkpt lat="44.103062" lon="-123.683113">
        <ele>92.7</ele>
        <time>2023-06-10T15:44:03Z</time>
      </trkpt>
      <trkpt lat="44.10297" lon="-123.683426">
        <ele>93.0</ele>
        <time>2023-06-10T15:44:07Z</time>
      </trkpt>
      <trkpt lat="44.102886" lon="-123.68383">
        <ele>94.2</ele>
        <time>2023-06-10T15:44:12Z</time>
      </trkpt>
      <trkpt lat="44.102585" lon="-123.685493">
        <ele>93.6</ele>
        <time>2023-06-10T15:44:30Z</time>
      </trkpt>
      <trkpt lat="44.102146" lon="-123.687424">
        <ele>96.3</ele>
        <time>2023-06-10T15:44:58Z</time>
      </trkpt>
      <trkpt lat="44.101974" lon="-123.687874">
        <ele>96.6</ele>
        <time>2023-06-10T15:45:05Z</time>
      </trkpt>
      <trkpt lat="44.101685" lon="-123.6884">
        <ele>96.7</ele>
        <time>2023-06-10T15:45:13Z</time>
      </trkpt>
      <trkpt lat="44.101421" lon="-123.688988">
        <ele>97.0</ele>
        <time>2023-06-10T15:45:21Z</time>
      </trkpt>
      <trkpt lat="44.10078" lon="-123.690536">
        <ele>95.3</ele>
        <time>2023-06-10T15:45:39Z</time>
      </trkpt>
      <trkpt lat="44.100395" lon="-123.691544">
        <ele>93.0</ele>
        <time>2023-06-10T15:45:49Z</time>
      </trkpt>
      <trkpt lat="44.100136" lon="-123.692169">
        <ele>91.2</ele>
        <time>2023-06-10T15:45:55Z</time>
      </trkpt>
      <trkpt lat="44.099445" lon="-123.693779">
        <ele>89.2</ele>
        <time>2023-06-10T15:46:12Z</time>
      </trkpt>
      <trkpt lat="44.098957" lon="-123.694839">
        <ele>89.3</ele>
        <time>2023-06-10T15:46:25Z</time>
      </trkpt>
      <trkpt lat="44.098717" lon="-123.695419">
        <ele>90.0</ele>
        <time>2023-06-10T15:46:32Z</time>
      </trkpt>
      <trkpt lat="44.098339" lon="-123.696396">
        <ele>90.2</ele>
        <time>2023-06-10T15:46:44Z</time>
      </trkpt>
      <trkpt lat="44.097946" lon="-123.697289">
        <ele>90.6</ele>
        <time>2023-06-10T15:46:56Z</time>
      </trkpt>
      <trkpt lat="44.097637" lon="-123.698174">
        <ele>90.6</ele>
        <time>2023-06-10T15:47:07Z</time>
      </trkpt>
      <trkpt lat="44.097534" lon="-123.698578">
        <ele>90.7</ele>
        <time>2023-06-10T15:47:12Z</time>
      </trkpt>
      <trkpt lat="44.097466" lon="-123.698914">
        <ele>90.6</ele>
        <time>2023-06-10T15:47:16Z</time>
      </trkpt>
      <trkpt lat="44.097378" lon="-123.699593">
        <ele>90.6</ele>
        <time>2023-06-10T15:47:23Z</time>
      </trkpt>
      <trkpt lat="44.097285" lon="-123.700699">
        <ele>89.3</ele>
        <time>2023-06-10T15:47:34Z</time>
      </trkpt>
      <trkpt lat="44.097229" lon="-123.701065">
        <ele>89.3</ele>
        <time>2023-06-10T15:47:38Z</time>
      </trkpt>
      <trkpt lat="44.097164" lon="-123.701309">
        <ele>89.3</ele>
        <time>2023-06-10T15:47:41Z</time>
      </trkpt>
      <trkpt lat="44.096897" lon="-123.702072">
        <ele>90.7</ele>
        <time>2023-06-10T15:47:52Z</time>
      </trkpt>
      <trkpt lat="44.096825" lon="-123.702553">
        <ele>91.7</ele>
        <time>2023-06-10T15:47:59Z</time>
      </trkpt>
      <trkpt lat="44.096801" lon="-123.702896">
        <ele>92.2</ele>
        <time>2023-06-10T15:48:04Z</time>
      </trkpt>
      <trkpt lat="44.096813" lon="-123.703339">
        <ele>92.6</ele>
        <time>2023-06-10T15:48:10Z</time>
      </trkpt>
      <trkpt lat="44.096977" lon="-123.704964">
        <ele>91.0</ele>
        <time>2023-06-10T15:48:26Z</time>
      </trkpt>
      <trkpt lat="44.09708" lon="-123.705795">
        <ele>89.3</ele>
        <time>2023-06-10T15:48:34Z</time>
      </trkpt>
      <trkpt lat="44.09713" lon="-123.70639">
        <ele>89.3</ele>
        <time>2023-06-10T15:48:40Z</time>
      </trkpt>
      <trkpt lat="44.097145" lon="-123.707047">
        <ele>89.3</ele>
        <time>2023-06-10T15:48:47Z</time>
      </trkpt>
      <trkpt lat="44.097103" lon="-123.708473">
        <ele>90.0</ele>
        <time>2023-06-10T15:49:03Z</time>
      </trkpt>
      <trkpt lat="44.097244" lon="-123.70929">
        <ele>89.3</ele>
        <time>2023-06-10T15:49:11Z</time>
      </trkpt>
      <trkpt lat="44.097584" lon="-123.710243">
        <ele>87.7</ele>
        <time>2023-06-10T15:49:21Z</time>
      </trkpt>
      <trkpt lat="44.097691" lon="-123.710732">
        <ele>87.0</ele>
        <time>2023-06-10T15:49:26Z</time>
      </trkpt>
      <trkpt lat="44.097733" lon="-123.711166">
        <ele>87.0</ele>
        <time>2023-06-10T15:49:31Z</time>
      </trkpt>
      <trkpt lat="44.097748" lon="-123.711632">
        <ele>87.7</ele>
        <time>2023-06-10T15:49:37Z</time>
      </trkpt>
      <trkpt lat="44.097687" lon="-123.712311">
        <ele>90.0</ele>
        <time>2023-06-10T15:49:48Z</time>
      </trkpt>
      <trkpt lat="44.097651" lon="-123.712425">
        <ele>90.3</ele>
        <time>2023-06-10T15:49:50Z</time>
      </trkpt>
      <trkpt lat="44.097488" lon="-123.712692">
        <ele>91.0</ele>
        <time>2023-06-10T15:49:55Z</time>
      </trkpt>
      <trkpt lat="44.097412" lon="-123.712784">
        <ele>91.2</ele>
        <time>2023-06-10T15:49:57Z</time>
      </trkpt>
      <trkpt lat="44.097324" lon="-123.712852">
        <ele>91.3</ele>
        <time>2023-06-10T15:49:59Z</time>
      </trkpt>
      <trkpt lat="44.097178" lon="-123.712921">
        <ele>91.6</ele>
        <time>2023-06-10T15:50:02Z</time>
      </trkpt>
      <trkpt lat="44.09708" lon="-123.712929">
        <ele>91.7</ele>
        <time>2023-06-10T15:50:04Z</time>
      </trkpt>
      <trkpt lat="44.096859" lon="-123.712898">
        <ele>92.2</ele>
        <time>2023-06-10T15:50:08Z</time>
      </trkpt>
      <trkpt lat="44.096741" lon="-123.712898">
        <ele>92.2</ele>
        <time>2023-06-10T15:50:10Z</time>
      </trkpt>
      <trkpt lat="44.096618" lon="-123.712929">
        <ele>92.2</ele>
        <time>2023-06-10T15:50:12Z</time>
      </trkpt>
      <trkpt lat="44.0965" lon="-123.713005">
        <ele>92.2</ele>
        <time>2023-06-10T15:50:14Z</time>
      </trkpt>
      <trkpt lat="44.096336" lon="-123.713188">
        <ele>92.2</ele>
        <time>2023-06-10T15:50:17Z</time>
      </trkpt>
      <trkpt lat="44.096264" lon="-123.713394">
        <ele>92.2</ele>
        <time>2023-06-10T15:50:19Z</time>
      </trkpt>
      <trkpt lat="44.096237" lon="-123.713631">
        <ele>92.0</ele>
        <time>2023-06-10T15:50:21Z</time>
      </trkpt>
      <trkpt lat="44.096255" lon="-123.713882">
        <ele>91.6</ele>
        <time>2023-06-10T15:50:23Z</time>
      </trkpt>
      <trkpt lat="44.09655" lon="-123.714813">
        <ele>88.2</ele>
        <time>2023-06-10T15:50:30Z</time>
      </trkpt>
      <trkpt lat="44.096626" lon="-123.715355">
        <ele>85.7</ele>
        <time>2023-06-10T15:50:34Z</time>
      </trkpt>
      <trkpt lat="44.096645" lon="-123.715744">
        <ele>84.6</ele>
        <time>2023-06-10T15:50:37Z</time>
      </trkpt>
      <trkpt lat="44.096649" lon="-123.716827">
        <ele>82.2</ele>
        <time>2023-06-10T15:50:46Z</time>
      </trkpt>
      <trkpt lat="44.096703" lon="-123.718834">
        <ele>81.3</ele>
        <time>2023-06-10T15:51:02Z</time>
      </trkpt>
      <trkpt lat="44.096745" lon="-123.719597">
        <ele>79.0</ele>
        <time>2023-06-10T15:51:08Z</time>
      </trkpt>
      <trkpt lat="44.096752" lon="-123.720322">
        <ele>78.6</ele>
        <time>2023-06-10T15:51:15Z</time>
      </trkpt>
      <trkpt lat="44.096798" lon="-123.721512">
        <ele>79.2</ele>
        <time>2023-06-10T15:51:27Z</time>
      </trkpt>
      <trkpt lat="44.096855" lon="-123.722313">
        <ele>78.7</ele>
        <time>2023-06-10T15:51:35Z</time>
      </trkpt>
      <trkpt lat="44.096855" lon="-123.722755">
        <ele>78.7</ele>
        <time>2023-06-10T15:51:40Z</time>
      </trkpt>
      <trkpt lat="44.096817" lon="-123.723145">
        <ele>79.0</ele>
        <time>2023-06-10T15:51:45Z</time>
      </trkpt>
      <trkpt lat="44.096809" lon="-123.723412">
        <ele>79.6</ele>
        <time>2023-06-10T15:51:49Z</time>
      </trkpt>
      <trkpt lat="44.096478" lon="-123.724953">
        <ele>83.0</ele>
        <time>2023-06-10T15:52:11Z</time>
      </trkpt>
      <trkpt lat="44.096344" lon="-123.725838">
        <ele>82.7</ele>
        <time>2023-06-10T15:52:22Z</time>
      </trkpt>
      <trkpt lat="44.096043" lon="-123.727119">
        <ele>79.6</ele>
        <time>2023-06-10T15:52:34Z</time>
      </trkpt>
      <trkpt lat="44.095878" lon="-123.727737">
        <ele>78.6</ele>
        <time>2023-06-10T15:52:40Z</time>
      </trkpt>
      <trkpt lat="44.09574" lon="-123.728424">
        <ele>78.2</ele>
        <time>2023-06-10T15:52:47Z</time>
      </trkpt>
      <trkpt lat="44.095722" lon="-123.728912">
        <ele>78.2</ele>
        <time>2023-06-10T15:52:52Z</time>
      </trkpt>
      <trkpt lat="44.095771" lon="-123.729973">
        <ele>77.7</ele>
        <time>2023-06-10T15:53:03Z</time>
      </trkpt>
      <trkpt lat="44.095917" lon="-123.731422">
        <ele>77.3</ele>
        <time>2023-06-10T15:53:18Z</time>
      </trkpt>
      <trkpt lat="44.096012" lon="-123.732185">
        <ele>76.6</ele>
        <time>2023-06-10T15:53:26Z</time>
      </trkpt>
      <trkpt lat="44.096516" lon="-123.734444">
        <ele>76.0</ele>
        <time>2023-06-10T15:53:50Z</time>
      </trkpt>
      <trkpt lat="44.096622" lon="-123.73484">
        <ele>76.2</ele>
        <time>2023-06-10T15:53:55Z</time>
      </trkpt>
      <trkpt lat="44.097118" lon="-123.737122">
        <ele>75.7</ele>
        <time>2023-06-10T15:54:18Z</time>
      </trkpt>
      <trkpt lat="44.097233" lon="-123.737709">
        <ele>75.3</ele>
        <time>2023-06-10T15:54:24Z</time>
      </trkpt>
      <trkpt lat="44.097271" lon="-123.738228">
        <ele>75.0</ele>
        <time>2023-06-10T15:54:29Z</time>
      </trkpt>
      <trkpt lat="44.097267" lon="-123.738449">
        <ele>74.7</ele>
        <time>2023-06-10T15:54:31Z</time>
      </trkpt>
      <trkpt lat="44.09724" lon="-123.738663">
        <ele>74.6</ele>
        <time>2023-06-10T15:54:33Z</time>
      </trkpt>
      <trkpt lat="44.097095" lon="-123.739433">
        <ele>73.2</ele>
        <time>2023-06-10T15:54:40Z</time>
      </trkpt>
      <trkpt lat="44.096901" lon="-123.740105">
        <ele>72.3</ele>
        <time>2023-06-10T15:54:47Z</time>
      </trkpt>
      <trkpt lat="44.096676" lon="-123.740746">
        <ele>72.2</ele>
        <time>2023-06-10T15:54:54Z</time>
      </trkpt>
      <trkpt lat="44.096382" lon="-123.74144">
        <ele>72.2</ele>
        <time>2023-06-10T15:55:02Z</time>
      </trkpt>
      <trkpt lat="44.096176" lon="-123.742058">
        <ele>72.2</ele>
        <time>2023-06-10T15:55:09Z</time>
      </trkpt>
      <trkpt lat="44.096077" lon="-123.742409">
        <ele>72.3</ele>
        <time>2023-06-10T15:55:13Z</time>
      </trkpt>
      <trkpt lat="44.095901" lon="-123.743454">
        <ele>73.3</ele>
        <time>2023-06-10T15:55:25Z</time>
      </trkpt>
      <trkpt lat="44.09589" lon="-123.743912">
        <ele>73.7</ele>
        <time>2023-06-10T15:55:31Z</time>
      </trkpt>
      <trkpt lat="44.095917" lon="-123.744186">
        <ele>74.6</ele>
        <time>2023-06-10T15:55:36Z</time>
      </trkpt>
      <trkpt lat="44.096252" lon="-123.745018">
        <ele>78.7</ele>
        <time>2023-06-10T15:55:52Z</time>
      </trkpt>
      <trkpt lat="44.096313" lon="-123.745232">
        <ele>79.3</ele>
        <time>2023-06-10T15:55:55Z</time>
      </trkpt>
      <trkpt lat="44.096393" lon="-123.745628">
        <ele>79.6</ele>
        <time>2023-06-10T15:56:00Z</time>
      </trkpt>
      <trkpt lat="44.096462" lon="-123.746094">
        <ele>79.6</ele>
        <time>2023-06-10T15:56:05Z</time>
      </trkpt>
      <trkpt lat="44.096428" lon="-123.747208">
        <ele>77.3</ele>
        <time>2023-06-10T15:56:15Z</time>
      </trkpt>
      <trkpt lat="44.096355" lon="-123.747559">
        <ele>76.3</ele>
        <time>2023-06-10T15:56:18Z</time>
      </trkpt>
      <trkpt lat="44.096352" lon="-123.747917">
        <ele>75.3</ele>
        <time>2023-06-10T15:56:21Z</time>
      </trkpt>
      <trkpt lat="44.096245" lon="-123.748375">
        <ele>74.2</ele>
        <time>2023-06-10T15:56:25Z</time>
      </trkpt>
      <trkpt lat="44.096153" lon="-123.74897">
        <ele>72.7</ele>
        <time>2023-06-10T15:56:30Z</time>
      </trkpt>
      <trkpt lat="44.095833" lon="-123.750496">
        <ele>68.7</ele>
        <time>2023-06-10T15:56:43Z</time>
      </trkpt>
      <trkpt lat="44.095669" lon="-123.751167">
        <ele>68.6</ele>
        <time>2023-06-10T15:56:49Z</time>
      </trkpt>
      <trkpt lat="44.095531" lon="-123.751907">
        <ele>68.2</ele>
        <time>2023-06-10T15:56:56Z</time>
      </trkpt>
      <trkpt lat="44.09539" lon="-123.75251">
        <ele>68.3</ele>
        <time>2023-06-10T15:57:02Z</time>
      </trkpt>
      <trkpt lat="44.094791" lon="-123.754555">
        <ele>68.0</ele>
        <time>2023-06-10T15:57:23Z</time>
      </trkpt>
      <trkpt lat="44.094681" lon="-123.755066">
        <ele>67.3</ele>
        <time>2023-06-10T15:57:28Z</time>
      </trkpt>
      <trkpt lat="44.09465" lon="-123.755356">
        <ele>67.2</ele>
        <time>2023-06-10T15:57:31Z</time>
      </trkpt>
      <trkpt lat="44.094639" lon="-123.756027">
        <ele>67.0</ele>
        <time>2023-06-10T15:57:38Z</time>
      </trkpt>
      <trkpt lat="44.09465" lon="-123.756363">
        <ele>67.0</ele>
        <time>2023-06-10T15:57:42Z</time>
      </trkpt>
      <trkpt lat="44.094692" lon="-123.756508">
        <ele>67.0</ele>
        <time>2023-06-10T15:57:44Z</time>
      </trkpt>
      <trkpt lat="44.094906" lon="-123.756783">
        <ele>67.0</ele>
        <time>2023-06-10T15:57:52Z</time>
      </trkpt>
      <trkpt lat="44.094929" lon="-123.756897">
        <ele>67.6</ele>
        <time>2023-06-10T15:58:03Z</time>
      </trkpt>
      <trkpt lat="44.094948" lon="-123.756905">
        <ele>67.6</ele>
        <time>2023-06-10T15:58:07Z</time>
      </trkpt>
      <trkpt lat="44.094948" lon="-123.756874">
        <ele>67.6</ele>
        <time>2023-06-10T15:58:12Z</time>
      </trkpt>
      <trkpt lat="44.094906" lon="-123.756844">
        <ele>67.6</ele>
        <time>2023-06-10T15:58:16Z</time>
      </trkpt>
      <trkpt lat="44.094799" lon="-123.756912">
        <ele>67.3</ele>
        <time>2023-06-10T16:13:27Z</time>
      </trkpt>
      <trkpt lat="44.094757" lon="-123.75708">
        <ele>67.3</ele>
        <time>2023-06-10T16:13:32Z</time>
      </trkpt>
      <trkpt lat="44.094692" lon="-123.757233">
        <ele>67.3</ele>
        <time>2023-06-10T16:13:35Z</time>
      </trkpt>
      <trkpt lat="44.094692" lon="-123.757347">
        <ele>67.3</ele>
        <time>2023-06-10T16:13:37Z</time>
      </trkpt>
      <trkpt lat="44.094741" lon="-123.757736">
        <ele>67.3</ele>
        <time>2023-06-10T16:13:43Z</time>
      </trkpt>
      <trkpt lat="44.09489" lon="-123.758499">
        <ele>67.6</ele>
        <time>2023-06-10T16:13:54Z</time>
      </trkpt>
      <trkpt lat="44.09494" lon="-123.758682">
        <ele>67.7</ele>
        <time>2023-06-10T16:13:57Z</time>
      </trkpt>
      <trkpt lat="44.095165" lon="-123.759941">
        <ele>68.2</ele>
        <time>2023-06-10T16:14:14Z</time>
      </trkpt>
      <trkpt lat="44.095253" lon="-123.760735">
        <ele>68.2</ele>
        <time>2023-06-10T16:14:23Z</time>
      </trkpt>
      <trkpt lat="44.095367" lon="-123.762009">
        <ele>65.3</ele>
        <time>2023-06-10T16:14:36Z</time>
      </trkpt>
      <trkpt lat="44.095425" lon="-123.762886">
        <ele>64.3</ele>
        <time>2023-06-10T16:14:45Z</time>
      </trkpt>
      <trkpt lat="44.095444" lon="-123.763794">
        <ele>64.3</ele>
        <time>2023-06-10T16:14:55Z</time>
      </trkpt>
      <trkpt lat="44.095417" lon="-123.764473">
        <ele>64.6</ele>
        <time>2023-06-10T16:15:03Z</time>
      </trkpt>
      <trkpt lat="44.095207" lon="-123.766632">
        <ele>64.7</ele>
        <time>2023-06-10T16:15:27Z</time>
      </trkpt>
      <trkpt lat="44.095093" lon="-123.767426">
        <ele>64.0</ele>
        <time>2023-06-10T16:15:36Z</time>
      </trkpt>
      <trkpt lat="44.094589" lon="-123.769768">
        <ele>64.2</ele>
        <time>2023-06-10T16:16:04Z</time>
      </trkpt>
      <trkpt lat="44.094234" lon="-123.771942">
        <ele>64.7</ele>
        <time>2023-06-10T16:16:30Z</time>
      </trkpt>
      <trkpt lat="44.094082" lon="-123.773064">
        <ele>64.0</ele>
        <time>2023-06-10T16:16:42Z</time>
      </trkpt>
      <trkpt lat="44.093884" lon="-123.774155">
        <ele>63.6</ele>
        <time>2023-06-10T16:16:54Z</time>
      </trkpt>
      <trkpt lat="44.093693" lon="-123.775398">
        <ele>63.6</ele>
        <time>2023-06-10T16:17:09Z</time>
      </trkpt>
      <trkpt lat="44.093578" lon="-123.775833">
        <ele>63.6</ele>
        <time>2023-06-10T16:17:14Z</time>
      </trkpt>
      <trkpt lat="44.093506" lon="-123.775978">
        <ele>63.6</ele>
        <time>2023-06-10T16:17:16Z</time>
      </trkpt>
      <trkpt lat="44.093376" lon="-123.776154">
        <ele>63.6</ele>
        <time>2023-06-10T16:17:19Z</time>
      </trkpt>
      <trkpt lat="44.091579" lon="-123.777397">
        <ele>62.7</ele>
        <time>2023-06-10T16:17:51Z</time>
      </trkpt>
      <trkpt lat="44.091232" lon="-123.777542">
        <ele>62.0</ele>
        <time>2023-06-10T16:17:57Z</time>
      </trkpt>
      <trkpt lat="44.090961" lon="-123.777565">
        <ele>62.0</ele>
        <time>2023-06-10T16:18:02Z</time>
      </trkpt>
      <trkpt lat="44.090748" lon="-123.777512">
        <ele>62.0</ele>
        <time>2023-06-10T16:18:06Z</time>
      </trkpt>
      <trkpt lat="44.090641" lon="-123.777451">
        <ele>62.2</ele>
        <time>2023-06-10T16:18:08Z</time>
      </trkpt>
      <trkpt lat="44.090279" lon="-123.777191">
        <ele>63.0</ele>
        <time>2023-06-10T16:18:15Z</time>
      </trkpt>
      <trkpt lat="44.090008" lon="-123.776718">
        <ele>63.6</ele>
        <time>2023-06-10T16:18:23Z</time>
      </trkpt>
      <trkpt lat="44.089813" lon="-123.776161">
        <ele>63.7</ele>
        <time>2023-06-10T16:18:30Z</time>
      </trkpt>
      <trkpt lat="44.089645" lon="-123.775475">
        <ele>63.3</ele>
        <time>2023-06-10T16:18:39Z</time>
      </trkpt>
      <trkpt lat="44.089531" lon="-123.775124">
        <ele>64.3</ele>
        <time>2023-06-10T16:18:46Z</time>
      </trkpt>
      <trkpt lat="44.089474" lon="-123.774803">
        <ele>66.6</ele>
        <time>2023-06-10T16:18:53Z</time>
      </trkpt>
      <trkpt lat="44.089424" lon="-123.774628">
        <ele>67.6</ele>
        <time>2023-06-10T16:18:57Z</time>
      </trkpt>
      <trkpt lat="44.089298" lon="-123.774254">
        <ele>69.6</ele>
        <time>2023-06-10T16:19:06Z</time>
      </trkpt>
      <trkpt lat="44.089191" lon="-123.774063">
        <ele>70.6</ele>
        <time>2023-06-10T16:19:11Z</time>
      </trkpt>
      <trkpt lat="44.089035" lon="-123.773796">
        <ele>72.0</ele>
        <time>2023-06-10T16:19:18Z</time>
      </trkpt>
      <trkpt lat="44.088886" lon="-123.773621">
        <ele>73.0</ele>
        <time>2023-06-10T16:19:23Z</time>
      </trkpt>
      <trkpt lat="44.088009" lon="-123.77243">
        <ele>76.0</ele>
        <time>2023-06-10T16:19:52Z</time>
      </trkpt>
      <trkpt lat="44.087505" lon="-123.771736">
        <ele>78.3</ele>
        <time>2023-06-10T16:20:10Z</time>
      </trkpt>
      <trkpt lat="44.087421" lon="-123.771599">
        <ele>79.2</ele>
        <time>2023-06-10T16:20:14Z</time>
      </trkpt>
      <trkpt lat="44.087234" lon="-123.771423">
        <ele>80.6</ele>
        <time>2023-06-10T16:20:21Z</time>
      </trkpt>
      <trkpt lat="44.087025" lon="-123.771339">
        <ele>81.6</ele>
        <time>2023-06-10T16:20:27Z</time>
      </trkpt>
      <trkpt lat="44.086875" lon="-123.771339">
        <ele>82.7</ele>
        <time>2023-06-10T16:20:31Z</time>
      </trkpt>
      <trkpt lat="44.086735" lon="-123.771385">
        <ele>84.0</ele>
        <time>2023-06-10T16:20:35Z</time>
      </trkpt>
      <trkpt lat="44.086605" lon="-123.771484">
        <ele>85.0</ele>
        <time>2023-06-10T16:20:39Z</time>
      </trkpt>
      <trkpt lat="44.086441" lon="-123.771683">
        <ele>86.3</ele>
        <time>2023-06-10T16:20:45Z</time>
      </trkpt>
      <trkpt lat="44.086273" lon="-123.771843">
        <ele>87.3</ele>
        <time>2023-06-10T16:20:51Z</time>
      </trkpt>
      <trkpt lat="44.086018" lon="-123.772263">
        <ele>89.7</ele>
        <time>2023-06-10T16:21:03Z</time>
      </trkpt>
      <trkpt lat="44.08593" lon="-123.772621">
        <ele>90.6</ele>
        <time>2023-06-10T16:21:10Z</time>
      </trkpt>
      <trkpt lat="44.085999" lon="-123.773766">
        <ele>90.7</ele>
        <time>2023-06-10T16:21:26Z</time>
      </trkpt>
      <trkpt lat="44.08601" lon="-123.77475">
        <ele>88.3</ele>
        <time>2023-06-10T16:21:35Z</time>
      </trkpt>
      <trkpt lat="44.085987" lon="-123.776131">
        <ele>82.6</ele>
        <time>2023-06-10T16:21:46Z</time>
      </trkpt>
      <trkpt lat="44.086021" lon="-123.777451">
        <ele>79.0</ele>
        <time>2023-06-10T16:21:55Z</time>
      </trkpt>
      <trkpt lat="44.086006" lon="-123.77774">
        <ele>78.6</ele>
        <time>2023-06-10T16:21:57Z</time>
      </trkpt>
      <trkpt lat="44.085983" lon="-123.777878">
        <ele>78.0</ele>
        <time>2023-06-10T16:21:58Z</time>
      </trkpt>
      <trkpt lat="44.085743" lon="-123.778549">
        <ele>74.6</ele>
        <time>2023-06-10T16:22:03Z</time>
      </trkpt>
      <trkpt lat="44.085369" lon="-123.779373">
        <ele>71.3</ele>
        <time>2023-06-10T16:22:10Z</time>
      </trkpt>
      <trkpt lat="44.085304" lon="-123.77948">
        <ele>71.0</ele>
        <time>2023-06-10T16:22:11Z</time>
      </trkpt>
      <trkpt lat="44.085155" lon="-123.779846">
        <ele>70.0</ele>
        <time>2023-06-10T16:22:14Z</time>
      </trkpt>
      <trkpt lat="44.085087" lon="-123.780083">
        <ele>69.3</ele>
        <time>2023-06-10T16:22:16Z</time>
      </trkpt>
      <trkpt lat="44.084667" lon="-123.782204">
        <ele>61.6</ele>
        <time>2023-06-10T16:22:31Z</time>
      </trkpt>
      <trkpt lat="44.084457" lon="-123.783089">
        <ele>59.2</ele>
        <time>2023-06-10T16:22:38Z</time>
      </trkpt>
      <trkpt lat="44.084381" lon="-123.783325">
        <ele>58.6</ele>
        <time>2023-06-10T16:22:40Z</time>
      </trkpt>
      <trkpt lat="44.084133" lon="-123.783852">
        <ele>57.6</ele>
        <time>2023-06-10T16:22:45Z</time>
      </trkpt>
      <trkpt lat="44.083969" lon="-123.784126">
        <ele>57.2</ele>
        <time>2023-06-10T16:22:48Z</time>
      </trkpt>
      <trkpt lat="44.083652" lon="-123.784737">
        <ele>56.6</ele>
        <time>2023-06-10T16:22:54Z</time>
      </trkpt>
      <trkpt lat="44.081795" lon="-123.788376">
        <ele>53.2</ele>
        <time>2023-06-10T16:23:37Z</time>
      </trkpt>
      <trkpt lat="44.081295" lon="-123.789413">
        <ele>53.0</ele>
        <time>2023-06-10T16:23:51Z</time>
      </trkpt>
      <trkpt lat="44.081238" lon="-123.789604">
        <ele>53.2</ele>
        <time>2023-06-10T16:23:54Z</time>
      </trkpt>
      <trkpt lat="44.080753" lon="-123.790535">
        <ele>54.0</ele>
        <time>2023-06-10T16:24:09Z</time>
      </trkpt>
      <trkpt lat="44.080429" lon="-123.791">
        <ele>53.6</ele>
        <time>2023-06-10T16:24:18Z</time>
      </trkpt>
      <trkpt lat="44.07943" lon="-123.792046">
        <ele>52.2</ele>
        <time>2023-06-10T16:24:39Z</time>
      </trkpt>
      <trkpt lat="44.07851" lon="-123.79306">
        <ele>51.3</ele>
        <time>2023-06-10T16:24:56Z</time>
      </trkpt>
      <trkpt lat="44.077896" lon="-123.793678">
        <ele>51.2</ele>
        <time>2023-06-10T16:25:07Z</time>
      </trkpt>
      <trkpt lat="44.077613" lon="-123.793945">
        <ele>51.2</ele>
        <time>2023-06-10T16:25:12Z</time>
      </trkpt>
      <trkpt lat="44.077202" lon="-123.79425">
        <ele>51.3</ele>
        <time>2023-06-10T16:25:19Z</time>
      </trkpt>
      <trkpt lat="44.076752" lon="-123.794525">
        <ele>51.3</ele>
        <time>2023-06-10T16:25:26Z</time>
      </trkpt>
      <trkpt lat="44.076473" lon="-123.794655">
        <ele>51.3</ele>
        <time>2023-06-10T16:25:30Z</time>
      </trkpt>
      <trkpt lat="44.076336" lon="-123.794693">
        <ele>51.2</ele>
        <time>2023-06-10T16:25:32Z</time>
      </trkpt>
      <trkpt lat="44.075626" lon="-123.794701">
        <ele>51.0</ele>
        <time>2023-06-10T16:25:42Z</time>
      </trkpt>
      <trkpt lat="44.075363" lon="-123.794685">
        <ele>51.0</ele>
        <time>2023-06-10T16:25:46Z</time>
      </trkpt>
      <trkpt lat="44.075226" lon="-123.794655">
        <ele>51.0</ele>
        <time>2023-06-10T16:25:48Z</time>
      </trkpt>
      <trkpt lat="44.074734" lon="-123.794434">
        <ele>51.0</ele>
        <time>2023-06-10T16:25:56Z</time>
      </trkpt>
      <trkpt lat="44.074505" lon="-123.794235">
        <ele>51.0</ele>
        <time>2023-06-10T16:26:00Z</time>
      </trkpt>
      <trkpt lat="44.074249" lon="-123.793961">
        <ele>51.0</ele>
        <time>2023-06-10T16:26:05Z</time>
      </trkpt>
      <trkpt lat="44.073936" lon="-123.793564">
        <ele>50.6</ele>
        <time>2023-06-10T16:26:11Z</time>
      </trkpt>
      <trkpt lat="44.073711" lon="-123.793068">
        <ele>50.3</ele>
        <time>2023-06-10T16:26:17Z</time>
      </trkpt>
      <trkpt lat="44.073528" lon="-123.792519">
        <ele>50.2</ele>
        <time>2023-06-10T16:26:23Z</time>
      </trkpt>
      <trkpt lat="44.07296" lon="-123.791428">
        <ele>50.2</ele>
        <time>2023-06-10T16:26:37Z</time>
      </trkpt>
      <trkpt lat="44.072742" lon="-123.790825">
        <ele>50.0</ele>
        <time>2023-06-10T16:26:44Z</time>
      </trkpt>
      <trkpt lat="44.072514" lon="-123.789902">
        <ele>49.3</ele>
        <time>2023-06-10T16:26:54Z</time>
      </trkpt>
      <trkpt lat="44.07214" lon="-123.788017">
        <ele>49.0</ele>
        <time>2023-06-10T16:27:16Z</time>
      </trkpt>
      <trkpt lat="44.072018" lon="-123.787643">
        <ele>49.7</ele>
        <time>2023-06-10T16:27:22Z</time>
      </trkpt>
      <trkpt lat="44.071945" lon="-123.787498">
        <ele>50.6</ele>
        <time>2023-06-10T16:27:25Z</time>
      </trkpt>
      <trkpt lat="44.071793" lon="-123.787354">
        <ele>51.6</ele>
        <time>2023-06-10T16:27:29Z</time>
      </trkpt>
      <trkpt lat="44.071693" lon="-123.7873">
        <ele>52.2</ele>
        <time>2023-06-10T16:27:31Z</time>
      </trkpt>
      <trkpt lat="44.071587" lon="-123.7873">
        <ele>52.6</ele>
        <time>2023-06-10T16:27:33Z</time>
      </trkpt>
      <trkpt lat="44.07148" lon="-123.787338">
        <ele>52.7</ele>
        <time>2023-06-10T16:27:35Z</time>
      </trkpt>
      <trkpt lat="44.071388" lon="-123.78743">
        <ele>52.7</ele>
        <time>2023-06-10T16:27:37Z</time>
      </trkpt>
      <trkpt lat="44.07135" lon="-123.787498">
        <ele>52.7</ele>
        <time>2023-06-10T16:27:38Z</time>
      </trkpt>
      <trkpt lat="44.071041" lon="-123.788788">
        <ele>51.3</ele>
        <time>2023-06-10T16:27:51Z</time>
      </trkpt>
      <trkpt lat="44.070919" lon="-123.789085">
        <ele>49.7</ele>
        <time>2023-06-10T16:27:54Z</time>
      </trkpt>
      <trkpt lat="44.070744" lon="-123.789322">
        <ele>48.2</ele>
        <time>2023-06-10T16:27:57Z</time>
      </trkpt>
      <trkpt lat="44.070552" lon="-123.78949">
        <ele>47.6</ele>
        <time>2023-06-10T16:28:00Z</time>
      </trkpt>
      <trkpt lat="44.069781" lon="-123.790031">
        <ele>46.3</ele>
        <time>2023-06-10T16:28:13Z</time>
      </trkpt>
      <trkpt lat="44.069489" lon="-123.790253">
        <ele>47.0</ele>
        <time>2023-06-10T16:28:19Z</time>
      </trkpt>
      <trkpt lat="44.069027" lon="-123.790451">
        <ele>46.7</ele>
        <time>2023-06-10T16:28:27Z</time>
      </trkpt>
      <trkpt lat="44.068604" lon="-123.790565">
        <ele>46.2</ele>
        <time>2023-06-10T16:28:34Z</time>
      </trkpt>
      <trkpt lat="44.06797" lon="-123.790833">
        <ele>45.3</ele>
        <time>2023-06-10T16:28:45Z</time>
      </trkpt>
      <trkpt lat="44.066936" lon="-123.790863">
        <ele>44.2</ele>
        <time>2023-06-10T16:29:01Z</time>
      </trkpt>
      <trkpt lat="44.066563" lon="-123.790771">
        <ele>43.6</ele>
        <time>2023-06-10T16:29:07Z</time>
      </trkpt>
      <trkpt lat="44.066269" lon="-123.790565">
        <ele>43.3</ele>
        <time>2023-06-10T16:29:12Z</time>
      </trkpt>
      <trkpt lat="44.066071" lon="-123.790321">
        <ele>43.2</ele>
        <time>2023-06-10T16:29:16Z</time>
      </trkpt>
      <trkpt lat="44.065712" lon="-123.789558">
        <ele>42.7</ele>
        <time>2023-06-10T16:29:26Z</time>
      </trkpt>
      <trkpt lat="44.065617" lon="-123.789444">
        <ele>42.7</ele>
        <time>2023-06-10T16:29:28Z</time>
      </trkpt>
      <trkpt lat="44.065502" lon="-123.78936">
        <ele>42.6</ele>
        <time>2023-06-10T16:29:30Z</time>
      </trkpt>
      <trkpt lat="44.065319" lon="-123.789345">
        <ele>42.7</ele>
        <time>2023-06-10T16:29:33Z</time>
      </trkpt>
      <trkpt lat="44.065056" lon="-123.789436">
        <ele>42.6</ele>
        <time>2023-06-10T16:29:38Z</time>
      </trkpt>
      <trkpt lat="44.06488" lon="-123.789536">
        <ele>43.6</ele>
        <time>2023-06-10T16:29:42Z</time>
      </trkpt>
      <trkpt lat="44.064411" lon="-123.789871">
        <ele>47.0</ele>
        <time>2023-06-10T16:29:55Z</time>
      </trkpt>
      <trkpt lat="44.064377" lon="-123.789909">
        <ele>47.2</ele>
        <time>2023-06-10T16:29:56Z</time>
      </trkpt>
      <trkpt lat="44.064014" lon="-123.790131">
        <ele>49.2</ele>
        <time>2023-06-10T16:30:06Z</time>
      </trkpt>
      <trkpt lat="44.063408" lon="-123.790611">
        <ele>52.0</ele>
        <time>2023-06-10T16:30:23Z</time>
      </trkpt>
      <trkpt lat="44.063305" lon="-123.79071">
        <ele>52.2</ele>
        <time>2023-06-10T16:30:26Z</time>
      </trkpt>
      <trkpt lat="44.063122" lon="-123.79084">
        <ele>52.7</ele>
        <time>2023-06-10T16:30:31Z</time>
      </trkpt>
      <trkpt lat="44.062897" lon="-123.790977">
        <ele>53.3</ele>
        <time>2023-06-10T16:30:37Z</time>
      </trkpt>
      <trkpt lat="44.062778" lon="-123.791023">
        <ele>54.0</ele>
        <time>2023-06-10T16:30:40Z</time>
      </trkpt>
      <trkpt lat="44.062519" lon="-123.791191">
        <ele>55.0</ele>
        <time>2023-06-10T16:30:47Z</time>
      </trkpt>
      <trkpt lat="44.062359" lon="-123.791275">
        <ele>55.6</ele>
        <time>2023-06-10T16:30:51Z</time>
      </trkpt>
      <trkpt lat="44.062099" lon="-123.791351">
        <ele>56.3</ele>
        <time>2023-06-10T16:30:57Z</time>
      </trkpt>
      <trkpt lat="44.061794" lon="-123.791359">
        <ele>57.0</ele>
        <time>2023-06-10T16:31:04Z</time>
      </trkpt>
      <trkpt lat="44.061661" lon="-123.791321">
        <ele>57.0</ele>
        <time>2023-06-10T16:31:06Z</time>
      </trkpt>
      <trkpt lat="44.061554" lon="-123.79126">
        <ele>57.0</ele>
        <time>2023-06-10T16:31:09Z</time>
      </trkpt>
      <trkpt lat="44.061382" lon="-123.791191">
        <ele>57.0</ele>
        <time>2023-06-10T16:31:11Z</time>
      </trkpt>
      <trkpt lat="44.06131" lon="-123.791191">
        <ele>57.0</ele>
        <time>2023-06-10T16:31:12Z</time>
      </trkpt>
      <trkpt lat="44.061024" lon="-123.791245">
        <ele>57.0</ele>
        <time>2023-06-10T16:31:16Z</time>
      </trkpt>
      <trkpt lat="44.060879" lon="-123.791306">
        <ele>56.7</ele>
        <time>2023-06-10T16:31:18Z</time>
      </trkpt>
      <trkpt lat="44.060669" lon="-123.791466">
        <ele>55.7</ele>
        <time>2023-06-10T16:31:21Z</time>
      </trkpt>
      <trkpt lat="44.060314" lon="-123.791779">
        <ele>54.7</ele>
        <time>2023-06-10T16:31:26Z</time>
      </trkpt>
      <trkpt lat="44.059612" lon="-123.792465">
        <ele>51.0</ele>
        <time>2023-06-10T16:31:36Z</time>
      </trkpt>
      <trkpt lat="44.059322" lon="-123.792763">
        <ele>49.7</ele>
        <time>2023-06-10T16:31:40Z</time>
      </trkpt>
      <trkpt lat="44.058537" lon="-123.793663">
        <ele>45.6</ele>
        <time>2023-06-10T16:31:52Z</time>
      </trkpt>
      <trkpt lat="44.058189" lon="-123.794098">
        <ele>44.0</ele>
        <time>2023-06-10T16:31:56Z</time>
      </trkpt>
      <trkpt lat="44.057598" lon="-123.794968">
        <ele>41.0</ele>
        <time>2023-06-10T16:32:05Z</time>
      </trkpt>
      <trkpt lat="44.057246" lon="-123.795563">
        <ele>38.6</ele>
        <time>2023-06-10T16:32:11Z</time>
      </trkpt>
      <trkpt lat="44.057159" lon="-123.795769">
        <ele>38.0</ele>
        <time>2023-06-10T16:32:13Z</time>
      </trkpt>
      <trkpt lat="44.056744" lon="-123.797035">
        <ele>40.0</ele>
        <time>2023-06-10T16:32:30Z</time>
      </trkpt>
      <trkpt lat="44.056717" lon="-123.797226">
        <ele>41.3</ele>
        <time>2023-06-10T16:32:33Z</time>
      </trkpt>
      <trkpt lat="44.056709" lon="-123.797493">
        <ele>42.3</ele>
        <time>2023-06-10T16:32:38Z</time>
      </trkpt>
      <trkpt lat="44.056731" lon="-123.797691">
        <ele>43.6</ele>
        <time>2023-06-10T16:32:42Z</time>
      </trkpt>
      <trkpt lat="44.056838" lon="-123.79818">
        <ele>46.0</ele>
        <time>2023-06-10T16:32:52Z</time>
      </trkpt>
      <trkpt lat="44.056976" lon="-123.798645">
        <ele>48.0</ele>
        <time>2023-06-10T16:33:03Z</time>
      </trkpt>
      <trkpt lat="44.057182" lon="-123.799149">
        <ele>50.2</ele>
        <time>2023-06-10T16:33:14Z</time>
      </trkpt>
      <trkpt lat="44.057304" lon="-123.799515">
        <ele>51.2</ele>
        <time>2023-06-10T16:33:21Z</time>
      </trkpt>
      <trkpt lat="44.057381" lon="-123.799812">
        <ele>51.2</ele>
        <time>2023-06-10T16:33:26Z</time>
      </trkpt>
      <trkpt lat="44.057457" lon="-123.800697">
        <ele>51.2</ele>
        <time>2023-06-10T16:33:38Z</time>
      </trkpt>
      <trkpt lat="44.057552" lon="-123.802177">
        <ele>50.0</ele>
        <time>2023-06-10T16:33:54Z</time>
      </trkpt>
      <trkpt lat="44.057568" lon="-123.802711">
        <ele>49.2</ele>
        <time>2023-06-10T16:33:59Z</time>
      </trkpt>
      <trkpt lat="44.057549" lon="-123.802948">
        <ele>49.0</ele>
        <time>2023-06-10T16:34:01Z</time>
      </trkpt>
      <trkpt lat="44.057564" lon="-123.804939">
        <ele>45.2</ele>
        <time>2023-06-10T16:34:20Z</time>
      </trkpt>
      <trkpt lat="44.057583" lon="-123.805801">
        <ele>43.6</ele>
        <time>2023-06-10T16:34:28Z</time>
      </trkpt>
      <trkpt lat="44.057568" lon="-123.807114">
        <ele>41.2</ele>
        <time>2023-06-10T16:34:39Z</time>
      </trkpt>
      <trkpt lat="44.057522" lon="-123.808823">
        <ele>38.6</ele>
        <time>2023-06-10T16:34:54Z</time>
      </trkpt>
      <trkpt lat="44.057549" lon="-123.811737">
        <ele>39.2</ele>
        <time>2023-06-10T16:35:24Z</time>
      </trkpt>
      <trkpt lat="44.05751" lon="-123.812485">
        <ele>39.0</ele>
        <time>2023-06-10T16:35:31Z</time>
      </trkpt>
      <trkpt lat="44.057502" lon="-123.813332">
        <ele>37.2</ele>
        <time>2023-06-10T16:35:38Z</time>
      </trkpt>
      <trkpt lat="44.057522" lon="-123.813545">
        <ele>36.6</ele>
        <time>2023-06-10T16:35:40Z</time>
      </trkpt>
      <trkpt lat="44.057609" lon="-123.814072">
        <ele>35.3</ele>
        <time>2023-06-10T16:35:45Z</time>
      </trkpt>
      <trkpt lat="44.057739" lon="-123.814621">
        <ele>35.3</ele>
        <time>2023-06-10T16:35:51Z</time>
      </trkpt>
      <trkpt lat="44.057888" lon="-123.815178">
        <ele>35.7</ele>
        <time>2023-06-10T16:35:58Z</time>
      </trkpt>
      <trkpt lat="44.057972" lon="-123.815559">
        <ele>36.6</ele>
        <time>2023-06-10T16:36:03Z</time>
      </trkpt>
      <trkpt lat="44.058258" lon="-123.816544">
        <ele>38.3</ele>
        <time>2023-06-10T16:36:17Z</time>
      </trkpt>
      <trkpt lat="44.058407" lon="-123.816895">
        <ele>39.0</ele>
        <time>2023-06-10T16:36:23Z</time>
      </trkpt>
      <trkpt lat="44.058777" lon="-123.817604">
        <ele>41.0</ele>
        <time>2023-06-10T16:36:36Z</time>
      </trkpt>
      <trkpt lat="44.059052" lon="-123.818291">
        <ele>41.2</ele>
        <time>2023-06-10T16:36:46Z</time>
      </trkpt>
      <trkpt lat="44.059196" lon="-123.818726">
        <ele>41.2</ele>
        <time>2023-06-10T16:36:51Z</time>
      </trkpt>
      <trkpt lat="44.059681" lon="-123.81987">
        <ele>37.7</ele>
        <time>2023-06-10T16:37:03Z</time>
      </trkpt>
      <trkpt lat="44.059821" lon="-123.820236">
        <ele>37.0</ele>
        <time>2023-06-10T16:37:07Z</time>
      </trkpt>
      <trkpt lat="44.06004" lon="-123.821198">
        <ele>35.7</ele>
        <time>2023-06-10T16:37:17Z</time>
      </trkpt>
      <trkpt lat="44.060139" lon="-123.821503">
        <ele>35.7</ele>
        <time>2023-06-10T16:37:20Z</time>
      </trkpt>
      <trkpt lat="44.060425" lon="-123.822189">
        <ele>35.7</ele>
        <time>2023-06-10T16:37:27Z</time>
      </trkpt>
      <trkpt lat="44.060974" lon="-123.823334">
        <ele>34.2</ele>
        <time>2023-06-10T16:37:38Z</time>
      </trkpt>
      <trkpt lat="44.061283" lon="-123.824059">
        <ele>30.7</ele>
        <time>2023-06-10T16:37:45Z</time>
      </trkpt>
      <trkpt lat="44.061646" lon="-123.824844">
        <ele>31.2</ele>
        <time>2023-06-10T16:37:57Z</time>
      </trkpt>
      <trkpt lat="44.061718" lon="-123.825066">
        <ele>32.7</ele>
        <time>2023-06-10T16:38:01Z</time>
      </trkpt>
      <trkpt lat="44.061779" lon="-123.825432">
        <ele>34.6</ele>
        <time>2023-06-10T16:38:08Z</time>
      </trkpt>
      <trkpt lat="44.061718" lon="-123.826347">
        <ele>39.0</ele>
        <time>2023-06-10T16:38:26Z</time>
      </trkpt>
      <trkpt lat="44.061741" lon="-123.826599">
        <ele>39.6</ele>
        <time>2023-06-10T16:38:31Z</time>
      </trkpt>
      <trkpt lat="44.061798" lon="-123.82679">
        <ele>40.2</ele>
        <time>2023-06-10T16:38:35Z</time>
      </trkpt>
      <trkpt lat="44.061882" lon="-123.826942">
        <ele>41.2</ele>
        <time>2023-06-10T16:38:39Z</time>
      </trkpt>
      <trkpt lat="44.061958" lon="-123.827011">
        <ele>41.7</ele>
        <time>2023-06-10T16:38:42Z</time>
      </trkpt>
      <trkpt lat="44.062435" lon="-123.827141">
        <ele>44.3</ele>
        <time>2023-06-10T16:38:55Z</time>
      </trkpt>
      <trkpt lat="44.062695" lon="-123.82724">
        <ele>45.0</ele>
        <time>2023-06-10T16:39:01Z</time>
      </trkpt>
      <trkpt lat="44.062782" lon="-123.827293">
        <ele>45.0</ele>
        <time>2023-06-10T16:39:03Z</time>
      </trkpt>
      <trkpt lat="44.063068" lon="-123.82753">
        <ele>45.0</ele>
        <time>2023-06-10T16:39:09Z</time>
      </trkpt>
      <trkpt lat="44.063332" lon="-123.827858">
        <ele>45.0</ele>
        <time>2023-06-10T16:39:14Z</time>
      </trkpt>
      <trkpt lat="44.063862" lon="-123.828705">
        <ele>42.0</ele>
        <time>2023-06-10T16:39:23Z</time>
      </trkpt>
      <trkpt lat="44.064186" lon="-123.829269">
        <ele>39.3</ele>
        <time>2023-06-10T16:39:28Z</time>
      </trkpt>
      <trkpt lat="44.064697" lon="-123.830002">
        <ele>35.6</ele>
        <time>2023-06-10T16:39:35Z</time>
      </trkpt>
      <trkpt lat="44.064835" lon="-123.830231">
        <ele>34.6</ele>
        <time>2023-06-10T16:39:37Z</time>
      </trkpt>
      <trkpt lat="44.064949" lon="-123.830467">
        <ele>33.3</ele>
        <time>2023-06-10T16:39:39Z</time>
      </trkpt>
      <trkpt lat="44.065029" lon="-123.830719">
        <ele>32.0</ele>
        <time>2023-06-10T16:39:41Z</time>
      </trkpt>
      <trkpt lat="44.065079" lon="-123.830986">
        <ele>31.0</ele>
        <time>2023-06-10T16:39:43Z</time>
      </trkpt>
      <trkpt lat="44.065105" lon="-123.831253">
        <ele>29.7</ele>
        <time>2023-06-10T16:39:45Z</time>
      </trkpt>
      <trkpt lat="44.065098" lon="-123.831726">
        <ele>27.2</ele>
        <time>2023-06-10T16:39:50Z</time>
      </trkpt>
      <trkpt lat="44.065178" lon="-123.83223">
        <ele>25.3</ele>
        <time>2023-06-10T16:39:56Z</time>
      </trkpt>
      <trkpt lat="44.065269" lon="-123.833275">
        <ele>22.6</ele>
        <time>2023-06-10T16:40:07Z</time>
      </trkpt>
      <trkpt lat="44.065315" lon="-123.834045">
        <ele>21.7</ele>
        <time>2023-06-10T16:40:15Z</time>
      </trkpt>
      <trkpt lat="44.065295" lon="-123.835373">
        <ele>20.7</ele>
        <time>2023-06-10T16:40:29Z</time>
      </trkpt>
      <trkpt lat="44.065353" lon="-123.83596">
        <ele>20.0</ele>
        <time>2023-06-10T16:40:35Z</time>
      </trkpt>
      <trkpt lat="44.065483" lon="-123.836609">
        <ele>19.0</ele>
        <time>2023-06-10T16:40:42Z</time>
      </trkpt>
      <trkpt lat="44.065823" lon="-123.83799">
        <ele>18.7</ele>
        <time>2023-06-10T16:40:57Z</time>
      </trkpt>
      <trkpt lat="44.06604" lon="-123.838661">
        <ele>18.7</ele>
        <time>2023-06-10T16:41:05Z</time>
      </trkpt>
      <trkpt lat="44.066227" lon="-123.83918">
        <ele>19.2</ele>
        <time>2023-06-10T16:41:12Z</time>
      </trkpt>
      <trkpt lat="44.066685" lon="-123.840263">
        <ele>20.0</ele>
        <time>2023-06-10T16:41:28Z</time>
      </trkpt>
      <trkpt lat="44.066784" lon="-123.840469">
        <ele>20.0</ele>
        <time>2023-06-10T16:41:30Z</time>
      </trkpt>
      <trkpt lat="44.066944" lon="-123.840736">
        <ele>20.0</ele>
        <time>2023-06-10T16:41:34Z</time>
      </trkpt>
      <trkpt lat="44.067234" lon="-123.841286">
        <ele>20.0</ele>
        <time>2023-06-10T16:41:42Z</time>
      </trkpt>
      <trkpt lat="44.067421" lon="-123.841537">
        <ele>19.7</ele>
        <time>2023-06-10T16:41:46Z</time>
      </trkpt>
      <trkpt lat="44.06773" lon="-123.841881">
        <ele>19.7</ele>
        <time>2023-06-10T16:41:52Z</time>
      </trkpt>
      <trkpt lat="44.068588" lon="-123.842667">
        <ele>18.6</ele>
        <time>2023-06-10T16:42:07Z</time>
      </trkpt>
      <trkpt lat="44.069065" lon="-123.843002">
        <ele>17.6</ele>
        <time>2023-06-10T16:42:15Z</time>
      </trkpt>
      <trkpt lat="44.069668" lon="-123.843391">
        <ele>17.0</ele>
        <time>2023-06-10T16:42:25Z</time>
      </trkpt>
      <trkpt lat="44.07" lon="-123.843628">
        <ele>17.0</ele>
        <time>2023-06-10T16:42:31Z</time>
      </trkpt>
      <trkpt lat="44.070362" lon="-123.843925">
        <ele>17.2</ele>
        <time>2023-06-10T16:42:38Z</time>
      </trkpt>
      <trkpt lat="44.071156" lon="-123.844635">
        <ele>17.3</ele>
        <time>2023-06-10T16:42:54Z</time>
      </trkpt>
      <trkpt lat="44.071499" lon="-123.845055">
        <ele>17.3</ele>
        <time>2023-06-10T16:43:01Z</time>
      </trkpt>
      <trkpt lat="44.07185" lon="-123.845627">
        <ele>17.2</ele>
        <time>2023-06-10T16:43:09Z</time>
      </trkpt>
      <trkpt lat="44.072636" lon="-123.847023">
        <ele>16.6</ele>
        <time>2023-06-10T16:43:29Z</time>
      </trkpt>
      <trkpt lat="44.072956" lon="-123.847771">
        <ele>16.3</ele>
        <time>2023-06-10T16:43:39Z</time>
      </trkpt>
      <trkpt lat="44.073105" lon="-123.848228">
        <ele>16.2</ele>
        <time>2023-06-10T16:43:45Z</time>
      </trkpt>
      <trkpt lat="44.073368" lon="-123.849327">
        <ele>16.2</ele>
        <time>2023-06-10T16:43:58Z</time>
      </trkpt>
      <trkpt lat="44.073493" lon="-123.850006">
        <ele>15.6</ele>
        <time>2023-06-10T16:44:06Z</time>
      </trkpt>
      <trkpt lat="44.073711" lon="-123.851372">
        <ele>15.6</ele>
        <time>2023-06-10T16:44:22Z</time>
      </trkpt>
      <trkpt lat="44.073891" lon="-123.85273">
        <ele>16.6</ele>
        <time>2023-06-10T16:44:39Z</time>
      </trkpt>
      <trkpt lat="44.074017" lon="-123.854256">
        <ele>16.7</ele>
        <time>2023-06-10T16:44:57Z</time>
      </trkpt>
      <trkpt lat="44.074139" lon="-123.856064">
        <ele>15.7</ele>
        <time>2023-06-10T16:45:18Z</time>
      </trkpt>
      <trkpt lat="44.074249" lon="-123.858261">
        <ele>15.0</ele>
        <time>2023-06-10T16:45:43Z</time>
      </trkpt>
      <trkpt lat="44.07434" lon="-123.859085">
        <ele>15.0</ele>
        <time>2023-06-10T16:45:52Z</time>
      </trkpt>
      <trkpt lat="44.074482" lon="-123.859787">
        <ele>14.7</ele>
        <time>2023-06-10T16:46:00Z</time>
      </trkpt>
      <trkpt lat="44.074661" lon="-123.860527">
        <ele>14.6</ele>
        <time>2023-06-10T16:46:09Z</time>
      </trkpt>
      <trkpt lat="44.074825" lon="-123.861115">
        <ele>13.7</ele>
        <time>2023-06-10T16:46:16Z</time>
      </trkpt>
      <trkpt lat="44.075108" lon="-123.861992">
        <ele>13.6</ele>
        <time>2023-06-10T16:46:27Z</time>
      </trkpt>
      <trkpt lat="44.075245" lon="-123.862511">
        <ele>13.6</ele>
        <time>2023-06-10T16:46:33Z</time>
      </trkpt>
      <trkpt lat="44.075413" lon="-123.863251">
        <ele>13.2</ele>
        <time>2023-06-10T16:46:41Z</time>
      </trkpt>
      <trkpt lat="44.07584" lon="-123.864822">
        <ele>12.2</ele>
        <time>2023-06-10T16:46:58Z</time>
      </trkpt>
      <trkpt lat="44.076019" lon="-123.865562">
        <ele>12.0</ele>
        <time>2023-06-10T16:47:06Z</time>
      </trkpt>
      <trkpt lat="44.076344" lon="-123.867065">
        <ele>11.8</ele>
        <time>2023-06-10T16:47:23Z</time>
      </trkpt>
      <trkpt lat="44.076405" lon="-123.867409">
        <ele>11.8</ele>
        <time>2023-06-10T16:47:27Z</time>
      </trkpt>
      <trkpt lat="44.076492" lon="-123.868111">
        <ele>11.6</ele>
        <time>2023-06-10T16:47:35Z</time>
      </trkpt>
      <trkpt lat="44.076542" lon="-123.868736">
        <ele>11.3</ele>
        <time>2023-06-10T16:47:42Z</time>
      </trkpt>
      <trkpt lat="44.076595" lon="-123.869919">
        <ele>11.3</ele>
        <time>2023-06-10T16:47:54Z</time>
      </trkpt>
      <trkpt lat="44.076595" lon="-123.870262">
        <ele>11.3</ele>
        <time>2023-06-10T16:47:58Z</time>
      </trkpt>
      <trkpt lat="44.07655" lon="-123.870987">
        <ele>11.1</ele>
        <time>2023-06-10T16:48:06Z</time>
      </trkpt>
      <trkpt lat="44.07645" lon="-123.871735">
        <ele>11.1</ele>
        <time>2023-06-10T16:48:14Z</time>
      </trkpt>
      <trkpt lat="44.076244" lon="-123.872704">
        <ele>11.1</ele>
        <time>2023-06-10T16:48:25Z</time>
      </trkpt>
      <trkpt lat="44.075932" lon="-123.873512">
        <ele>11.0</ele>
        <time>2023-06-10T16:48:35Z</time>
      </trkpt>
      <trkpt lat="44.075821" lon="-123.873741">
        <ele>11.0</ele>
        <time>2023-06-10T16:48:38Z</time>
      </trkpt>
      <trkpt lat="44.075508" lon="-123.874252">
        <ele>10.8</ele>
        <time>2023-06-10T16:48:45Z</time>
      </trkpt>
      <trkpt lat="44.075252" lon="-123.874603">
        <ele>10.8</ele>
        <time>2023-06-10T16:48:50Z</time>
      </trkpt>
      <trkpt lat="44.075157" lon="-123.874779">
        <ele>10.8</ele>
        <time>2023-06-10T16:48:52Z</time>
      </trkpt>
      <trkpt lat="44.075104" lon="-123.87484">
        <ele>10.8</ele>
        <time>2023-06-10T16:48:53Z</time>
      </trkpt>
      <trkpt lat="44.074855" lon="-123.875084">
        <ele>10.8</ele>
        <time>2023-06-10T16:48:58Z</time>
      </trkpt>
      <trkpt lat="44.074604" lon="-123.875381">
        <ele>10.8</ele>
        <time>2023-06-10T16:49:03Z</time>
      </trkpt>
      <trkpt lat="44.074207" lon="-123.875771">
        <ele>10.8</ele>
        <time>2023-06-10T16:49:11Z</time>
      </trkpt>
      <trkpt lat="44.074162" lon="-123.875832">
        <ele>10.8</ele>
        <time>2023-06-10T16:49:12Z</time>
      </trkpt>
      <trkpt lat="44.073532" lon="-123.876305">
        <ele>10.6</ele>
        <time>2023-06-10T16:49:23Z</time>
      </trkpt>
      <trkpt lat="44.07304" lon="-123.876625">
        <ele>10.6</ele>
        <time>2023-06-10T16:49:31Z</time>
      </trkpt>
      <trkpt lat="44.071312" lon="-123.877525">
        <ele>10.8</ele>
        <time>2023-06-10T16:49:56Z</time>
      </trkpt>
      <trkpt lat="44.070976" lon="-123.877678">
        <ele>10.6</ele>
        <time>2023-06-10T16:50:01Z</time>
      </trkpt>
      <trkpt lat="44.070381" lon="-123.878044">
        <ele>10.6</ele>
        <time>2023-06-10T16:50:10Z</time>
      </trkpt>
      <trkpt lat="44.068661" lon="-123.879219">
        <ele>9.3</ele>
        <time>2023-06-10T16:50:37Z</time>
      </trkpt>
      <trkpt lat="44.067226" lon="-123.880173">
        <ele>8.1</ele>
        <time>2023-06-10T16:51:00Z</time>
      </trkpt>
      <trkpt lat="44.06609" lon="-123.880905">
        <ele>9.3</ele>
        <time>2023-06-10T16:51:21Z</time>
      </trkpt>
      <trkpt lat="44.064812" lon="-123.881805">
        <ele>9.0</ele>
        <time>2023-06-10T16:51:43Z</time>
      </trkpt>
      <trkpt lat="44.06435" lon="-123.882187">
        <ele>8.3</ele>
        <time>2023-06-10T16:51:51Z</time>
      </trkpt>
      <trkpt lat="44.064014" lon="-123.882507">
        <ele>8.0</ele>
        <time>2023-06-10T16:51:57Z</time>
      </trkpt>
      <trkpt lat="44.063431" lon="-123.883118">
        <ele>7.8</ele>
        <time>2023-06-10T16:52:08Z</time>
      </trkpt>
      <trkpt lat="44.062637" lon="-123.883987">
        <ele>8.0</ele>
        <time>2023-06-10T16:52:24Z</time>
      </trkpt>
      <trkpt lat="44.06158" lon="-123.885109">
        <ele>8.1</ele>
        <time>2023-06-10T16:52:46Z</time>
      </trkpt>
      <trkpt lat="44.06139" lon="-123.885338">
        <ele>8.3</ele>
        <time>2023-06-10T16:52:50Z</time>
      </trkpt>
      <trkpt lat="44.060783" lon="-123.885979">
        <ele>8.3</ele>
        <time>2023-06-10T16:53:03Z</time>
      </trkpt>
      <trkpt lat="44.060394" lon="-123.886345">
        <ele>8.3</ele>
        <time>2023-06-10T16:53:11Z</time>
      </trkpt>
      <trkpt lat="44.059582" lon="-123.887177">
        <ele>8.8</ele>
        <time>2023-06-10T16:53:27Z</time>
      </trkpt>
      <trkpt lat="44.059154" lon="-123.88755">
        <ele>8.8</ele>
        <time>2023-06-10T16:53:35Z</time>
      </trkpt>
      <trkpt lat="44.05872" lon="-123.887886">
        <ele>8.3</ele>
        <time>2023-06-10T16:53:43Z</time>
      </trkpt>
      <trkpt lat="44.057758" lon="-123.888458">
        <ele>8.0</ele>
        <time>2023-06-10T16:54:00Z</time>
      </trkpt>
      <trkpt lat="44.057178" lon="-123.888725">
        <ele>7.8</ele>
        <time>2023-06-10T16:54:10Z</time>
      </trkpt>
      <trkpt lat="44.056683" lon="-123.888885">
        <ele>7.8</ele>
        <time>2023-06-10T16:54:18Z</time>
      </trkpt>
      <trkpt lat="44.056046" lon="-123.88903">
        <ele>7.8</ele>
        <time>2023-06-10T16:54:28Z</time>
      </trkpt>
      <trkpt lat="44.055518" lon="-123.889076">
        <ele>7.6</ele>
        <time>2023-06-10T16:54:36Z</time>
      </trkpt>
      <trkpt lat="44.054935" lon="-123.889091">
        <ele>7.3</ele>
        <time>2023-06-10T16:54:45Z</time>
      </trkpt>
      <trkpt lat="44.054283" lon="-123.88903">
        <ele>7.3</ele>
        <time>2023-06-10T16:54:55Z</time>
      </trkpt>
      <trkpt lat="44.053707" lon="-123.888908">
        <ele>7.1</ele>
        <time>2023-06-10T16:55:04Z</time>
      </trkpt>
      <trkpt lat="44.053303" lon="-123.888802">
        <ele>7.1</ele>
        <time>2023-06-10T16:55:11Z</time>
      </trkpt>
      <trkpt lat="44.052872" lon="-123.888634">
        <ele>7.1</ele>
        <time>2023-06-10T16:55:19Z</time>
      </trkpt>
      <trkpt lat="44.052425" lon="-123.888435">
        <ele>7.0</ele>
        <time>2023-06-10T16:55:27Z</time>
      </trkpt>
      <trkpt lat="44.051895" lon="-123.888161">
        <ele>6.8</ele>
        <time>2023-06-10T16:55:37Z</time>
      </trkpt>
      <trkpt lat="44.051315" lon="-123.887794">
        <ele>7.0</ele>
        <time>2023-06-10T16:55:48Z</time>
      </trkpt>
      <trkpt lat="44.050694" lon="-123.887291">
        <ele>7.0</ele>
        <time>2023-06-10T16:56:02Z</time>
      </trkpt>
      <trkpt lat="44.050236" lon="-123.886864">
        <ele>7.0</ele>
        <time>2023-06-10T16:56:14Z</time>
      </trkpt>
      <trkpt lat="44.050018" lon="-123.886635">
        <ele>7.0</ele>
        <time>2023-06-10T16:56:20Z</time>
      </trkpt>
      <trkpt lat="44.049892" lon="-123.886536">
        <ele>7.0</ele>
        <time>2023-06-10T16:56:24Z</time>
      </trkpt>
      <trkpt lat="44.049511" lon="-123.886139">
        <ele>7.1</ele>
        <time>2023-06-10T16:56:35Z</time>
      </trkpt>
      <trkpt lat="44.048893" lon="-123.885262">
        <ele>7.0</ele>
        <time>2023-06-10T16:56:52Z</time>
      </trkpt>
      <trkpt lat="44.048473" lon="-123.884583">
        <ele>7.1</ele>
        <time>2023-06-10T16:57:03Z</time>
      </trkpt>
      <trkpt lat="44.0481" lon="-123.884071">
        <ele>7.3</ele>
        <time>2023-06-10T16:57:12Z</time>
      </trkpt>
      <trkpt lat="44.046928" lon="-123.882767">
        <ele>7.8</ele>
        <time>2023-06-10T16:57:38Z</time>
      </trkpt>
      <trkpt lat="44.045734" lon="-123.881493">
        <ele>7.8</ele>
        <time>2023-06-10T16:58:03Z</time>
      </trkpt>
      <trkpt lat="44.045597" lon="-123.881317">
        <ele>7.8</ele>
        <time>2023-06-10T16:58:06Z</time>
      </trkpt>
      <trkpt lat="44.045048" lon="-123.880417">
        <ele>8.0</ele>
        <time>2023-06-10T16:58:20Z</time>
      </trkpt>
      <trkpt lat="44.044361" lon="-123.879341">
        <ele>7.6</ele>
        <time>2023-06-10T16:58:37Z</time>
      </trkpt>
      <trkpt lat="44.04356" lon="-123.878288">
        <ele>5.8</ele>
        <time>2023-06-10T16:58:53Z</time>
      </trkpt>
      <trkpt lat="44.04314" lon="-123.877686">
        <ele>5.3</ele>
        <time>2023-06-10T16:59:02Z</time>
      </trkpt>
      <trkpt lat="44.042202" lon="-123.876427">
        <ele>5.0</ele>
        <time>2023-06-10T16:59:23Z</time>
      </trkpt>
      <trkpt lat="44.041931" lon="-123.876015">
        <ele>4.8</ele>
        <time>2023-06-10T16:59:30Z</time>
      </trkpt>
      <trkpt lat="44.041473" lon="-123.87542">
        <ele>4.6</ele>
        <time>2023-06-10T16:59:41Z</time>
      </trkpt>
      <trkpt lat="44.041397" lon="-123.875343">
        <ele>4.6</ele>
        <time>2023-06-10T16:59:43Z</time>
      </trkpt>
      <trkpt lat="44.041084" lon="-123.874779">
        <ele>4.6</ele>
        <time>2023-06-10T16:59:52Z</time>
      </trkpt>
      <trkpt lat="44.040897" lon="-123.87426">
        <ele>4.8</ele>
        <time>2023-06-10T16:59:59Z</time>
      </trkpt>
      <trkpt lat="44.04073" lon="-123.873589">
        <ele>4.8</ele>
        <time>2023-06-10T17:00:07Z</time>
      </trkpt>
      <trkpt lat="44.040667" lon="-123.872871">
        <ele>4.8</ele>
        <time>2023-06-10T17:00:15Z</time>
      </trkpt>
      <trkpt lat="44.040714" lon="-123.872292">
        <ele>4.6</ele>
        <time>2023-06-10T17:00:21Z</time>
      </trkpt>
      <trkpt lat="44.040954" lon="-123.871124">
        <ele>4.1</ele>
        <time>2023-06-10T17:00:34Z</time>
      </trkpt>
      <trkpt lat="44.041016" lon="-123.870644">
        <ele>4.1</ele>
        <time>2023-06-10T17:00:39Z</time>
      </trkpt>
      <trkpt lat="44.04103" lon="-123.870239">
        <ele>4.1</ele>
        <time>2023-06-10T17:00:43Z</time>
      </trkpt>
      <trkpt lat="44.040981" lon="-123.869659">
        <ele>3.8</ele>
        <time>2023-06-10T17:00:49Z</time>
      </trkpt>
      <trkpt lat="44.040836" lon="-123.869102">
        <ele>3.8</ele>
        <time>2023-06-10T17:00:55Z</time>
      </trkpt>
      <trkpt lat="44.040642" lon="-123.868576">
        <ele>3.6</ele>
        <time>2023-06-10T17:01:01Z</time>
      </trkpt>
      <trkpt lat="44.040569" lon="-123.868401">
        <ele>3.6</ele>
        <time>2023-06-10T17:01:03Z</time>
      </trkpt>
      <trkpt lat="44.040332" lon="-123.868019">
        <ele>3.6</ele>
        <time>2023-06-10T17:01:08Z</time>
      </trkpt>
      <trkpt lat="44.040058" lon="-123.867706">
        <ele>3.3</ele>
        <time>2023-06-10T17:01:13Z</time>
      </trkpt>
      <trkpt lat="44.039513" lon="-123.867134">
        <ele>3.6</ele>
        <time>2023-06-10T17:01:23Z</time>
      </trkpt>
      <trkpt lat="44.03928" lon="-123.866959">
        <ele>3.6</ele>
        <time>2023-06-10T17:01:27Z</time>
      </trkpt>
      <trkpt lat="44.036312" lon="-123.863884">
        <ele>2.6</ele>
        <time>2023-06-10T17:02:21Z</time>
      </trkpt>
      <trkpt lat="44.035961" lon="-123.863556">
        <ele>2.6</ele>
        <time>2023-06-10T17:02:28Z</time>
      </trkpt>
      <trkpt lat="44.035697" lon="-123.863274">
        <ele>2.6</ele>
        <time>2023-06-10T17:02:34Z</time>
      </trkpt>
      <trkpt lat="44.034843" lon="-123.862434">
        <ele>2.6</ele>
        <time>2023-06-10T17:02:53Z</time>
      </trkpt>
      <trkpt lat="44.034344" lon="-123.861984">
        <ele>2.6</ele>
        <time>2023-06-10T17:03:05Z</time>
      </trkpt>
      <trkpt lat="44.033558" lon="-123.861374">
        <ele>3.0</ele>
        <time>2023-06-10T17:03:22Z</time>
      </trkpt>
      <trkpt lat="44.033115" lon="-123.860977">
        <ele>2.8</ele>
        <time>2023-06-10T17:03:32Z</time>
      </trkpt>
      <trkpt lat="44.03281" lon="-123.860756">
        <ele>2.6</ele>
        <time>2023-06-10T17:03:38Z</time>
      </trkpt>
      <trkpt lat="44.032134" lon="-123.860207">
        <ele>2.1</ele>
        <time>2023-06-10T17:03:52Z</time>
      </trkpt>
      <trkpt lat="44.031471" lon="-123.859726">
        <ele>2.0</ele>
        <time>2023-06-10T17:04:07Z</time>
      </trkpt>
      <trkpt lat="44.031235" lon="-123.859535">
        <ele>2.0</ele>
        <time>2023-06-10T17:04:13Z</time>
      </trkpt>
      <trkpt lat="44.030655" lon="-123.859154">
        <ele>2.8</ele>
        <time>2023-06-10T17:04:29Z</time>
      </trkpt>
      <trkpt lat="44.029967" lon="-123.858734">
        <ele>3.6</ele>
        <time>2023-06-10T17:04:44Z</time>
      </trkpt>
      <trkpt lat="44.029629" lon="-123.858559">
        <ele>3.6</ele>
        <time>2023-06-10T17:04:51Z</time>
      </trkpt>
      <trkpt lat="44.028782" lon="-123.858162">
        <ele>3.8</ele>
        <time>2023-06-10T17:05:06Z</time>
      </trkpt>
      <trkpt lat="44.028473" lon="-123.858063">
        <ele>3.8</ele>
        <time>2023-06-10T17:05:11Z</time>
      </trkpt>
      <trkpt lat="44.02816" lon="-123.858017">
        <ele>3.8</ele>
        <time>2023-06-10T17:05:16Z</time>
      </trkpt>
      <trkpt lat="44.027401" lon="-123.857803">
        <ele>4.0</ele>
        <time>2023-06-10T17:05:28Z</time>
      </trkpt>
      <trkpt lat="44.026867" lon="-123.857712">
        <ele>4.1</ele>
        <time>2023-06-10T17:05:36Z</time>
      </trkpt>
      <trkpt lat="44.026333" lon="-123.857674">
        <ele>4.1</ele>
        <time>2023-06-10T17:05:44Z</time>
      </trkpt>
      <trkpt lat="44.025772" lon="-123.857689">
        <ele>4.1</ele>
        <time>2023-06-10T17:05:52Z</time>
      </trkpt>
      <trkpt lat="44.024845" lon="-123.857834">
        <ele>3.8</ele>
        <time>2023-06-10T17:06:05Z</time>
      </trkpt>
      <trkpt lat="44.024277" lon="-123.857956">
        <ele>3.6</ele>
        <time>2023-06-10T17:06:13Z</time>
      </trkpt>
      <trkpt lat="44.024002" lon="-123.858032">
        <ele>3.6</ele>
        <time>2023-06-10T17:06:17Z</time>
      </trkpt>
      <trkpt lat="44.023308" lon="-123.858292">
        <ele>3.8</ele>
        <time>2023-06-10T17:06:27Z</time>
      </trkpt>
      <trkpt lat="44.022377" lon="-123.858711">
        <ele>4.1</ele>
        <time>2023-06-10T17:06:41Z</time>
      </trkpt>
      <trkpt lat="44.02151" lon="-123.859138">
        <ele>3.3</ele>
        <time>2023-06-10T17:06:54Z</time>
      </trkpt>
      <trkpt lat="44.020916" lon="-123.859474">
        <ele>3.3</ele>
        <time>2023-06-10T17:07:03Z</time>
      </trkpt>
      <trkpt lat="44.020378" lon="-123.859749">
        <ele>3.3</ele>
        <time>2023-06-10T17:07:11Z</time>
      </trkpt>
      <trkpt lat="44.019657" lon="-123.860153">
        <ele>3.0</ele>
        <time>2023-06-10T17:07:22Z</time>
      </trkpt>
      <trkpt lat="44.019463" lon="-123.860283">
        <ele>3.0</ele>
        <time>2023-06-10T17:07:25Z</time>
      </trkpt>
      <trkpt lat="44.018974" lon="-123.860657">
        <ele>2.8</ele>
        <time>2023-06-10T17:07:33Z</time>
      </trkpt>
      <trkpt lat="44.018852" lon="-123.860771">
        <ele>2.8</ele>
        <time>2023-06-10T17:07:35Z</time>
      </trkpt>
      <trkpt lat="44.018402" lon="-123.861298">
        <ele>2.6</ele>
        <time>2023-06-10T17:07:43Z</time>
      </trkpt>
      <trkpt lat="44.018116" lon="-123.86174">
        <ele>2.6</ele>
        <time>2023-06-10T17:07:50Z</time>
      </trkpt>
      <trkpt lat="44.017776" lon="-123.862495">
        <ele>3.0</ele>
        <time>2023-06-10T17:08:00Z</time>
      </trkpt>
      <trkpt lat="44.017628" lon="-123.862984">
        <ele>3.0</ele>
        <time>2023-06-10T17:08:06Z</time>
      </trkpt>
      <trkpt lat="44.01746" lon="-123.863762">
        <ele>3.1</ele>
        <time>2023-06-10T17:08:15Z</time>
      </trkpt>
      <trkpt lat="44.017437" lon="-123.86393">
        <ele>3.3</ele>
        <time>2023-06-10T17:08:17Z</time>
      </trkpt>
      <trkpt lat="44.017403" lon="-123.864738">
        <ele>3.3</ele>
        <time>2023-06-10T17:08:26Z</time>
      </trkpt>
      <trkpt lat="44.017487" lon="-123.865623">
        <ele>3.3</ele>
        <time>2023-06-10T17:08:36Z</time>
      </trkpt>
      <trkpt lat="44.017632" lon="-123.866287">
        <ele>3.6</ele>
        <time>2023-06-10T17:08:44Z</time>
      </trkpt>
      <trkpt lat="44.017849" lon="-123.867058">
        <ele>3.6</ele>
        <time>2023-06-10T17:08:53Z</time>
      </trkpt>
      <trkpt lat="44.018337" lon="-123.86837">
        <ele>4.1</ele>
        <time>2023-06-10T17:09:09Z</time>
      </trkpt>
      <trkpt lat="44.018837" lon="-123.869553">
        <ele>4.0</ele>
        <time>2023-06-10T17:09:24Z</time>
      </trkpt>
      <trkpt lat="44.019363" lon="-123.870888">
        <ele>3.1</ele>
        <time>2023-06-10T17:09:41Z</time>
      </trkpt>
      <trkpt lat="44.019936" lon="-123.872261">
        <ele>3.1</ele>
        <time>2023-06-10T17:09:59Z</time>
      </trkpt>
      <trkpt lat="44.020271" lon="-123.873131">
        <ele>3.0</ele>
        <time>2023-06-10T17:10:10Z</time>
      </trkpt>
      <trkpt lat="44.021687" lon="-123.87664">
        <ele>2.8</ele>
        <time>2023-06-10T17:10:54Z</time>
      </trkpt>
      <trkpt lat="44.022785" lon="-123.879433">
        <ele>3.3</ele>
        <time>2023-06-10T17:11:32Z</time>
      </trkpt>
      <trkpt lat="44.023067" lon="-123.880394">
        <ele>3.8</ele>
        <time>2023-06-10T17:11:45Z</time>
      </trkpt>
      <trkpt lat="44.023304" lon="-123.881378">
        <ele>4.1</ele>
        <time>2023-06-10T17:11:58Z</time>
      </trkpt>
      <trkpt lat="44.023468" lon="-123.882538">
        <ele>4.3</ele>
        <time>2023-06-10T17:12:12Z</time>
      </trkpt>
      <trkpt lat="44.023539" lon="-123.883331">
        <ele>4.3</ele>
        <time>2023-06-10T17:12:21Z</time>
      </trkpt>
      <trkpt lat="44.023552" lon="-123.883965">
        <ele>4.1</ele>
        <time>2023-06-10T17:12:28Z</time>
      </trkpt>
      <trkpt lat="44.023548" lon="-123.884712">
        <ele>4.3</ele>
        <time>2023-06-10T17:12:36Z</time>
      </trkpt>
      <trkpt lat="44.02351" lon="-123.885788">
        <ele>4.1</ele>
        <time>2023-06-10T17:12:48Z</time>
      </trkpt>
      <trkpt lat="44.02343" lon="-123.886467">
        <ele>4.1</ele>
        <time>2023-06-10T17:12:56Z</time>
      </trkpt>
      <trkpt lat="44.023342" lon="-123.887848">
        <ele>4.3</ele>
        <time>2023-06-10T17:13:12Z</time>
      </trkpt>
      <trkpt lat="44.023327" lon="-123.88858">
        <ele>4.3</ele>
        <time>2023-06-10T17:13:20Z</time>
      </trkpt>
      <trkpt lat="44.023327" lon="-123.890182">
        <ele>4.6</ele>
        <time>2023-06-10T17:13:37Z</time>
      </trkpt>
      <trkpt lat="44.023289" lon="-123.890839">
        <ele>4.6</ele>
        <time>2023-06-10T17:13:44Z</time>
      </trkpt>
      <trkpt lat="44.023155" lon="-123.892227">
        <ele>4.0</ele>
        <time>2023-06-10T17:13:59Z</time>
      </trkpt>
      <trkpt lat="44.022945" lon="-123.893845">
        <ele>3.3</ele>
        <time>2023-06-10T17:14:17Z</time>
      </trkpt>
      <trkpt lat="44.022858" lon="-123.895081">
        <ele>3.1</ele>
        <time>2023-06-10T17:14:31Z</time>
      </trkpt>
      <trkpt lat="44.022854" lon="-123.89608">
        <ele>3.0</ele>
        <time>2023-06-10T17:14:42Z</time>
      </trkpt>
      <trkpt lat="44.023129" lon="-123.902664">
        <ele>3.1</ele>
        <time>2023-06-10T17:15:55Z</time>
      </trkpt>
      <trkpt lat="44.02322" lon="-123.90535">
        <ele>3.1</ele>
        <time>2023-06-10T17:16:24Z</time>
      </trkpt>
      <trkpt lat="44.023228" lon="-123.90596">
        <ele>3.1</ele>
        <time>2023-06-10T17:16:31Z</time>
      </trkpt>
      <trkpt lat="44.023197" lon="-123.906532">
        <ele>3.3</ele>
        <time>2023-06-10T17:16:38Z</time>
      </trkpt>
      <trkpt lat="44.023083" lon="-123.907249">
        <ele>3.8</ele>
        <time>2023-06-10T17:16:47Z</time>
      </trkpt>
      <trkpt lat="44.022888" lon="-123.907867">
        <ele>4.0</ele>
        <time>2023-06-10T17:16:55Z</time>
      </trkpt>
      <trkpt lat="44.022644" lon="-123.908424">
        <ele>4.0</ele>
        <time>2023-06-10T17:17:03Z</time>
      </trkpt>
      <trkpt lat="44.022385" lon="-123.908859">
        <ele>4.0</ele>
        <time>2023-06-10T17:17:10Z</time>
      </trkpt>
      <trkpt lat="44.021938" lon="-123.909378">
        <ele>3.8</ele>
        <time>2023-06-10T17:17:20Z</time>
      </trkpt>
      <trkpt lat="44.021141" lon="-123.910065">
        <ele>3.3</ele>
        <time>2023-06-10T17:17:35Z</time>
      </trkpt>
      <trkpt lat="44.020081" lon="-123.910889">
        <ele>3.3</ele>
        <time>2023-06-10T17:17:54Z</time>
      </trkpt>
      <trkpt lat="44.019909" lon="-123.911041">
        <ele>3.6</ele>
        <time>2023-06-10T17:17:57Z</time>
      </trkpt>
      <trkpt lat="44.019062" lon="-123.911674">
        <ele>3.3</ele>
        <time>2023-06-10T17:18:13Z</time>
      </trkpt>
      <trkpt lat="44.018589" lon="-123.912064">
        <ele>3.1</ele>
        <time>2023-06-10T17:18:22Z</time>
      </trkpt>
      <trkpt lat="44.017994" lon="-123.91259">
        <ele>3.1</ele>
        <time>2023-06-10T17:18:33Z</time>
      </trkpt>
      <trkpt lat="44.017582" lon="-123.913033">
        <ele>3.1</ele>
        <time>2023-06-10T17:18:41Z</time>
      </trkpt>
      <trkpt lat="44.017288" lon="-123.913406">
        <ele>3.1</ele>
        <time>2023-06-10T17:18:48Z</time>
      </trkpt>
      <trkpt lat="44.016975" lon="-123.913925">
        <ele>3.1</ele>
        <time>2023-06-10T17:18:56Z</time>
      </trkpt>
      <trkpt lat="44.016689" lon="-123.914452">
        <ele>3.1</ele>
        <time>2023-06-10T17:19:04Z</time>
      </trkpt>
      <trkpt lat="44.016415" lon="-123.915176">
        <ele>3.3</ele>
        <time>2023-06-10T17:19:13Z</time>
      </trkpt>
      <trkpt lat="44.016205" lon="-123.915886">
        <ele>3.3</ele>
        <time>2023-06-10T17:19:22Z</time>
      </trkpt>
      <trkpt lat="44.016098" lon="-123.916344">
        <ele>3.6</ele>
        <time>2023-06-10T17:19:28Z</time>
      </trkpt>
      <trkpt lat="44.015984" lon="-123.917007">
        <ele>3.6</ele>
        <time>2023-06-10T17:19:37Z</time>
      </trkpt>
      <trkpt lat="44.015957" lon="-123.91748">
        <ele>3.8</ele>
        <time>2023-06-10T17:19:43Z</time>
      </trkpt>
      <trkpt lat="44.015945" lon="-123.918182">
        <ele>4.0</ele>
        <time>2023-06-10T17:19:52Z</time>
      </trkpt>
      <trkpt lat="44.015965" lon="-123.918831">
        <ele>4.1</ele>
        <time>2023-06-10T17:20:00Z</time>
      </trkpt>
      <trkpt lat="44.01627" lon="-123.923508">
        <ele>5.1</ele>
        <time>2023-06-10T17:20:55Z</time>
      </trkpt>
      <trkpt lat="44.01635" lon="-123.925285">
        <ele>4.8</ele>
        <time>2023-06-10T17:21:12Z</time>
      </trkpt>
      <trkpt lat="44.016331" lon="-123.926308">
        <ele>4.1</ele>
        <time>2023-06-10T17:21:22Z</time>
      </trkpt>
      <trkpt lat="44.016219" lon="-123.927727">
        <ele>3.8</ele>
        <time>2023-06-10T17:21:36Z</time>
      </trkpt>
      <trkpt lat="44.015804" lon="-123.932259">
        <ele>3.0</ele>
        <time>2023-06-10T17:22:22Z</time>
      </trkpt>
      <trkpt lat="44.015774" lon="-123.932831">
        <ele>3.0</ele>
        <time>2023-06-10T17:22:28Z</time>
      </trkpt>
      <trkpt lat="44.015598" lon="-123.934669">
        <ele>3.1</ele>
        <time>2023-06-10T17:22:48Z</time>
      </trkpt>
      <trkpt lat="44.015537" lon="-123.935043">
        <ele>3.1</ele>
        <time>2023-06-10T17:22:52Z</time>
      </trkpt>
      <trkpt lat="44.015484" lon="-123.9356">
        <ele>3.1</ele>
        <time>2023-06-10T17:22:58Z</time>
      </trkpt>
      <trkpt lat="44.015354" lon="-123.937469">
        <ele>3.0</ele>
        <time>2023-06-10T17:23:18Z</time>
      </trkpt>
      <trkpt lat="44.01535" lon="-123.93856">
        <ele>3.0</ele>
        <time>2023-06-10T17:23:30Z</time>
      </trkpt>
      <trkpt lat="44.015415" lon="-123.939468">
        <ele>3.0</ele>
        <time>2023-06-10T17:23:40Z</time>
      </trkpt>
      <trkpt lat="44.015628" lon="-123.940933">
        <ele>2.8</ele>
        <time>2023-06-10T17:23:57Z</time>
      </trkpt>
      <trkpt lat="44.015808" lon="-123.941681">
        <ele>2.8</ele>
        <time>2023-06-10T17:24:06Z</time>
      </trkpt>
      <trkpt lat="44.016022" lon="-123.942444">
        <ele>2.8</ele>
        <time>2023-06-10T17:24:15Z</time>
      </trkpt>
      <trkpt lat="44.016262" lon="-123.9431">
        <ele>2.8</ele>
        <time>2023-06-10T17:24:23Z</time>
      </trkpt>
      <trkpt lat="44.01696" lon="-123.944801">
        <ele>3.3</ele>
        <time>2023-06-10T17:24:45Z</time>
      </trkpt>
      <trkpt lat="44.017441" lon="-123.946045">
        <ele>3.8</ele>
        <time>2023-06-10T17:25:01Z</time>
      </trkpt>
      <trkpt lat="44.017871" lon="-123.947395">
        <ele>3.6</ele>
        <time>2023-06-10T17:25:17Z</time>
      </trkpt>
      <trkpt lat="44.018237" lon="-123.948891">
        <ele>3.1</ele>
        <time>2023-06-10T17:25:35Z</time>
      </trkpt>
      <trkpt lat="44.018425" lon="-123.949905">
        <ele>3.3</ele>
        <time>2023-06-10T17:25:47Z</time>
      </trkpt>
      <trkpt lat="44.018585" lon="-123.951233">
        <ele>3.8</ele>
        <time>2023-06-10T17:26:02Z</time>
      </trkpt>
      <trkpt lat="44.018715" lon="-123.953003">
        <ele>2.8</ele>
        <time>2023-06-10T17:26:21Z</time>
      </trkpt>
      <trkpt lat="44.018764" lon="-123.953995">
        <ele>2.3</ele>
        <time>2023-06-10T17:26:32Z</time>
      </trkpt>
      <trkpt lat="44.018814" lon="-123.956116">
        <ele>2.8</ele>
        <time>2023-06-10T17:26:56Z</time>
      </trkpt>
      <trkpt lat="44.018845" lon="-123.956841">
        <ele>3.0</ele>
        <time>2023-06-10T17:27:05Z</time>
      </trkpt>
      <trkpt lat="44.018974" lon="-123.958466">
        <ele>2.8</ele>
        <time>2023-06-10T17:27:23Z</time>
      </trkpt>
      <trkpt lat="44.019053" lon="-123.959175">
        <ele>2.8</ele>
        <time>2023-06-10T17:27:31Z</time>
      </trkpt>
      <trkpt lat="44.019123" lon="-123.959396">
        <ele>2.8</ele>
        <time>2023-06-10T17:27:34Z</time>
      </trkpt>
      <trkpt lat="44.01918" lon="-123.959824">
        <ele>3.1</ele>
        <time>2023-06-10T17:27:39Z</time>
      </trkpt>
      <trkpt lat="44.019348" lon="-123.960693">
        <ele>3.8</ele>
        <time>2023-06-10T17:27:49Z</time>
      </trkpt>
      <trkpt lat="44.019638" lon="-123.962952">
        <ele>4.1</ele>
        <time>2023-06-10T17:28:14Z</time>
      </trkpt>
      <trkpt lat="44.019939" lon="-123.966583">
        <ele>4.0</ele>
        <time>2023-06-10T17:28:52Z</time>
      </trkpt>
      <trkpt lat="44.01997" lon="-123.967278">
        <ele>4.0</ele>
        <time>2023-06-10T17:28:59Z</time>
      </trkpt>
      <trkpt lat="44.019978" lon="-123.967819">
        <ele>4.0</ele>
        <time>2023-06-10T17:29:05Z</time>
      </trkpt>
      <trkpt lat="44.019962" lon="-123.968277">
        <ele>3.6</ele>
        <time>2023-06-10T17:29:10Z</time>
      </trkpt>
      <trkpt lat="44.019886" lon="-123.969116">
        <ele>3.6</ele>
        <time>2023-06-10T17:29:19Z</time>
      </trkpt>
      <trkpt lat="44.019711" lon="-123.970428">
        <ele>3.8</ele>
        <time>2023-06-10T17:29:33Z</time>
      </trkpt>
      <trkpt lat="44.019077" lon="-123.974297">
        <ele>3.3</ele>
        <time>2023-06-10T17:30:17Z</time>
      </trkpt>
      <trkpt lat="44.018177" lon="-123.97892">
        <ele>3.6</ele>
        <time>2023-06-10T17:31:09Z</time>
      </trkpt>
      <trkpt lat="44.018023" lon="-123.979973">
        <ele>3.1</ele>
        <time>2023-06-10T17:31:21Z</time>
      </trkpt>
      <trkpt lat="44.017952" lon="-123.980728">
        <ele>3.1</ele>
        <time>2023-06-10T17:31:30Z</time>
      </trkpt>
      <trkpt lat="44.017822" lon="-123.982826">
        <ele>3.1</ele>
        <time>2023-06-10T17:31:54Z</time>
      </trkpt>
      <trkpt lat="44.017757" lon="-123.983513">
        <ele>3.0</ele>
        <time>2023-06-10T17:32:02Z</time>
      </trkpt>
      <trkpt lat="44.017689" lon="-123.983932">
        <ele>3.0</ele>
        <time>2023-06-10T17:32:07Z</time>
      </trkpt>
      <trkpt lat="44.017494" lon="-123.984856">
        <ele>3.0</ele>
        <time>2023-06-10T17:32:18Z</time>
      </trkpt>
      <trkpt lat="44.017349" lon="-123.985367">
        <ele>3.0</ele>
        <time>2023-06-10T17:32:24Z</time>
      </trkpt>
      <trkpt lat="44.017147" lon="-123.985924">
        <ele>2.6</ele>
        <time>2023-06-10T17:32:31Z</time>
      </trkpt>
      <trkpt lat="44.016933" lon="-123.98642">
        <ele>2.3</ele>
        <time>2023-06-10T17:32:38Z</time>
      </trkpt>
      <trkpt lat="44.016029" lon="-123.988213">
        <ele>2.8</ele>
        <time>2023-06-10T17:33:03Z</time>
      </trkpt>
      <trkpt lat="44.015739" lon="-123.988831">
        <ele>3.0</ele>
        <time>2023-06-10T17:33:13Z</time>
      </trkpt>
      <trkpt lat="44.015537" lon="-123.989365">
        <ele>2.8</ele>
        <time>2023-06-10T17:33:21Z</time>
      </trkpt>
      <trkpt lat="44.015251" lon="-123.99028">
        <ele>3.0</ele>
        <time>2023-06-10T17:33:33Z</time>
      </trkpt>
      <trkpt lat="44.013966" lon="-123.995094">
        <ele>3.1</ele>
        <time>2023-06-10T17:34:29Z</time>
      </trkpt>
      <trkpt lat="44.013321" lon="-123.9972">
        <ele>2.8</ele>
        <time>2023-06-10T17:34:54Z</time>
      </trkpt>
      <trkpt lat="44.012951" lon="-123.998169">
        <ele>3.0</ele>
        <time>2023-06-10T17:35:06Z</time>
      </trkpt>
      <trkpt lat="44.012653" lon="-123.998878">
        <ele>3.1</ele>
        <time>2023-06-10T17:35:14Z</time>
      </trkpt>
      <trkpt lat="44.012282" lon="-123.99971">
        <ele>3.0</ele>
        <time>2023-06-10T17:35:24Z</time>
      </trkpt>
      <trkpt lat="44.012051" lon="-124.000305">
        <ele>3.0</ele>
        <time>2023-06-10T17:35:31Z</time>
      </trkpt>
      <trkpt lat="44.011826" lon="-124.000755">
        <ele>3.0</ele>
        <time>2023-06-10T17:35:37Z</time>
      </trkpt>
      <trkpt lat="44.011589" lon="-124.001198">
        <ele>3.3</ele>
        <time>2023-06-10T17:35:43Z</time>
      </trkpt>
      <trkpt lat="44.011325" lon="-124.001587">
        <ele>4.0</ele>
        <time>2023-06-10T17:35:49Z</time>
      </trkpt>
      <trkpt lat="44.011185" lon="-124.001762">
        <ele>4.0</ele>
        <time>2023-06-10T17:35:52Z</time>
      </trkpt>
      <trkpt lat="44.010765" lon="-124.00222">
        <ele>4.0</ele>
        <time>2023-06-10T17:36:00Z</time>
      </trkpt>
      <trkpt lat="44.010307" lon="-124.002647">
        <ele>3.6</ele>
        <time>2023-06-10T17:36:08Z</time>
      </trkpt>
      <trkpt lat="44.009483" lon="-124.003456">
        <ele>3.0</ele>
        <time>2023-06-10T17:36:23Z</time>
      </trkpt>
      <trkpt lat="44.008778" lon="-124.004211">
        <ele>3.0</ele>
        <time>2023-06-10T17:36:36Z</time>
      </trkpt>
      <trkpt lat="44.008358" lon="-124.004715">
        <ele>3.0</ele>
        <time>2023-06-10T17:36:44Z</time>
      </trkpt>
      <trkpt lat="44.007679" lon="-124.005608">
        <ele>3.0</ele>
        <time>2023-06-10T17:36:58Z</time>
      </trkpt>
      <trkpt lat="44.007057" lon="-124.006523">
        <ele>2.6</ele>
        <time>2023-06-10T17:37:12Z</time>
      </trkpt>
      <trkpt lat="44.005768" lon="-124.00856">
        <ele>2.8</ele>
        <time>2023-06-10T17:37:42Z</time>
      </trkpt>
      <trkpt lat="44.004233" lon="-124.010918">
        <ele>2.6</ele>
        <time>2023-06-10T17:38:16Z</time>
      </trkpt>
      <trkpt lat="44.003815" lon="-124.011635">
        <ele>2.6</ele>
        <time>2023-06-10T17:38:26Z</time>
      </trkpt>
      <trkpt lat="44.003127" lon="-124.012726">
        <ele>2.8</ele>
        <time>2023-06-10T17:38:42Z</time>
      </trkpt>
      <trkpt lat="44.003094" lon="-124.012802">
        <ele>2.6</ele>
        <time>2023-06-10T17:38:43Z</time>
      </trkpt>
      <trkpt lat="44.002621" lon="-124.013557">
        <ele>2.8</ele>
        <time>2023-06-10T17:38:54Z</time>
      </trkpt>
      <trkpt lat="44.001534" lon="-124.015381">
        <ele>2.3</ele>
        <time>2023-06-10T17:39:19Z</time>
      </trkpt>
      <trkpt lat="43.999523" lon="-124.018677">
        <ele>1.3</ele>
        <time>2023-06-10T17:40:07Z</time>
      </trkpt>
      <trkpt lat="43.996635" lon="-124.023491">
        <ele>1.6</ele>
        <time>2023-06-10T17:41:21Z</time>
      </trkpt>
      <trkpt lat="43.995724" lon="-124.024963">
        <ele>1.3</ele>
        <time>2023-06-10T17:41:45Z</time>
      </trkpt>
      <trkpt lat="43.994255" lon="-124.027435">
        <ele>0.3</ele>
        <time>2023-06-10T17:42:28Z</time>
      </trkpt>
      <trkpt lat="43.992767" lon="-124.029861">
        <ele>0.6</ele>
        <time>2023-06-10T17:43:07Z</time>
      </trkpt>
      <trkpt lat="43.992413" lon="-124.030502">
        <ele>0.3</ele>
        <time>2023-06-10T17:43:17Z</time>
      </trkpt>
      <trkpt lat="43.99205" lon="-124.031219">
        <ele>0.6</ele>
        <time>2023-06-10T17:43:28Z</time>
      </trkpt>
      <trkpt lat="43.988968" lon="-124.037392">
        <ele>1.0</ele>
        <time>2023-06-10T17:45:00Z</time>
      </trkpt>
      <trkpt lat="43.988323" lon="-124.038719">
        <ele>1.1</ele>
        <time>2023-06-10T17:45:20Z</time>
      </trkpt>
      <trkpt lat="43.986942" lon="-124.041435">
        <ele>1.6</ele>
        <time>2023-06-10T17:45:57Z</time>
      </trkpt>
      <trkpt lat="43.986153" lon="-124.043053">
        <ele>1.3</ele>
        <time>2023-06-10T17:46:20Z</time>
      </trkpt>
      <trkpt lat="43.985916" lon="-124.043488">
        <ele>1.3</ele>
        <time>2023-06-10T17:46:27Z</time>
      </trkpt>
      <trkpt lat="43.985249" lon="-124.044838">
        <ele>1.8</ele>
        <time>2023-06-10T17:46:46Z</time>
      </trkpt>
      <trkpt lat="43.984921" lon="-124.045349">
        <ele>0.8</ele>
        <time>2023-06-10T17:46:54Z</time>
      </trkpt>
      <trkpt lat="43.98465" lon="-124.045944">
        <ele>0.1</ele>
        <time>2023-06-10T17:47:03Z</time>
      </trkpt>
      <trkpt lat="43.984612" lon="-124.046082">
        <ele>0.1</ele>
        <time>2023-06-10T17:47:05Z</time>
      </trkpt>
      <trkpt lat="43.984428" lon="-124.046448">
        <ele>0.1</ele>
        <time>2023-06-10T17:47:12Z</time>
      </trkpt>
      <trkpt lat="43.984356" lon="-124.046638">
        <ele>0.1</ele>
        <time>2023-06-10T17:47:15Z</time>
      </trkpt>
      <trkpt lat="43.983784" lon="-124.047791">
        <ele>2.1</ele>
        <time>2023-06-10T17:47:35Z</time>
      </trkpt>
      <trkpt lat="43.983181" lon="-124.048866">
        <ele>3.3</ele>
        <time>2023-06-10T17:47:55Z</time>
      </trkpt>
      <trkpt lat="43.982944" lon="-124.049416">
        <ele>3.6</ele>
        <time>2023-06-10T17:48:04Z</time>
      </trkpt>
      <trkpt lat="43.982909" lon="-124.049545">
        <ele>3.8</ele>
        <time>2023-06-10T17:48:06Z</time>
      </trkpt>
      <trkpt lat="43.98254" lon="-124.051193">
        <ele>3.6</ele>
        <time>2023-06-10T17:48:28Z</time>
      </trkpt>
      <trkpt lat="43.982394" lon="-124.051926">
        <ele>3.3</ele>
        <time>2023-06-10T17:48:37Z</time>
      </trkpt>
      <trkpt lat="43.982174" lon="-124.052666">
        <ele>2.3</ele>
        <time>2023-06-10T17:48:47Z</time>
      </trkpt>
      <trkpt lat="43.981827" lon="-124.053459">
        <ele>1.1</ele>
        <time>2023-06-10T17:48:58Z</time>
      </trkpt>
      <trkpt lat="43.981564" lon="-124.054016">
        <ele>0.8</ele>
        <time>2023-06-10T17:49:07Z</time>
      </trkpt>
      <trkpt lat="43.981499" lon="-124.054214">
        <ele>0.8</ele>
        <time>2023-06-10T17:49:10Z</time>
      </trkpt>
      <trkpt lat="43.981339" lon="-124.054565">
        <ele>1.0</ele>
        <time>2023-06-10T17:49:16Z</time>
      </trkpt>
      <trkpt lat="43.979862" lon="-124.057632">
        <ele>0.6</ele>
        <time>2023-06-10T17:50:07Z</time>
      </trkpt>
      <trkpt lat="43.979351" lon="-124.058647">
        <ele>0.6</ele>
        <time>2023-06-10T17:50:25Z</time>
      </trkpt>
      <trkpt lat="43.978859" lon="-124.059731">
        <ele>1.6</ele>
        <time>2023-06-10T17:50:46Z</time>
      </trkpt>
      <trkpt lat="43.978657" lon="-124.060211">
        <ele>1.3</ele>
        <time>2023-06-10T17:50:54Z</time>
      </trkpt>
      <trkpt lat="43.978432" lon="-124.060852">
        <ele>0.3</ele>
        <time>2023-06-10T17:51:04Z</time>
      </trkpt>
      <trkpt lat="43.977756" lon="-124.063118">
        <ele>1.3</ele>
        <time>2023-06-10T17:51:37Z</time>
      </trkpt>
      <trkpt lat="43.977539" lon="-124.063789">
        <ele>2.0</ele>
        <time>2023-06-10T17:51:46Z</time>
      </trkpt>
      <trkpt lat="43.977177" lon="-124.065186">
        <ele>1.8</ele>
        <time>2023-06-10T17:52:04Z</time>
      </trkpt>
      <trkpt lat="43.977061" lon="-124.065758">
        <ele>1.8</ele>
        <time>2023-06-10T17:52:11Z</time>
      </trkpt>
      <trkpt lat="43.976765" lon="-124.067558">
        <ele>1.8</ele>
        <time>2023-06-10T17:52:34Z</time>
      </trkpt>
      <trkpt lat="43.976711" lon="-124.06781">
        <ele>1.8</ele>
        <time>2023-06-10T17:52:37Z</time>
      </trkpt>
      <trkpt lat="43.976677" lon="-124.068283">
        <ele>2.0</ele>
        <time>2023-06-10T17:52:44Z</time>
      </trkpt>
      <trkpt lat="43.976501" lon="-124.069214">
        <ele>1.8</ele>
        <time>2023-06-10T17:52:56Z</time>
      </trkpt>
      <trkpt lat="43.976437" lon="-124.070061">
        <ele>1.8</ele>
        <time>2023-06-10T17:53:07Z</time>
      </trkpt>
      <trkpt lat="43.976425" lon="-124.070786">
        <ele>1.8</ele>
        <time>2023-06-10T17:53:16Z</time>
      </trkpt>
      <trkpt lat="43.976439" lon="-124.072029">
        <ele>1.3</ele>
        <time>2023-06-10T17:53:32Z</time>
      </trkpt>
      <trkpt lat="43.976429" lon="-124.073212">
        <ele>1.3</ele>
        <time>2023-06-10T17:53:47Z</time>
      </trkpt>
      <trkpt lat="43.97647" lon="-124.073921">
        <ele>1.0</ele>
        <time>2023-06-10T17:53:56Z</time>
      </trkpt>
      <trkpt lat="43.976624" lon="-124.07502">
        <ele>1.1</ele>
        <time>2023-06-10T17:54:10Z</time>
      </trkpt>
      <trkpt lat="43.976723" lon="-124.07547">
        <ele>1.0</ele>
        <time>2023-06-10T17:54:16Z</time>
      </trkpt>
      <trkpt lat="43.976909" lon="-124.076477">
        <ele>0.8</ele>
        <time>2023-06-10T17:54:29Z</time>
      </trkpt>
      <trkpt lat="43.977024" lon="-124.077202">
        <ele>1.3</ele>
        <time>2023-06-10T17:54:38Z</time>
      </trkpt>
      <trkpt lat="43.977066" lon="-124.077705">
        <ele>1.6</ele>
        <time>2023-06-10T17:54:45Z</time>
      </trkpt>
      <trkpt lat="43.977081" lon="-124.078476">
        <ele>2.3</ele>
        <time>2023-06-10T17:54:57Z</time>
      </trkpt>
      <trkpt lat="43.977043" lon="-124.079155">
        <ele>3.6</ele>
        <time>2023-06-10T17:55:09Z</time>
      </trkpt>
      <trkpt lat="43.976688" lon="-124.081635">
        <ele>5.8</ele>
        <time>2023-06-10T17:55:52Z</time>
      </trkpt>
      <trkpt lat="43.976635" lon="-124.082138">
        <ele>5.3</ele>
        <time>2023-06-10T17:55:59Z</time>
      </trkpt>
      <trkpt lat="43.976486" lon="-124.084137">
        <ele>4.1</ele>
        <time>2023-06-10T17:56:25Z</time>
      </trkpt>
      <trkpt lat="43.976467" lon="-124.085014">
        <ele>2.8</ele>
        <time>2023-06-10T17:56:36Z</time>
      </trkpt>
      <trkpt lat="43.976546" lon="-124.086945">
        <ele>2.0</ele>
        <time>2023-06-10T17:56:59Z</time>
      </trkpt>
      <trkpt lat="43.976546" lon="-124.089134">
        <ele>1.3</ele>
        <time>2023-06-10T17:57:29Z</time>
      </trkpt>
      <trkpt lat="43.976532" lon="-124.089729">
        <ele>1.8</ele>
        <time>2023-06-10T17:57:37Z</time>
      </trkpt>
      <trkpt lat="43.976494" lon="-124.090271">
        <ele>2.0</ele>
        <time>2023-06-10T17:57:44Z</time>
      </trkpt>
      <trkpt lat="43.976353" lon="-124.091248">
        <ele>2.0</ele>
        <time>2023-06-10T17:57:57Z</time>
      </trkpt>
      <trkpt lat="43.976173" lon="-124.091866">
        <ele>2.0</ele>
        <time>2023-06-10T17:58:05Z</time>
      </trkpt>
      <trkpt lat="43.975983" lon="-124.092369">
        <ele>2.0</ele>
        <time>2023-06-10T17:58:12Z</time>
      </trkpt>
      <trkpt lat="43.975696" lon="-124.092972">
        <ele>1.6</ele>
        <time>2023-06-10T17:58:20Z</time>
      </trkpt>
      <trkpt lat="43.97543" lon="-124.093452">
        <ele>1.1</ele>
        <time>2023-06-10T17:58:27Z</time>
      </trkpt>
      <trkpt lat="43.975094" lon="-124.094116">
        <ele>0.0</ele>
        <time>2023-06-10T17:58:37Z</time>
      </trkpt>
      <trkpt lat="43.974815" lon="-124.094841">
        <ele>0.0</ele>
        <time>2023-06-10T17:58:47Z</time>
      </trkpt>
      <trkpt lat="43.974666" lon="-124.09539">
        <ele>0.1</ele>
        <time>2023-06-10T17:58:54Z</time>
      </trkpt>
      <trkpt lat="43.974514" lon="-124.096138">
        <ele>0.1</ele>
        <time>2023-06-10T17:59:04Z</time>
      </trkpt>
      <trkpt lat="43.974434" lon="-124.097122">
        <ele>0.6</ele>
        <time>2023-06-10T17:59:17Z</time>
      </trkpt>
      <trkpt lat="43.974434" lon="-124.097725">
        <ele>1.0</ele>
        <time>2023-06-10T17:59:26Z</time>
      </trkpt>
      <trkpt lat="43.974632" lon="-124.099983">
        <ele>2.8</ele>
        <time>2023-06-10T17:59:57Z</time>
      </trkpt>
      <trkpt lat="43.974689" lon="-124.100449">
        <ele>3.0</ele>
        <time>2023-06-10T18:00:04Z</time>
      </trkpt>
      <trkpt lat="43.974785" lon="-124.101921">
        <ele>4.1</ele>
        <time>2023-06-10T18:00:26Z</time>
      </trkpt>
      <trkpt lat="43.974785" lon="-124.102287">
        <ele>4.6</ele>
        <time>2023-06-10T18:00:33Z</time>
      </trkpt>
      <trkpt lat="43.974742" lon="-124.10273">
        <ele>5.0</ele>
        <time>2023-06-10T18:00:41Z</time>
      </trkpt>
      <trkpt lat="43.97467" lon="-124.103165">
        <ele>5.6</ele>
        <time>2023-06-10T18:00:48Z</time>
      </trkpt>
      <trkpt lat="43.974625" lon="-124.103287">
        <ele>5.6</ele>
        <time>2023-06-10T18:00:50Z</time>
      </trkpt>
      <trkpt lat="43.974552" lon="-124.103386">
        <ele>5.6</ele>
        <time>2023-06-10T18:00:52Z</time>
      </trkpt>
      <trkpt lat="43.973991" lon="-124.103806">
        <ele>6.0</ele>
        <time>2023-06-10T18:01:05Z</time>
      </trkpt>
      <trkpt lat="43.973728" lon="-124.103966">
        <ele>5.8</ele>
        <time>2023-06-10T18:01:10Z</time>
      </trkpt>
      <trkpt lat="43.972198" lon="-124.10508">
        <ele>5.1</ele>
        <time>2023-06-10T18:01:40Z</time>
      </trkpt>
      <trkpt lat="43.971306" lon="-124.105705">
        <ele>4.6</ele>
        <time>2023-06-10T18:01:57Z</time>
      </trkpt>
      <trkpt lat="43.970481" lon="-124.106323">
        <ele>4.6</ele>
        <time>2023-06-10T18:02:12Z</time>
      </trkpt>
      <trkpt lat="43.968597" lon="-124.107674">
        <ele>3.0</ele>
        <time>2023-06-10T18:02:48Z</time>
      </trkpt>
      <trkpt lat="43.968212" lon="-124.107925">
        <ele>2.8</ele>
        <time>2023-06-10T18:02:55Z</time>
      </trkpt>
      <trkpt lat="43.967888" lon="-124.108109">
        <ele>3.3</ele>
        <time>2023-06-10T18:03:01Z</time>
      </trkpt>
      <trkpt lat="43.967453" lon="-124.108299">
        <ele>4.1</ele>
        <time>2023-06-10T18:03:09Z</time>
      </trkpt>
      <trkpt lat="43.9673" lon="-124.108345">
        <ele>4.1</ele>
        <time>2023-06-10T18:03:12Z</time>
      </trkpt>
      <trkpt lat="43.966919" lon="-124.108391">
        <ele>4.6</ele>
        <time>2023-06-10T18:03:19Z</time>
      </trkpt>
      <trkpt lat="43.966499" lon="-124.108475">
        <ele>5.1</ele>
        <time>2023-06-10T18:03:27Z</time>
      </trkpt>
      <trkpt lat="43.965645" lon="-124.108559">
        <ele>7.1</ele>
        <time>2023-06-10T18:03:44Z</time>
      </trkpt>
      <trkpt lat="43.964709" lon="-124.108604">
        <ele>8.1</ele>
        <time>2023-06-10T18:04:02Z</time>
      </trkpt>
      <trkpt lat="43.964184" lon="-124.108673">
        <ele>10.1</ele>
        <time>2023-06-10T18:04:14Z</time>
      </trkpt>
      <trkpt lat="43.963333" lon="-124.108711">
        <ele>11.8</ele>
        <time>2023-06-10T18:04:32Z</time>
      </trkpt>
      <trkpt lat="43.962879" lon="-124.108704">
        <ele>13.0</ele>
        <time>2023-06-10T18:04:42Z</time>
      </trkpt>
      <trkpt lat="43.962379" lon="-124.108627">
        <ele>13.6</ele>
        <time>2023-06-10T18:04:53Z</time>
      </trkpt>
      <trkpt lat="43.96207" lon="-124.108536">
        <ele>14.0</ele>
        <time>2023-06-10T18:05:00Z</time>
      </trkpt>
      <trkpt lat="43.961616" lon="-124.108269">
        <ele>15.0</ele>
        <time>2023-06-10T18:05:11Z</time>
      </trkpt>
      <trkpt lat="43.961365" lon="-124.108078">
        <ele>16.2</ele>
        <time>2023-06-10T18:05:18Z</time>
      </trkpt>
      <trkpt lat="43.961132" lon="-124.107857">
        <ele>17.3</ele>
        <time>2023-06-10T18:05:25Z</time>
      </trkpt>
      <trkpt lat="43.960991" lon="-124.107674">
        <ele>18.6</ele>
        <time>2023-06-10T18:05:30Z</time>
      </trkpt>
      <trkpt lat="43.960716" lon="-124.107224">
        <ele>21.0</ele>
        <time>2023-06-10T18:05:41Z</time>
      </trkpt>
      <trkpt lat="43.960223" lon="-124.106331">
        <ele>24.2</ele>
        <time>2023-06-10T18:06:03Z</time>
      </trkpt>
      <trkpt lat="43.960116" lon="-124.106178">
        <ele>24.7</ele>
        <time>2023-06-10T18:06:08Z</time>
      </trkpt>
      <trkpt lat="43.960071" lon="-124.106056">
        <ele>25.3</ele>
        <time>2023-06-10T18:06:11Z</time>
      </trkpt>
      <trkpt lat="43.959953" lon="-124.10585">
        <ele>26.6</ele>
        <time>2023-06-10T18:06:17Z</time>
      </trkpt>
      <trkpt lat="43.959801" lon="-124.105614">
        <ele>27.6</ele>
        <time>2023-06-10T18:06:25Z</time>
      </trkpt>
      <trkpt lat="43.959579" lon="-124.105385">
        <ele>29.0</ele>
        <time>2023-06-10T18:06:33Z</time>
      </trkpt>
      <trkpt lat="43.959354" lon="-124.105202">
        <ele>30.6</ele>
        <time>2023-06-10T18:06:40Z</time>
      </trkpt>
      <trkpt lat="43.959095" lon="-124.104965">
        <ele>32.0</ele>
        <time>2023-06-10T18:06:49Z</time>
      </trkpt>
      <trkpt lat="43.95908" lon="-124.104935">
        <ele>32.2</ele>
        <time>2023-06-10T18:06:50Z</time>
      </trkpt>
      <trkpt lat="43.958771" lon="-124.104744">
        <ele>34.0</ele>
        <time>2023-06-10T18:07:01Z</time>
      </trkpt>
      <trkpt lat="43.958599" lon="-124.10466">
        <ele>35.0</ele>
        <time>2023-06-10T18:07:07Z</time>
      </trkpt>
      <trkpt lat="43.958549" lon="-124.104675">
        <ele>35.3</ele>
        <time>2023-06-10T18:07:09Z</time>
      </trkpt>
      <trkpt lat="43.958179" lon="-124.104561">
        <ele>37.6</ele>
        <time>2023-06-10T18:07:21Z</time>
      </trkpt>
      <trkpt lat="43.957897" lon="-124.104515">
        <ele>39.6</ele>
        <time>2023-06-10T18:07:31Z</time>
      </trkpt>
      <trkpt lat="43.957851" lon="-124.104492">
        <ele>40.3</ele>
        <time>2023-06-10T18:07:34Z</time>
      </trkpt>
      <trkpt lat="43.957603" lon="-124.104477">
        <ele>41.7</ele>
        <time>2023-06-10T18:07:43Z</time>
      </trkpt>
      <trkpt lat="43.957474" lon="-124.104492">
        <ele>42.7</ele>
        <time>2023-06-10T18:07:48Z</time>
      </trkpt>
      <trkpt lat="43.957016" lon="-124.104477">
        <ele>45.6</ele>
        <time>2023-06-10T18:08:03Z</time>
      </trkpt>
      <trkpt lat="43.956852" lon="-124.104454">
        <ele>46.2</ele>
        <time>2023-06-10T18:08:08Z</time>
      </trkpt>
      <trkpt lat="43.95657" lon="-124.104454">
        <ele>48.0</ele>
        <time>2023-06-10T18:08:17Z</time>
      </trkpt>
      <trkpt lat="43.956345" lon="-124.104424">
        <ele>49.0</ele>
        <time>2023-06-10T18:08:24Z</time>
      </trkpt>
      <trkpt lat="43.956242" lon="-124.104431">
        <ele>49.3</ele>
        <time>2023-06-10T18:08:27Z</time>
      </trkpt>
      <trkpt lat="43.956089" lon="-124.104416">
        <ele>50.3</ele>
        <time>2023-06-10T18:08:32Z</time>
      </trkpt>
      <trkpt lat="43.955853" lon="-124.104477">
        <ele>51.3</ele>
        <time>2023-06-10T18:08:40Z</time>
      </trkpt>
      <trkpt lat="43.955425" lon="-124.104469">
        <ele>53.3</ele>
        <time>2023-06-10T18:08:54Z</time>
      </trkpt>
      <trkpt lat="43.955212" lon="-124.104446">
        <ele>54.3</ele>
        <time>2023-06-10T18:09:01Z</time>
      </trkpt>
      <trkpt lat="43.955143" lon="-124.104462">
        <ele>54.7</ele>
        <time>2023-06-10T18:09:03Z</time>
      </trkpt>
      <trkpt lat="43.954932" lon="-124.104469">
        <ele>55.6</ele>
        <time>2023-06-10T18:09:09Z</time>
      </trkpt>
      <trkpt lat="43.954704" lon="-124.104454">
        <ele>56.7</ele>
        <time>2023-06-10T18:09:16Z</time>
      </trkpt>
      <trkpt lat="43.954475" lon="-124.104416">
        <ele>58.0</ele>
        <time>2023-06-10T18:09:23Z</time>
      </trkpt>
      <trkpt lat="43.95409" lon="-124.104424">
        <ele>59.0</ele>
        <time>2023-06-10T18:09:34Z</time>
      </trkpt>
      <trkpt lat="43.95343" lon="-124.104385">
        <ele>60.0</ele>
        <time>2023-06-10T18:09:50Z</time>
      </trkpt>
      <trkpt lat="43.951557" lon="-124.104385">
        <ele>57.7</ele>
        <time>2023-06-10T18:10:21Z</time>
      </trkpt>
      <trkpt lat="43.951443" lon="-124.104393">
        <ele>57.6</ele>
        <time>2023-06-10T18:10:23Z</time>
      </trkpt>
      <trkpt lat="43.951294" lon="-124.104446">
        <ele>55.7</ele>
        <time>2023-06-10T18:13:42Z</time>
      </trkpt>
      <trkpt lat="43.95105" lon="-124.104362">
        <ele>55.6</ele>
        <time>2023-06-10T18:13:51Z</time>
      </trkpt>
      <trkpt lat="43.94949" lon="-124.104355">
        <ele>53.2</ele>
        <time>2023-06-10T18:14:15Z</time>
      </trkpt>
      <trkpt lat="43.948063" lon="-124.104294">
        <ele>51.6</ele>
        <time>2023-06-10T18:14:33Z</time>
      </trkpt>
      <trkpt lat="43.947544" lon="-124.104317">
        <ele>51.0</ele>
        <time>2023-06-10T18:14:39Z</time>
      </trkpt>
      <trkpt lat="43.947097" lon="-124.104286">
        <ele>50.3</ele>
        <time>2023-06-10T18:14:44Z</time>
      </trkpt>
      <trkpt lat="43.946419" lon="-124.104309">
        <ele>48.7</ele>
        <time>2023-06-10T18:14:52Z</time>
      </trkpt>
      <trkpt lat="43.94582" lon="-124.104294">
        <ele>48.0</ele>
        <time>2023-06-10T18:14:59Z</time>
      </trkpt>
      <trkpt lat="43.94455" lon="-124.104294">
        <ele>47.2</ele>
        <time>2023-06-10T18:15:15Z</time>
      </trkpt>
      <trkpt lat="43.944237" lon="-124.104286">
        <ele>47.0</ele>
        <time>2023-06-10T18:15:20Z</time>
      </trkpt>
      <trkpt lat="43.944096" lon="-124.104256">
        <ele>46.2</ele>
        <time>2023-06-10T18:15:23Z</time>
      </trkpt>
      <trkpt lat="43.943218" lon="-124.104256">
        <ele>45.0</ele>
        <time>2023-06-10T18:15:38Z</time>
      </trkpt>
      <trkpt lat="43.94183" lon="-124.104218">
        <ele>42.0</ele>
        <time>2023-06-10T18:15:56Z</time>
      </trkpt>
      <trkpt lat="43.941387" lon="-124.104271">
        <ele>40.6</ele>
        <time>2023-06-10T18:16:01Z</time>
      </trkpt>
      <trkpt lat="43.940188" lon="-124.104584">
        <ele>38.2</ele>
        <time>2023-06-10T18:16:14Z</time>
      </trkpt>
      <trkpt lat="43.938293" lon="-124.105133">
        <ele>31.6</ele>
        <time>2023-06-10T18:16:33Z</time>
      </trkpt>
      <trkpt lat="43.936993" lon="-124.105492">
        <ele>30.6</ele>
        <time>2023-06-10T18:16:48Z</time>
      </trkpt>
      <trkpt lat="43.936466" lon="-124.105667">
        <ele>31.7</ele>
        <time>2023-06-10T18:16:56Z</time>
      </trkpt>
      <trkpt lat="43.936123" lon="-124.105759">
        <ele>33.0</ele>
        <time>2023-06-10T18:17:02Z</time>
      </trkpt>
      <trkpt lat="43.935856" lon="-124.105858">
        <ele>33.7</ele>
        <time>2023-06-10T18:17:07Z</time>
      </trkpt>
      <trkpt lat="43.935387" lon="-124.105972">
        <ele>35.0</ele>
        <time>2023-06-10T18:17:15Z</time>
      </trkpt>
      <trkpt lat="43.934605" lon="-124.106224">
        <ele>36.2</ele>
        <time>2023-06-10T18:17:29Z</time>
      </trkpt>
      <trkpt lat="43.932892" lon="-124.10672">
        <ele>40.0</ele>
        <time>2023-06-10T18:18:00Z</time>
      </trkpt>
      <trkpt lat="43.932106" lon="-124.106918">
        <ele>39.6</ele>
        <time>2023-06-10T18:18:10Z</time>
      </trkpt>
      <trkpt lat="43.931427" lon="-124.107018">
        <ele>37.7</ele>
        <time>2023-06-10T18:18:17Z</time>
      </trkpt>
      <trkpt lat="43.931023" lon="-124.10714">
        <ele>36.2</ele>
        <time>2023-06-10T18:18:21Z</time>
      </trkpt>
      <trkpt lat="43.93082" lon="-124.107185">
        <ele>35.0</ele>
        <time>2023-06-10T18:18:23Z</time>
      </trkpt>
      <trkpt lat="43.929607" lon="-124.107368">
        <ele>29.6</ele>
        <time>2023-06-10T18:18:36Z</time>
      </trkpt>
      <trkpt lat="43.928658" lon="-124.107483">
        <ele>31.2</ele>
        <time>2023-06-10T18:18:51Z</time>
      </trkpt>
      <trkpt lat="43.928123" lon="-124.107613">
        <ele>34.7</ele>
        <time>2023-06-10T18:19:02Z</time>
      </trkpt>
      <trkpt lat="43.927883" lon="-124.107613">
        <ele>36.2</ele>
        <time>2023-06-10T18:19:07Z</time>
      </trkpt>
      <trkpt lat="43.927635" lon="-124.107651">
        <ele>37.3</ele>
        <time>2023-06-10T18:19:12Z</time>
      </trkpt>
      <trkpt lat="43.92754" lon="-124.107643">
        <ele>38.0</ele>
        <time>2023-06-10T18:19:14Z</time>
      </trkpt>
      <trkpt lat="43.927299" lon="-124.107674">
        <ele>38.3</ele>
        <time>2023-06-10T18:19:19Z</time>
      </trkpt>
      <trkpt lat="43.926147" lon="-124.107872">
        <ele>40.0</ele>
        <time>2023-06-10T18:19:41Z</time>
      </trkpt>
      <trkpt lat="43.925137" lon="-124.107918">
        <ele>41.2</ele>
        <time>2023-06-10T18:19:58Z</time>
      </trkpt>
      <trkpt lat="43.924953" lon="-124.107895">
        <ele>41.2</ele>
        <time>2023-06-10T18:20:01Z</time>
      </trkpt>
      <trkpt lat="43.924622" lon="-124.107887">
        <ele>41.6</ele>
        <time>2023-06-10T18:20:06Z</time>
      </trkpt>
      <trkpt lat="43.923992" lon="-124.107895">
        <ele>42.3</ele>
        <time>2023-06-10T18:20:16Z</time>
      </trkpt>
      <trkpt lat="43.922871" lon="-124.107948">
        <ele>43.2</ele>
        <time>2023-06-10T18:20:34Z</time>
      </trkpt>
      <trkpt lat="43.922482" lon="-124.107986">
        <ele>43.2</ele>
        <time>2023-06-10T18:20:40Z</time>
      </trkpt>
      <trkpt lat="43.922104" lon="-124.10807">
        <ele>43.6</ele>
        <time>2023-06-10T18:20:46Z</time>
      </trkpt>
      <trkpt lat="43.92178" lon="-124.108154">
        <ele>44.0</ele>
        <time>2023-06-10T18:20:51Z</time>
      </trkpt>
      <trkpt lat="43.920803" lon="-124.108467">
        <ele>45.7</ele>
        <time>2023-06-10T18:21:07Z</time>
      </trkpt>
      <trkpt lat="43.920097" lon="-124.108757">
        <ele>46.7</ele>
        <time>2023-06-10T18:21:19Z</time>
      </trkpt>
      <trkpt lat="43.919258" lon="-124.109055">
        <ele>47.6</ele>
        <time>2023-06-10T18:21:33Z</time>
      </trkpt>
      <trkpt lat="43.917927" lon="-124.109558">
        <ele>47.0</ele>
        <time>2023-06-10T18:21:52Z</time>
      </trkpt>
      <trkpt lat="43.915596" lon="-124.110466">
        <ele>39.2</ele>
        <time>2023-06-10T18:22:15Z</time>
      </trkpt>
      <trkpt lat="43.914783" lon="-124.110725">
        <ele>35.0</ele>
        <time>2023-06-10T18:22:22Z</time>
      </trkpt>
      <trkpt lat="43.91428" lon="-124.110863">
        <ele>31.6</ele>
        <time>2023-06-10T18:22:26Z</time>
      </trkpt>
      <trkpt lat="43.913272" lon="-124.111107">
        <ele>26.2</ele>
        <time>2023-06-10T18:22:35Z</time>
      </trkpt>
      <trkpt lat="43.91201" lon="-124.111389">
        <ele>23.7</ele>
        <time>2023-06-10T18:22:47Z</time>
      </trkpt>
      <trkpt lat="43.911026" lon="-124.111664">
        <ele>23.6</ele>
        <time>2023-06-10T18:22:57Z</time>
      </trkpt>
      <trkpt lat="43.909367" lon="-124.112068">
        <ele>22.2</ele>
        <time>2023-06-10T18:23:16Z</time>
      </trkpt>
      <trkpt lat="43.908779" lon="-124.112236">
        <ele>22.0</ele>
        <time>2023-06-10T18:23:23Z</time>
      </trkpt>
      <trkpt lat="43.907921" lon="-124.11245">
        <ele>23.3</ele>
        <time>2023-06-10T18:23:35Z</time>
      </trkpt>
      <trkpt lat="43.907722" lon="-124.112518">
        <ele>23.7</ele>
        <time>2023-06-10T18:23:38Z</time>
      </trkpt>
      <trkpt lat="43.90736" lon="-124.112679">
        <ele>24.3</ele>
        <time>2023-06-10T18:23:44Z</time>
      </trkpt>
      <trkpt lat="43.906788" lon="-124.113007">
        <ele>25.3</ele>
        <time>2023-06-10T18:23:53Z</time>
      </trkpt>
      <trkpt lat="43.906368" lon="-124.113319">
        <ele>25.6</ele>
        <time>2023-06-10T18:23:59Z</time>
      </trkpt>
      <trkpt lat="43.905708" lon="-124.113869">
        <ele>24.2</ele>
        <time>2023-06-10T18:24:07Z</time>
      </trkpt>
      <trkpt lat="43.905048" lon="-124.114365">
        <ele>20.6</ele>
        <time>2023-06-10T18:24:14Z</time>
      </trkpt>
      <trkpt lat="43.904758" lon="-124.114563">
        <ele>19.0</ele>
        <time>2023-06-10T18:24:17Z</time>
      </trkpt>
      <trkpt lat="43.90401" lon="-124.115021">
        <ele>15.0</ele>
        <time>2023-06-10T18:24:25Z</time>
      </trkpt>
      <trkpt lat="43.903061" lon="-124.115509">
        <ele>11.8</ele>
        <time>2023-06-10T18:24:36Z</time>
      </trkpt>
      <trkpt lat="43.902126" lon="-124.11586">
        <ele>11.6</ele>
        <time>2023-06-10T18:24:47Z</time>
      </trkpt>
      <trkpt lat="43.901379" lon="-124.116119">
        <ele>11.8</ele>
        <time>2023-06-10T18:24:56Z</time>
      </trkpt>
      <trkpt lat="43.899151" lon="-124.116821">
        <ele>11.6</ele>
        <time>2023-06-10T18:25:24Z</time>
      </trkpt>
      <trkpt lat="43.897953" lon="-124.117172">
        <ele>11.0</ele>
        <time>2023-06-10T18:25:38Z</time>
      </trkpt>
      <trkpt lat="43.895404" lon="-124.118042">
        <ele>8.0</ele>
        <time>2023-06-10T18:26:08Z</time>
      </trkpt>
      <trkpt lat="43.894341" lon="-124.11834">
        <ele>9.8</ele>
        <time>2023-06-10T18:26:26Z</time>
      </trkpt>
      <trkpt lat="43.89416" lon="-124.118378">
        <ele>10.8</ele>
        <time>2023-06-10T18:26:30Z</time>
      </trkpt>
      <trkpt lat="43.893711" lon="-124.118515">
        <ele>12.7</ele>
        <time>2023-06-10T18:26:40Z</time>
      </trkpt>
      <trkpt lat="43.893524" lon="-124.118553">
        <ele>13.3</ele>
        <time>2023-06-10T18:26:44Z</time>
      </trkpt>
      <trkpt lat="43.893337" lon="-124.118629">
        <ele>14.0</ele>
        <time>2023-06-10T18:26:48Z</time>
      </trkpt>
      <trkpt lat="43.893188" lon="-124.11866">
        <ele>14.6</ele>
        <time>2023-06-10T18:26:51Z</time>
      </trkpt>
      <trkpt lat="43.891094" lon="-124.119308">
        <ele>12.3</ele>
        <time>2023-06-10T18:27:19Z</time>
      </trkpt>
      <trkpt lat="43.890804" lon="-124.119415">
        <ele>11.0</ele>
        <time>2023-06-10T18:27:22Z</time>
      </trkpt>
      <trkpt lat="43.888779" lon="-124.120041">
        <ele>6.6</ele>
        <time>2023-06-10T18:27:43Z</time>
      </trkpt>
      <trkpt lat="43.888149" lon="-124.12027">
        <ele>6.3</ele>
        <time>2023-06-10T18:27:50Z</time>
      </trkpt>
      <trkpt lat="43.884689" lon="-124.12133">
        <ele>5.1</ele>
        <time>2023-06-10T18:28:34Z</time>
      </trkpt>
      <trkpt lat="43.884476" lon="-124.121399">
        <ele>5.1</ele>
        <time>2023-06-10T18:28:37Z</time>
      </trkpt>
      <trkpt lat="43.884251" lon="-124.121506">
        <ele>5.1</ele>
        <time>2023-06-10T18:28:40Z</time>
      </trkpt>
      <trkpt lat="43.88398" lon="-124.121681">
        <ele>4.8</ele>
        <time>2023-06-10T18:28:44Z</time>
      </trkpt>
      <trkpt lat="43.883633" lon="-124.122032">
        <ele>4.6</ele>
        <time>2023-06-10T18:28:50Z</time>
      </trkpt>
      <trkpt lat="43.883362" lon="-124.12249">
        <ele>4.3</ele>
        <time>2023-06-10T18:28:56Z</time>
      </trkpt>
      <trkpt lat="43.883232" lon="-124.122833">
        <ele>4.3</ele>
        <time>2023-06-10T18:29:00Z</time>
      </trkpt>
      <trkpt lat="43.883095" lon="-124.12336">
        <ele>4.3</ele>
        <time>2023-06-10T18:29:06Z</time>
      </trkpt>
      <trkpt lat="43.883041" lon="-124.123886">
        <ele>4.6</ele>
        <time>2023-06-10T18:29:12Z</time>
      </trkpt>
      <trkpt lat="43.883034" lon="-124.124573">
        <ele>5.8</ele>
        <time>2023-06-10T18:29:22Z</time>
      </trkpt>
      <trkpt lat="43.88306" lon="-124.125504">
        <ele>9.0</ele>
        <time>2023-06-10T18:29:39Z</time>
      </trkpt>
      <trkpt lat="43.88306" lon="-124.126175">
        <ele>11.3</ele>
        <time>2023-06-10T18:29:54Z</time>
      </trkpt>
      <trkpt lat="43.883041" lon="-124.126297">
        <ele>11.8</ele>
        <time>2023-06-10T18:29:57Z</time>
      </trkpt>
      <trkpt lat="43.883049" lon="-124.126434">
        <ele>12.6</ele>
        <time>2023-06-10T18:30:00Z</time>
      </trkpt>
      <trkpt lat="43.883026" lon="-124.126793">
        <ele>14.2</ele>
        <time>2023-06-10T18:30:08Z</time>
      </trkpt>
      <trkpt lat="43.882992" lon="-124.126984">
        <ele>15.0</ele>
        <time>2023-06-10T18:30:12Z</time>
      </trkpt>
      <trkpt lat="43.882976" lon="-124.127197">
        <ele>16.0</ele>
        <time>2023-06-10T18:30:17Z</time>
      </trkpt>
      <trkpt lat="43.882935" lon="-124.127403">
        <ele>17.2</ele>
        <time>2023-06-10T18:30:22Z</time>
      </trkpt>
      <trkpt lat="43.882751" lon="-124.127892">
        <ele>19.3</ele>
        <time>2023-06-10T18:30:35Z</time>
      </trkpt>
      <trkpt lat="43.882633" lon="-124.128136">
        <ele>21.0</ele>
        <time>2023-06-10T18:30:41Z</time>
      </trkpt>
      <trkpt lat="43.88243" lon="-124.128479">
        <ele>22.6</ele>
        <time>2023-06-10T18:30:50Z</time>
      </trkpt>
      <trkpt lat="43.882281" lon="-124.128685">
        <ele>23.6</ele>
        <time>2023-06-10T18:30:56Z</time>
      </trkpt>
      <trkpt lat="43.881996" lon="-124.128983">
        <ele>25.2</ele>
        <time>2023-06-10T18:31:06Z</time>
      </trkpt>
      <trkpt lat="43.881657" lon="-124.129181">
        <ele>26.3</ele>
        <time>2023-06-10T18:31:15Z</time>
      </trkpt>
      <trkpt lat="43.881443" lon="-124.12928">
        <ele>27.0</ele>
        <time>2023-06-10T18:31:20Z</time>
      </trkpt>
      <trkpt lat="43.881203" lon="-124.129372">
        <ele>27.3</ele>
        <time>2023-06-10T18:31:25Z</time>
      </trkpt>
      <trkpt lat="43.881111" lon="-124.129425">
        <ele>27.3</ele>
        <time>2023-06-10T18:31:27Z</time>
      </trkpt>
      <trkpt lat="43.880501" lon="-124.129692">
        <ele>28.3</ele>
        <time>2023-06-10T18:31:40Z</time>
      </trkpt>
      <trkpt lat="43.87933" lon="-124.130173">
        <ele>29.6</ele>
        <time>2023-06-10T18:32:03Z</time>
      </trkpt>
      <trkpt lat="43.879211" lon="-124.130257">
        <ele>30.0</ele>
        <time>2023-06-10T18:32:06Z</time>
      </trkpt>
      <trkpt lat="43.878948" lon="-124.130348">
        <ele>31.0</ele>
        <time>2023-06-10T18:32:12Z</time>
      </trkpt>
      <trkpt lat="43.878792" lon="-124.130463">
        <ele>31.3</ele>
        <time>2023-06-10T18:32:17Z</time>
      </trkpt>
      <trkpt lat="43.877941" lon="-124.130775">
        <ele>35.6</ele>
        <time>2023-06-10T18:32:39Z</time>
      </trkpt>
      <trkpt lat="43.877392" lon="-124.131035">
        <ele>37.2</ele>
        <time>2023-06-10T18:32:52Z</time>
      </trkpt>
      <trkpt lat="43.876816" lon="-124.131256">
        <ele>38.0</ele>
        <time>2023-06-10T18:33:04Z</time>
      </trkpt>
      <trkpt lat="43.876613" lon="-124.131317">
        <ele>38.2</ele>
        <time>2023-06-10T18:33:08Z</time>
      </trkpt>
      <trkpt lat="43.876049" lon="-124.131447">
        <ele>38.3</ele>
        <time>2023-06-10T18:33:19Z</time>
      </trkpt>
      <trkpt lat="43.875519" lon="-124.131516">
        <ele>38.6</ele>
        <time>2023-06-10T18:33:28Z</time>
      </trkpt>
      <trkpt lat="43.874622" lon="-124.131577">
        <ele>39.6</ele>
        <time>2023-06-10T18:33:42Z</time>
      </trkpt>
      <trkpt lat="43.873688" lon="-124.131714">
        <ele>39.7</ele>
        <time>2023-06-10T18:33:55Z</time>
      </trkpt>
      <trkpt lat="43.873192" lon="-124.131805">
        <ele>39.7</ele>
        <time>2023-06-10T18:34:02Z</time>
      </trkpt>
      <trkpt lat="43.872414" lon="-124.13205">
        <ele>40.3</ele>
        <time>2023-06-10T18:34:15Z</time>
      </trkpt>
      <trkpt lat="43.871933" lon="-124.13224">
        <ele>41.0</ele>
        <time>2023-06-10T18:34:24Z</time>
      </trkpt>
      <trkpt lat="43.8717" lon="-124.13237">
        <ele>41.2</ele>
        <time>2023-06-10T18:34:29Z</time>
      </trkpt>
      <trkpt lat="43.871322" lon="-124.132599">
        <ele>41.3</ele>
        <time>2023-06-10T18:34:37Z</time>
      </trkpt>
      <trkpt lat="43.870636" lon="-124.133087">
        <ele>41.6</ele>
        <time>2023-06-10T18:34:50Z</time>
      </trkpt>
      <trkpt lat="43.869896" lon="-124.13372">
        <ele>40.6</ele>
        <time>2023-06-10T18:35:03Z</time>
      </trkpt>
      <trkpt lat="43.869083" lon="-124.134346">
        <ele>38.3</ele>
        <time>2023-06-10T18:35:14Z</time>
      </trkpt>
      <trkpt lat="43.86853" lon="-124.134819">
        <ele>36.6</ele>
        <time>2023-06-10T18:35:22Z</time>
      </trkpt>
      <trkpt lat="43.867821" lon="-124.13549">
        <ele>35.7</ele>
        <time>2023-06-10T18:35:34Z</time>
      </trkpt>
      <trkpt lat="43.867462" lon="-124.135788">
        <ele>35.6</ele>
        <time>2023-06-10T18:35:40Z</time>
      </trkpt>
      <trkpt lat="43.86705" lon="-124.136101">
        <ele>34.7</ele>
        <time>2023-06-10T18:35:47Z</time>
      </trkpt>
      <trkpt lat="43.866764" lon="-124.136276">
        <ele>34.3</ele>
        <time>2023-06-10T18:35:52Z</time>
      </trkpt>
      <trkpt lat="43.865894" lon="-124.137024">
        <ele>35.2</ele>
        <time>2023-06-10T18:36:09Z</time>
      </trkpt>
      <trkpt lat="43.865004" lon="-124.137741">
        <ele>35.0</ele>
        <time>2023-06-10T18:36:24Z</time>
      </trkpt>
      <trkpt lat="43.864491" lon="-124.138123">
        <ele>34.7</ele>
        <time>2023-06-10T18:36:31Z</time>
      </trkpt>
      <trkpt lat="43.86311" lon="-124.139259">
        <ele>30.2</ele>
        <time>2023-06-10T18:36:48Z</time>
      </trkpt>
      <trkpt lat="43.862869" lon="-124.139481">
        <ele>29.0</ele>
        <time>2023-06-10T18:36:51Z</time>
      </trkpt>
      <trkpt lat="43.862537" lon="-124.139755">
        <ele>27.2</ele>
        <time>2023-06-10T18:36:55Z</time>
      </trkpt>
      <trkpt lat="43.861492" lon="-124.140594">
        <ele>23.7</ele>
        <time>2023-06-10T18:37:07Z</time>
      </trkpt>
      <trkpt lat="43.861153" lon="-124.1409">
        <ele>22.6</ele>
        <time>2023-06-10T18:37:11Z</time>
      </trkpt>
      <trkpt lat="43.860634" lon="-124.141327">
        <ele>20.2</ele>
        <time>2023-06-10T18:37:18Z</time>
      </trkpt>
      <trkpt lat="43.8605" lon="-124.141457">
        <ele>20.0</ele>
        <time>2023-06-10T18:37:20Z</time>
      </trkpt>
      <trkpt lat="43.86018" lon="-124.141708">
        <ele>19.7</ele>
        <time>2023-06-10T18:37:25Z</time>
      </trkpt>
      <trkpt lat="43.86" lon="-124.141823">
        <ele>19.7</ele>
        <time>2023-06-10T18:37:28Z</time>
      </trkpt>
      <trkpt lat="43.859329" lon="-124.142326">
        <ele>19.3</ele>
        <time>2023-06-10T18:37:39Z</time>
      </trkpt>
      <trkpt lat="43.859001" lon="-124.142525">
        <ele>19.3</ele>
        <time>2023-06-10T18:37:44Z</time>
      </trkpt>
      <trkpt lat="43.858902" lon="-124.142609">
        <ele>19.3</ele>
        <time>2023-06-10T18:37:46Z</time>
      </trkpt>
      <trkpt lat="43.857712" lon="-124.14328">
        <ele>18.7</ele>
        <time>2023-06-10T18:38:04Z</time>
      </trkpt>
      <trkpt lat="43.855621" lon="-124.144577">
        <ele>18.2</ele>
        <time>2023-06-10T18:38:40Z</time>
      </trkpt>
      <trkpt lat="43.85519" lon="-124.144875">
        <ele>19.2</ele>
        <time>2023-06-10T18:38:49Z</time>
      </trkpt>
      <trkpt lat="43.854519" lon="-124.145302">
        <ele>22.6</ele>
        <time>2023-06-10T18:39:07Z</time>
      </trkpt>
      <trkpt lat="43.854042" lon="-124.145523">
        <ele>24.3</ele>
        <time>2023-06-10T18:39:19Z</time>
      </trkpt>
      <trkpt lat="43.853191" lon="-124.145805">
        <ele>27.0</ele>
        <time>2023-06-10T18:39:39Z</time>
      </trkpt>
      <trkpt lat="43.852939" lon="-124.145866">
        <ele>28.0</ele>
        <time>2023-06-10T18:39:45Z</time>
      </trkpt>
      <trkpt lat="43.85239" lon="-124.145973">
        <ele>29.2</ele>
        <time>2023-06-10T18:39:57Z</time>
      </trkpt>
      <trkpt lat="43.852192" lon="-124.146027">
        <ele>29.7</ele>
        <time>2023-06-10T18:40:01Z</time>
      </trkpt>
      <trkpt lat="43.850693" lon="-124.146347">
        <ele>30.2</ele>
        <time>2023-06-10T18:40:28Z</time>
      </trkpt>
      <trkpt lat="43.849818" lon="-124.146599">
        <ele>30.0</ele>
        <time>2023-06-10T18:40:42Z</time>
      </trkpt>
      <trkpt lat="43.849117" lon="-124.146751">
        <ele>29.3</ele>
        <time>2023-06-10T18:40:52Z</time>
      </trkpt>
      <trkpt lat="43.848557" lon="-124.146843">
        <ele>29.2</ele>
        <time>2023-06-10T18:41:00Z</time>
      </trkpt>
      <trkpt lat="43.847935" lon="-124.146973">
        <ele>28.7</ele>
        <time>2023-06-10T18:41:09Z</time>
      </trkpt>
      <trkpt lat="43.847382" lon="-124.14711">
        <ele>28.6</ele>
        <time>2023-06-10T18:41:17Z</time>
      </trkpt>
      <trkpt lat="43.845318" lon="-124.147797">
        <ele>29.3</ele>
        <time>2023-06-10T18:41:48Z</time>
      </trkpt>
      <trkpt lat="43.844292" lon="-124.148155">
        <ele>29.7</ele>
        <time>2023-06-10T18:42:03Z</time>
      </trkpt>
      <trkpt lat="43.842514" lon="-124.148735">
        <ele>23.3</ele>
        <time>2023-06-10T18:42:21Z</time>
      </trkpt>
      <trkpt lat="43.841392" lon="-124.149155">
        <ele>20.7</ele>
        <time>2023-06-10T18:42:35Z</time>
      </trkpt>
      <trkpt lat="43.840805" lon="-124.149399">
        <ele>25.3</ele>
        <time>2023-06-10T18:42:51Z</time>
      </trkpt>
      <trkpt lat="43.840054" lon="-124.149666">
        <ele>28.2</ele>
        <time>2023-06-10T18:43:08Z</time>
      </trkpt>
      <trkpt lat="43.839844" lon="-124.14975">
        <ele>28.7</ele>
        <time>2023-06-10T18:43:12Z</time>
      </trkpt>
      <trkpt lat="43.839432" lon="-124.149956">
        <ele>29.2</ele>
        <time>2023-06-10T18:43:20Z</time>
      </trkpt>
      <trkpt lat="43.839279" lon="-124.149971">
        <ele>29.2</ele>
        <time>2023-06-10T18:43:23Z</time>
      </trkpt>
      <trkpt lat="43.839016" lon="-124.150063">
        <ele>29.3</ele>
        <time>2023-06-10T18:43:28Z</time>
      </trkpt>
      <trkpt lat="43.838818" lon="-124.150101">
        <ele>29.3</ele>
        <time>2023-06-10T18:43:32Z</time>
      </trkpt>
      <trkpt lat="43.838448" lon="-124.150208">
        <ele>29.6</ele>
        <time>2023-06-10T18:43:39Z</time>
      </trkpt>
      <trkpt lat="43.83728" lon="-124.150581">
        <ele>32.3</ele>
        <time>2023-06-10T18:44:05Z</time>
      </trkpt>
      <trkpt lat="43.83688" lon="-124.150635">
        <ele>35.0</ele>
        <time>2023-06-10T18:44:16Z</time>
      </trkpt>
      <trkpt lat="43.836555" lon="-124.150658">
        <ele>36.6</ele>
        <time>2023-06-10T18:44:25Z</time>
      </trkpt>
      <trkpt lat="43.836086" lon="-124.150612">
        <ele>39.3</ele>
        <time>2023-06-10T18:44:38Z</time>
      </trkpt>
      <trkpt lat="43.835697" lon="-124.15052">
        <ele>40.6</ele>
        <time>2023-06-10T18:44:48Z</time>
      </trkpt>
      <trkpt lat="43.835312" lon="-124.150398">
        <ele>41.3</ele>
        <time>2023-06-10T18:44:57Z</time>
      </trkpt>
      <trkpt lat="43.835037" lon="-124.150276">
        <ele>41.7</ele>
        <time>2023-06-10T18:45:03Z</time>
      </trkpt>
      <trkpt lat="43.834782" lon="-124.150154">
        <ele>41.7</ele>
        <time>2023-06-10T18:45:08Z</time>
      </trkpt>
      <trkpt lat="43.83469" lon="-124.15007">
        <ele>41.7</ele>
        <time>2023-06-10T18:45:10Z</time>
      </trkpt>
      <trkpt lat="43.834023" lon="-124.14975">
        <ele>41.3</ele>
        <time>2023-06-10T18:45:21Z</time>
      </trkpt>
      <trkpt lat="43.833893" lon="-124.149742">
        <ele>41.3</ele>
        <time>2023-06-10T18:45:23Z</time>
      </trkpt>
      <trkpt lat="43.833801" lon="-124.149834">
        <ele>41.3</ele>
        <time>2023-06-10T18:45:25Z</time>
      </trkpt>
      <trkpt lat="43.83379" lon="-124.150009">
        <ele>41.2</ele>
        <time>2023-06-10T18:45:27Z</time>
      </trkpt>
      <trkpt lat="43.833839" lon="-124.150185">
        <ele>40.7</ele>
        <time>2023-06-10T18:45:29Z</time>
      </trkpt>
      <trkpt lat="43.833942" lon="-124.150322">
        <ele>40.6</ele>
        <time>2023-06-10T18:45:31Z</time>
      </trkpt>
      <trkpt lat="43.834015" lon="-124.15036">
        <ele>40.0</ele>
        <time>2023-06-10T18:45:32Z</time>
      </trkpt>
      <trkpt lat="43.834091" lon="-124.150375">
        <ele>39.3</ele>
        <time>2023-06-10T18:45:33Z</time>
      </trkpt>
      <trkpt lat="43.834358" lon="-124.15036">
        <ele>38.2</ele>
        <time>2023-06-10T18:45:36Z</time>
      </trkpt>
      <trkpt lat="43.834595" lon="-124.150375">
        <ele>37.2</ele>
        <time>2023-06-10T18:45:39Z</time>
      </trkpt>
      <trkpt lat="43.834724" lon="-124.150421">
        <ele>35.7</ele>
        <time>2023-06-10T18:45:41Z</time>
      </trkpt>
      <trkpt lat="43.835007" lon="-124.150558">
        <ele>35.0</ele>
        <time>2023-06-10T18:45:46Z</time>
      </trkpt>
      <trkpt lat="43.835049" lon="-124.150581">
        <ele>35.0</ele>
        <time>2023-06-10T18:45:47Z</time>
      </trkpt>
      <trkpt lat="43.835171" lon="-124.150703">
        <ele>35.0</ele>
        <time>2023-06-10T18:45:50Z</time>
      </trkpt>
      <trkpt lat="43.835209" lon="-124.150826">
        <ele>35.2</ele>
        <time>2023-06-10T18:45:52Z</time>
      </trkpt>
      <trkpt lat="43.835201" lon="-124.15094">
        <ele>36.0</ele>
        <time>2023-06-10T18:45:54Z</time>
      </trkpt>
      <trkpt lat="43.83514" lon="-124.151077">
        <ele>36.3</ele>
        <time>2023-06-10T18:45:57Z</time>
      </trkpt>
      <trkpt lat="43.835003" lon="-124.151169">
        <ele>37.2</ele>
        <time>2023-06-10T18:46:01Z</time>
      </trkpt>
      <trkpt lat="43.834492" lon="-124.151283">
        <ele>39.3</ele>
        <time>2023-06-10T18:46:14Z</time>
      </trkpt>
      <trkpt lat="43.834305" lon="-124.151253">
        <ele>39.7</ele>
        <time>2023-06-10T18:46:20Z</time>
      </trkpt>
      <trkpt lat="43.834145" lon="-124.151283">
        <ele>40.0</ele>
        <time>2023-06-10T18:46:25Z</time>
      </trkpt>
      <trkpt lat="43.834038" lon="-124.151306">
        <ele>40.3</ele>
        <time>2023-06-10T18:46:28Z</time>
      </trkpt>
      <trkpt lat="43.833878" lon="-124.151398">
        <ele>40.3</ele>
        <time>2023-06-10T18:46:32Z</time>
      </trkpt>
      <trkpt lat="43.833751" lon="-124.151482">
        <ele>40.3</ele>
        <time>2023-06-10T18:46:35Z</time>
      </trkpt>
      <trkpt lat="43.833424" lon="-124.151756">
        <ele>39.6</ele>
        <time>2023-06-10T18:46:43Z</time>
      </trkpt>
      <trkpt lat="43.833412" lon="-124.151863">
        <ele>39.2</ele>
        <time>2023-06-10T18:46:47Z</time>
      </trkpt>
      <trkpt lat="43.833393" lon="-124.151886">
        <ele>39.0</ele>
        <time>2023-06-10T18:46:49Z</time>
      </trkpt>
      <trkpt lat="43.833416" lon="-124.151924">
        <ele>39.0</ele>
        <time>2023-06-10T18:46:59Z</time>
      </trkpt>
      <trkpt lat="43.833435" lon="-124.151924">
        <ele>39.0</ele>
        <time>2023-06-10T18:47:02Z</time>
      </trkpt>
      <trkpt lat="43.83345" lon="-124.15197">
        <ele>38.7</ele>
        <time>2023-06-10T18:47:09Z</time>
      </trkpt>
      <trkpt lat="43.833424" lon="-124.151993">
        <ele>37.7</ele>
        <time>2023-06-10T19:05:02Z</time>
      </trkpt>
      <trkpt lat="43.833359" lon="-124.151909">
        <ele>37.7</ele>
        <time>2023-06-10T19:05:06Z</time>
      </trkpt>
      <trkpt lat="43.833229" lon="-124.151848">
        <ele>37.7</ele>
        <time>2023-06-10T19:05:10Z</time>
      </trkpt>
      <trkpt lat="43.833107" lon="-124.151756">
        <ele>38.2</ele>
        <time>2023-06-10T19:05:15Z</time>
      </trkpt>
      <trkpt lat="43.833038" lon="-124.151642">
        <ele>39.2</ele>
        <time>2023-06-10T19:05:19Z</time>
      </trkpt>
      <trkpt lat="43.833042" lon="-124.151543">
        <ele>39.0</ele>
        <time>2023-06-10T19:05:21Z</time>
      </trkpt>
      <trkpt lat="43.833118" lon="-124.15139">
        <ele>39.2</ele>
        <time>2023-06-10T19:05:25Z</time>
      </trkpt>
      <trkpt lat="43.833519" lon="-124.15136">
        <ele>38.6</ele>
        <time>2023-06-10T19:05:34Z</time>
      </trkpt>
      <trkpt lat="43.833678" lon="-124.151405">
        <ele>38.3</ele>
        <time>2023-06-10T19:05:37Z</time>
      </trkpt>
      <trkpt lat="43.833778" lon="-124.151405">
        <ele>38.2</ele>
        <time>2023-06-10T19:05:39Z</time>
      </trkpt>
      <trkpt lat="43.83395" lon="-124.151337">
        <ele>38.0</ele>
        <time>2023-06-10T19:05:43Z</time>
      </trkpt>
      <trkpt lat="43.834244" lon="-124.151253">
        <ele>38.2</ele>
        <time>2023-06-10T19:05:50Z</time>
      </trkpt>
      <trkpt lat="43.834568" lon="-124.15123">
        <ele>38.7</ele>
        <time>2023-06-10T19:05:57Z</time>
      </trkpt>
      <trkpt lat="43.835037" lon="-124.151123">
        <ele>38.6</ele>
        <time>2023-06-10T19:06:06Z</time>
      </trkpt>
      <trkpt lat="43.835129" lon="-124.151047">
        <ele>38.2</ele>
        <time>2023-06-10T19:06:08Z</time>
      </trkpt>
      <trkpt lat="43.835175" lon="-124.150909">
        <ele>38.0</ele>
        <time>2023-06-10T19:06:10Z</time>
      </trkpt>
      <trkpt lat="43.835155" lon="-124.150757">
        <ele>37.7</ele>
        <time>2023-06-10T19:06:12Z</time>
      </trkpt>
      <trkpt lat="43.835075" lon="-124.150642">
        <ele>37.6</ele>
        <time>2023-06-10T19:06:14Z</time>
      </trkpt>
      <trkpt lat="43.835026" lon="-124.150597">
        <ele>37.3</ele>
        <time>2023-06-10T19:06:15Z</time>
      </trkpt>
      <trkpt lat="43.834911" lon="-124.150536">
        <ele>37.0</ele>
        <time>2023-06-10T19:06:17Z</time>
      </trkpt>
      <trkpt lat="43.834724" lon="-124.150459">
        <ele>36.6</ele>
        <time>2023-06-10T19:06:20Z</time>
      </trkpt>
      <trkpt lat="43.834457" lon="-124.150414">
        <ele>36.0</ele>
        <time>2023-06-10T19:06:24Z</time>
      </trkpt>
      <trkpt lat="43.834106" lon="-124.150414">
        <ele>34.6</ele>
        <time>2023-06-10T19:06:30Z</time>
      </trkpt>
      <trkpt lat="43.83401" lon="-124.150398">
        <ele>34.3</ele>
        <time>2023-06-10T19:06:32Z</time>
      </trkpt>
      <trkpt lat="43.833934" lon="-124.15036">
        <ele>34.3</ele>
        <time>2023-06-10T19:06:34Z</time>
      </trkpt>
      <trkpt lat="43.833817" lon="-124.15023">
        <ele>34.3</ele>
        <time>2023-06-10T19:06:38Z</time>
      </trkpt>
      <trkpt lat="43.833767" lon="-124.150078">
        <ele>35.6</ele>
        <time>2023-06-10T19:06:41Z</time>
      </trkpt>
      <trkpt lat="43.833759" lon="-124.149963">
        <ele>36.0</ele>
        <time>2023-06-10T19:06:43Z</time>
      </trkpt>
      <trkpt lat="43.83379" lon="-124.149757">
        <ele>37.2</ele>
        <time>2023-06-10T19:06:48Z</time>
      </trkpt>
      <trkpt lat="43.833782" lon="-124.149719">
        <ele>37.3</ele>
        <time>2023-06-10T19:06:49Z</time>
      </trkpt>
      <trkpt lat="43.83366" lon="-124.149574">
        <ele>38.3</ele>
        <time>2023-06-10T19:06:53Z</time>
      </trkpt>
      <trkpt lat="43.833312" lon="-124.149391">
        <ele>38.7</ele>
        <time>2023-06-10T19:07:01Z</time>
      </trkpt>
      <trkpt lat="43.832676" lon="-124.149139">
        <ele>38.3</ele>
        <time>2023-06-10T19:07:13Z</time>
      </trkpt>
      <trkpt lat="43.832153" lon="-124.149017">
        <ele>37.7</ele>
        <time>2023-06-10T19:07:21Z</time>
      </trkpt>
      <trkpt lat="43.831947" lon="-124.149017">
        <ele>37.2</ele>
        <time>2023-06-10T19:07:24Z</time>
      </trkpt>
      <trkpt lat="43.830608" lon="-124.148911">
        <ele>35.2</ele>
        <time>2023-06-10T19:07:42Z</time>
      </trkpt>
      <trkpt lat="43.830467" lon="-124.14888">
        <ele>35.0</ele>
        <time>2023-06-10T19:07:44Z</time>
      </trkpt>
      <trkpt lat="43.829555" lon="-124.14888">
        <ele>34.7</ele>
        <time>2023-06-10T19:07:57Z</time>
      </trkpt>
      <trkpt lat="43.829147" lon="-124.148865">
        <ele>35.0</ele>
        <time>2023-06-10T19:08:03Z</time>
      </trkpt>
      <trkpt lat="43.82864" lon="-124.148819">
        <ele>35.2</ele>
        <time>2023-06-10T19:08:11Z</time>
      </trkpt>
      <trkpt lat="43.828079" lon="-124.148735">
        <ele>35.2</ele>
        <time>2023-06-10T19:08:20Z</time>
      </trkpt>
      <trkpt lat="43.827488" lon="-124.14872">
        <ele>35.6</ele>
        <time>2023-06-10T19:08:30Z</time>
      </trkpt>
      <trkpt lat="43.827129" lon="-124.148697">
        <ele>36.0</ele>
        <time>2023-06-10T19:08:36Z</time>
      </trkpt>
      <trkpt lat="43.826847" lon="-124.148659">
        <ele>36.0</ele>
        <time>2023-06-10T19:08:41Z</time>
      </trkpt>
      <trkpt lat="43.826434" lon="-124.148499">
        <ele>36.3</ele>
        <time>2023-06-10T19:08:49Z</time>
      </trkpt>
      <trkpt lat="43.826183" lon="-124.148338">
        <ele>37.0</ele>
        <time>2023-06-10T19:08:54Z</time>
      </trkpt>
      <trkpt lat="43.825806" lon="-124.148003">
        <ele>37.2</ele>
        <time>2023-06-10T19:09:02Z</time>
      </trkpt>
      <trkpt lat="43.825401" lon="-124.147713">
        <ele>36.6</ele>
        <time>2023-06-10T19:09:10Z</time>
      </trkpt>
      <trkpt lat="43.825268" lon="-124.147644">
        <ele>36.6</ele>
        <time>2023-06-10T19:09:13Z</time>
      </trkpt>
      <trkpt lat="43.824944" lon="-124.147583">
        <ele>36.7</ele>
        <time>2023-06-10T19:09:21Z</time>
      </trkpt>
      <trkpt lat="43.824665" lon="-124.147606">
        <ele>39.3</ele>
        <time>2023-06-10T19:09:30Z</time>
      </trkpt>
      <trkpt lat="43.824593" lon="-124.147629">
        <ele>39.7</ele>
        <time>2023-06-10T19:09:32Z</time>
      </trkpt>
      <trkpt lat="43.824416" lon="-124.147743">
        <ele>40.3</ele>
        <time>2023-06-10T19:09:38Z</time>
      </trkpt>
      <trkpt lat="43.824318" lon="-124.147781">
        <ele>41.3</ele>
        <time>2023-06-10T19:09:42Z</time>
      </trkpt>
      <trkpt lat="43.824196" lon="-124.147858">
        <ele>42.3</ele>
        <time>2023-06-10T19:09:47Z</time>
      </trkpt>
      <trkpt lat="43.824089" lon="-124.147964">
        <ele>43.6</ele>
        <time>2023-06-10T19:09:52Z</time>
      </trkpt>
      <trkpt lat="43.823948" lon="-124.148064">
        <ele>44.7</ele>
        <time>2023-06-10T19:09:57Z</time>
      </trkpt>
      <trkpt lat="43.823845" lon="-124.14817">
        <ele>45.3</ele>
        <time>2023-06-10T19:10:02Z</time>
      </trkpt>
      <trkpt lat="43.823612" lon="-124.148483">
        <ele>46.6</ele>
        <time>2023-06-10T19:10:12Z</time>
      </trkpt>
      <trkpt lat="43.823597" lon="-124.148529">
        <ele>46.7</ele>
        <time>2023-06-10T19:10:13Z</time>
      </trkpt>
      <trkpt lat="43.82333" lon="-124.148811">
        <ele>47.3</ele>
        <time>2023-06-10T19:10:20Z</time>
      </trkpt>
      <trkpt lat="43.822978" lon="-124.149429">
        <ele>48.0</ele>
        <time>2023-06-10T19:10:32Z</time>
      </trkpt>
      <trkpt lat="43.822521" lon="-124.150047">
        <ele>47.7</ele>
        <time>2023-06-10T19:10:43Z</time>
      </trkpt>
      <trkpt lat="43.822189" lon="-124.150337">
        <ele>47.0</ele>
        <time>2023-06-10T19:10:49Z</time>
      </trkpt>
      <trkpt lat="43.821815" lon="-124.150627">
        <ele>45.3</ele>
        <time>2023-06-10T19:10:55Z</time>
      </trkpt>
      <trkpt lat="43.821617" lon="-124.150757">
        <ele>44.7</ele>
        <time>2023-06-10T19:10:58Z</time>
      </trkpt>
      <trkpt lat="43.820869" lon="-124.151016">
        <ele>42.6</ele>
        <time>2023-06-10T19:11:08Z</time>
      </trkpt>
      <trkpt lat="43.819969" lon="-124.151253">
        <ele>40.3</ele>
        <time>2023-06-10T19:11:19Z</time>
      </trkpt>
      <trkpt lat="43.819622" lon="-124.151329">
        <ele>38.7</ele>
        <time>2023-06-10T19:11:23Z</time>
      </trkpt>
      <trkpt lat="43.819427" lon="-124.151398">
        <ele>38.2</ele>
        <time>2023-06-10T19:11:25Z</time>
      </trkpt>
      <trkpt lat="43.819038" lon="-124.151497">
        <ele>37.6</ele>
        <time>2023-06-10T19:11:29Z</time>
      </trkpt>
      <trkpt lat="43.818741" lon="-124.151588">
        <ele>36.0</ele>
        <time>2023-06-10T19:11:32Z</time>
      </trkpt>
      <trkpt lat="43.818436" lon="-124.151726">
        <ele>34.3</ele>
        <time>2023-06-10T19:11:35Z</time>
      </trkpt>
      <trkpt lat="43.818233" lon="-124.151848">
        <ele>33.2</ele>
        <time>2023-06-10T19:11:37Z</time>
      </trkpt>
      <trkpt lat="43.818138" lon="-124.151924">
        <ele>32.6</ele>
        <time>2023-06-10T19:11:38Z</time>
      </trkpt>
      <trkpt lat="43.817951" lon="-124.152122">
        <ele>32.0</ele>
        <time>2023-06-10T19:11:40Z</time>
      </trkpt>
      <trkpt lat="43.817711" lon="-124.152451">
        <ele>29.7</ele>
        <time>2023-06-10T19:11:43Z</time>
      </trkpt>
      <trkpt lat="43.817314" lon="-124.153152">
        <ele>24.6</ele>
        <time>2023-06-10T19:11:49Z</time>
      </trkpt>
      <trkpt lat="43.817238" lon="-124.153259">
        <ele>23.7</ele>
        <time>2023-06-10T19:11:50Z</time>
      </trkpt>
      <trkpt lat="43.816982" lon="-124.153542">
        <ele>22.7</ele>
        <time>2023-06-10T19:11:53Z</time>
      </trkpt>
      <trkpt lat="43.816593" lon="-124.153809">
        <ele>21.7</ele>
        <time>2023-06-10T19:11:57Z</time>
      </trkpt>
      <trkpt lat="43.816303" lon="-124.153908">
        <ele>19.7</ele>
        <time>2023-06-10T19:12:00Z</time>
      </trkpt>
      <trkpt lat="43.816097" lon="-124.153938">
        <ele>18.6</ele>
        <time>2023-06-10T19:12:02Z</time>
      </trkpt>
      <trkpt lat="43.81567" lon="-124.153908">
        <ele>17.3</ele>
        <time>2023-06-10T19:12:06Z</time>
      </trkpt>
      <trkpt lat="43.815331" lon="-124.153824">
        <ele>15.7</ele>
        <time>2023-06-10T19:12:09Z</time>
      </trkpt>
      <trkpt lat="43.814709" lon="-124.153717">
        <ele>12.6</ele>
        <time>2023-06-10T19:12:14Z</time>
      </trkpt>
      <trkpt lat="43.814346" lon="-124.153633">
        <ele>10.1</ele>
        <time>2023-06-10T19:12:17Z</time>
      </trkpt>
      <trkpt lat="43.813667" lon="-124.153427">
        <ele>6.0</ele>
        <time>2023-06-10T19:12:23Z</time>
      </trkpt>
      <trkpt lat="43.813362" lon="-124.153351">
        <ele>4.6</ele>
        <time>2023-06-10T19:12:26Z</time>
      </trkpt>
      <trkpt lat="43.812527" lon="-124.153175">
        <ele>3.1</ele>
        <time>2023-06-10T19:12:35Z</time>
      </trkpt>
      <trkpt lat="43.81192" lon="-124.153099">
        <ele>2.8</ele>
        <time>2023-06-10T19:12:42Z</time>
      </trkpt>
      <trkpt lat="43.811531" lon="-124.153091">
        <ele>2.8</ele>
        <time>2023-06-10T19:12:47Z</time>
      </trkpt>
      <trkpt lat="43.811176" lon="-124.153152">
        <ele>2.8</ele>
        <time>2023-06-10T19:12:52Z</time>
      </trkpt>
      <trkpt lat="43.810402" lon="-124.153336">
        <ele>3.8</ele>
        <time>2023-06-10T19:13:05Z</time>
      </trkpt>
      <trkpt lat="43.810009" lon="-124.153397">
        <ele>4.6</ele>
        <time>2023-06-10T19:13:12Z</time>
      </trkpt>
      <trkpt lat="43.809608" lon="-124.153534">
        <ele>6.0</ele>
        <time>2023-06-10T19:13:19Z</time>
      </trkpt>
      <trkpt lat="43.808857" lon="-124.153687">
        <ele>7.3</ele>
        <time>2023-06-10T19:13:33Z</time>
      </trkpt>
      <trkpt lat="43.808426" lon="-124.153717">
        <ele>8.3</ele>
        <time>2023-06-10T19:13:41Z</time>
      </trkpt>
      <trkpt lat="43.807892" lon="-124.153564">
        <ele>9.1</ele>
        <time>2023-06-10T19:13:51Z</time>
      </trkpt>
      <trkpt lat="43.807541" lon="-124.153275">
        <ele>9.8</ele>
        <time>2023-06-10T19:13:58Z</time>
      </trkpt>
      <trkpt lat="43.807316" lon="-124.153023">
        <ele>9.8</ele>
        <time>2023-06-10T19:14:02Z</time>
      </trkpt>
      <trkpt lat="43.806671" lon="-124.152046">
        <ele>8.3</ele>
        <time>2023-06-10T19:14:14Z</time>
      </trkpt>
      <trkpt lat="43.805138" lon="-124.149506">
        <ele>3.8</ele>
        <time>2023-06-10T19:14:44Z</time>
      </trkpt>
      <trkpt lat="43.804733" lon="-124.148972">
        <ele>3.8</ele>
        <time>2023-06-10T19:14:52Z</time>
      </trkpt>
      <trkpt lat="43.804348" lon="-124.148598">
        <ele>3.6</ele>
        <time>2023-06-10T19:14:59Z</time>
      </trkpt>
      <trkpt lat="43.804073" lon="-124.148376">
        <ele>3.6</ele>
        <time>2023-06-10T19:15:04Z</time>
      </trkpt>
      <trkpt lat="43.803683" lon="-124.148109">
        <ele>4.0</ele>
        <time>2023-06-10T19:15:10Z</time>
      </trkpt>
      <trkpt lat="43.803089" lon="-124.147865">
        <ele>4.6</ele>
        <time>2023-06-10T19:15:19Z</time>
      </trkpt>
      <trkpt lat="43.802486" lon="-124.147774">
        <ele>4.6</ele>
        <time>2023-06-10T19:15:28Z</time>
      </trkpt>
      <trkpt lat="43.802029" lon="-124.147774">
        <ele>4.6</ele>
        <time>2023-06-10T19:15:35Z</time>
      </trkpt>
      <trkpt lat="43.801575" lon="-124.147842">
        <ele>5.1</ele>
        <time>2023-06-10T19:15:42Z</time>
      </trkpt>
      <trkpt lat="43.801384" lon="-124.147896">
        <ele>5.6</ele>
        <time>2023-06-10T19:15:45Z</time>
      </trkpt>
      <trkpt lat="43.801083" lon="-124.147888">
        <ele>6.0</ele>
        <time>2023-06-10T19:15:50Z</time>
      </trkpt>
      <trkpt lat="43.800076" lon="-124.147964">
        <ele>7.3</ele>
        <time>2023-06-10T19:16:09Z</time>
      </trkpt>
      <trkpt lat="43.79813" lon="-124.14817">
        <ele>8.3</ele>
        <time>2023-06-10T19:16:43Z</time>
      </trkpt>
      <trkpt lat="43.796803" lon="-124.148323">
        <ele>8.1</ele>
        <time>2023-06-10T19:17:04Z</time>
      </trkpt>
      <trkpt lat="43.796532" lon="-124.148369">
        <ele>7.8</ele>
        <time>2023-06-10T19:17:08Z</time>
      </trkpt>
      <trkpt lat="43.795689" lon="-124.148438">
        <ele>6.6</ele>
        <time>2023-06-10T19:17:20Z</time>
      </trkpt>
      <trkpt lat="43.795238" lon="-124.148499">
        <ele>5.8</ele>
        <time>2023-06-10T19:17:27Z</time>
      </trkpt>
      <trkpt lat="43.79483" lon="-124.148529">
        <ele>5.6</ele>
        <time>2023-06-10T19:17:33Z</time>
      </trkpt>
      <trkpt lat="43.793788" lon="-124.148674">
        <ele>5.0</ele>
        <time>2023-06-10T19:17:49Z</time>
      </trkpt>
      <trkpt lat="43.793205" lon="-124.148849">
        <ele>5.1</ele>
        <time>2023-06-10T19:17:59Z</time>
      </trkpt>
      <trkpt lat="43.792423" lon="-124.149139">
        <ele>6.0</ele>
        <time>2023-06-10T19:18:14Z</time>
      </trkpt>
      <trkpt lat="43.791943" lon="-124.149429">
        <ele>8.3</ele>
        <time>2023-06-10T19:18:26Z</time>
      </trkpt>
      <trkpt lat="43.791595" lon="-124.149605">
        <ele>9.3</ele>
        <time>2023-06-10T19:18:34Z</time>
      </trkpt>
      <trkpt lat="43.791351" lon="-124.149757">
        <ele>10.3</ele>
        <time>2023-06-10T19:18:41Z</time>
      </trkpt>
      <trkpt lat="43.790737" lon="-124.1502">
        <ele>12.6</ele>
        <time>2023-06-10T19:18:59Z</time>
      </trkpt>
      <trkpt lat="43.790493" lon="-124.150345">
        <ele>13.6</ele>
        <time>2023-06-10T19:19:06Z</time>
      </trkpt>
      <trkpt lat="43.790195" lon="-124.150444">
        <ele>14.2</ele>
        <time>2023-06-10T19:19:14Z</time>
      </trkpt>
      <trkpt lat="43.790005" lon="-124.150459">
        <ele>14.6</ele>
        <time>2023-06-10T19:19:19Z</time>
      </trkpt>
      <trkpt lat="43.789803" lon="-124.150444">
        <ele>14.7</ele>
        <time>2023-06-10T19:19:23Z</time>
      </trkpt>
      <trkpt lat="43.789378" lon="-124.15036">
        <ele>15.2</ele>
        <time>2023-06-10T19:19:32Z</time>
      </trkpt>
      <trkpt lat="43.788868" lon="-124.15004">
        <ele>15.6</ele>
        <time>2023-06-10T19:19:43Z</time>
      </trkpt>
      <trkpt lat="43.788734" lon="-124.149925">
        <ele>15.6</ele>
        <time>2023-06-10T19:19:46Z</time>
      </trkpt>
      <trkpt lat="43.788387" lon="-124.149582">
        <ele>15.7</ele>
        <time>2023-06-10T19:19:54Z</time>
      </trkpt>
      <trkpt lat="43.788017" lon="-124.149101">
        <ele>15.6</ele>
        <time>2023-06-10T19:20:03Z</time>
      </trkpt>
      <trkpt lat="43.787457" lon="-124.148232">
        <ele>15.7</ele>
        <time>2023-06-10T19:20:18Z</time>
      </trkpt>
      <trkpt lat="43.786503" lon="-124.146889">
        <ele>18.7</ele>
        <time>2023-06-10T19:20:48Z</time>
      </trkpt>
      <trkpt lat="43.786167" lon="-124.146271">
        <ele>21.2</ele>
        <time>2023-06-10T19:21:03Z</time>
      </trkpt>
      <trkpt lat="43.785442" lon="-124.145233">
        <ele>26.7</ele>
        <time>2023-06-10T19:21:35Z</time>
      </trkpt>
      <trkpt lat="43.785122" lon="-124.144569">
        <ele>30.3</ele>
        <time>2023-06-10T19:21:54Z</time>
      </trkpt>
      <trkpt lat="43.785042" lon="-124.144463">
        <ele>31.2</ele>
        <time>2023-06-10T19:21:58Z</time>
      </trkpt>
      <trkpt lat="43.784733" lon="-124.143959">
        <ele>34.7</ele>
        <time>2023-06-10T19:22:14Z</time>
      </trkpt>
      <trkpt lat="43.78434" lon="-124.143425">
        <ele>38.0</ele>
        <time>2023-06-10T19:22:33Z</time>
      </trkpt>
      <trkpt lat="43.783875" lon="-124.142944">
        <ele>41.3</ele>
        <time>2023-06-10T19:22:53Z</time>
      </trkpt>
      <trkpt lat="43.783619" lon="-124.142738">
        <ele>43.0</ele>
        <time>2023-06-10T19:23:03Z</time>
      </trkpt>
      <trkpt lat="43.783249" lon="-124.142479">
        <ele>45.3</ele>
        <time>2023-06-10T19:23:17Z</time>
      </trkpt>
      <trkpt lat="43.78307" lon="-124.142372">
        <ele>46.6</ele>
        <time>2023-06-10T19:23:24Z</time>
      </trkpt>
      <trkpt lat="43.782787" lon="-124.142258">
        <ele>48.6</ele>
        <time>2023-06-10T19:23:34Z</time>
      </trkpt>
      <trkpt lat="43.782345" lon="-124.142128">
        <ele>50.7</ele>
        <time>2023-06-10T19:23:50Z</time>
      </trkpt>
      <trkpt lat="43.781956" lon="-124.142052">
        <ele>53.0</ele>
        <time>2023-06-10T19:24:04Z</time>
      </trkpt>
      <trkpt lat="43.781844" lon="-124.142044">
        <ele>54.2</ele>
        <time>2023-06-10T19:24:08Z</time>
      </trkpt>
      <trkpt lat="43.781586" lon="-124.142075">
        <ele>56.7</ele>
        <time>2023-06-10T19:24:19Z</time>
      </trkpt>
      <trkpt lat="43.781288" lon="-124.142181">
        <ele>58.6</ele>
        <time>2023-06-10T19:24:29Z</time>
      </trkpt>
      <trkpt lat="43.781135" lon="-124.142204">
        <ele>59.7</ele>
        <time>2023-06-10T19:24:34Z</time>
      </trkpt>
      <trkpt lat="43.781067" lon="-124.14225">
        <ele>60.0</ele>
        <time>2023-06-10T19:24:36Z</time>
      </trkpt>
      <trkpt lat="43.780979" lon="-124.142204">
        <ele>60.7</ele>
        <time>2023-06-10T19:24:39Z</time>
      </trkpt>
      <trkpt lat="43.780814" lon="-124.142197">
        <ele>61.7</ele>
        <time>2023-06-10T19:24:43Z</time>
      </trkpt>
      <trkpt lat="43.780651" lon="-124.142212">
        <ele>62.7</ele>
        <time>2023-06-10T19:24:49Z</time>
      </trkpt>
      <trkpt lat="43.780327" lon="-124.142296">
        <ele>65.2</ele>
        <time>2023-06-10T19:25:01Z</time>
      </trkpt>
      <trkpt lat="43.780121" lon="-124.142319">
        <ele>66.3</ele>
        <time>2023-06-10T19:25:09Z</time>
      </trkpt>
      <trkpt lat="43.77998" lon="-124.142357">
        <ele>67.0</ele>
        <time>2023-06-10T19:25:14Z</time>
      </trkpt>
      <trkpt lat="43.779728" lon="-124.142494">
        <ele>68.3</ele>
        <time>2023-06-10T19:25:24Z</time>
      </trkpt>
      <trkpt lat="43.779541" lon="-124.14254">
        <ele>69.7</ele>
        <time>2023-06-10T19:25:31Z</time>
      </trkpt>
      <trkpt lat="43.779434" lon="-124.142586">
        <ele>70.7</ele>
        <time>2023-06-10T19:25:35Z</time>
      </trkpt>
      <trkpt lat="43.779278" lon="-124.142586">
        <ele>71.7</ele>
        <time>2023-06-10T19:25:41Z</time>
      </trkpt>
      <trkpt lat="43.778854" lon="-124.142685">
        <ele>74.6</ele>
        <time>2023-06-10T19:25:56Z</time>
      </trkpt>
      <trkpt lat="43.778671" lon="-124.142792">
        <ele>75.6</ele>
        <time>2023-06-10T19:26:02Z</time>
      </trkpt>
      <trkpt lat="43.778454" lon="-124.142822">
        <ele>76.3</ele>
        <time>2023-06-10T19:26:09Z</time>
      </trkpt>
      <trkpt lat="43.778282" lon="-124.142906">
        <ele>77.3</ele>
        <time>2023-06-10T19:26:15Z</time>
      </trkpt>
      <trkpt lat="43.77808" lon="-124.142967">
        <ele>78.6</ele>
        <time>2023-06-10T19:26:23Z</time>
      </trkpt>
      <trkpt lat="43.77795" lon="-124.143051">
        <ele>79.3</ele>
        <time>2023-06-10T19:26:28Z</time>
      </trkpt>
      <trkpt lat="43.777794" lon="-124.143105">
        <ele>80.3</ele>
        <time>2023-06-10T19:26:33Z</time>
      </trkpt>
      <trkpt lat="43.777611" lon="-124.143204">
        <ele>81.3</ele>
        <time>2023-06-10T19:26:39Z</time>
      </trkpt>
      <trkpt lat="43.777397" lon="-124.143356">
        <ele>82.6</ele>
        <time>2023-06-10T19:26:46Z</time>
      </trkpt>
      <trkpt lat="43.777061" lon="-124.143646">
        <ele>84.7</ele>
        <time>2023-06-10T19:27:00Z</time>
      </trkpt>
      <trkpt lat="43.776402" lon="-124.144119">
        <ele>89.3</ele>
        <time>2023-06-10T19:27:25Z</time>
      </trkpt>
      <trkpt lat="43.77578" lon="-124.144371">
        <ele>93.0</ele>
        <time>2023-06-10T19:27:47Z</time>
      </trkpt>
      <trkpt lat="43.775555" lon="-124.144417">
        <ele>94.2</ele>
        <time>2023-06-10T19:27:55Z</time>
      </trkpt>
      <trkpt lat="43.775253" lon="-124.144402">
        <ele>96.3</ele>
        <time>2023-06-10T19:28:06Z</time>
      </trkpt>
      <trkpt lat="43.774837" lon="-124.144348">
        <ele>98.2</ele>
        <time>2023-06-10T19:28:20Z</time>
      </trkpt>
      <trkpt lat="43.774429" lon="-124.144341">
        <ele>100.2</ele>
        <time>2023-06-10T19:28:34Z</time>
      </trkpt>
      <trkpt lat="43.774223" lon="-124.14431">
        <ele>101.2</ele>
        <time>2023-06-10T19:28:42Z</time>
      </trkpt>
      <trkpt lat="43.773956" lon="-124.144295">
        <ele>103.3</ele>
        <time>2023-06-10T19:28:51Z</time>
      </trkpt>
      <trkpt lat="43.773628" lon="-124.144234">
        <ele>103.7</ele>
        <time>2023-06-10T19:29:02Z</time>
      </trkpt>
      <trkpt lat="43.77357" lon="-124.144249">
        <ele>104.0</ele>
        <time>2023-06-10T19:29:04Z</time>
      </trkpt>
      <trkpt lat="43.773479" lon="-124.144234">
        <ele>104.3</ele>
        <time>2023-06-10T19:29:07Z</time>
      </trkpt>
      <trkpt lat="43.773094" lon="-124.144135">
        <ele>106.6</ele>
        <time>2023-06-10T19:29:20Z</time>
      </trkpt>
      <trkpt lat="43.77256" lon="-124.14386">
        <ele>109.3</ele>
        <time>2023-06-10T19:29:38Z</time>
      </trkpt>
      <trkpt lat="43.772366" lon="-124.143738">
        <ele>110.6</ele>
        <time>2023-06-10T19:29:46Z</time>
      </trkpt>
      <trkpt lat="43.772251" lon="-124.143623">
        <ele>111.6</ele>
        <time>2023-06-10T19:29:51Z</time>
      </trkpt>
      <trkpt lat="43.772114" lon="-124.143517">
        <ele>112.0</ele>
        <time>2023-06-10T19:29:56Z</time>
      </trkpt>
      <trkpt lat="43.771614" lon="-124.14299">
        <ele>115.6</ele>
        <time>2023-06-10T19:30:16Z</time>
      </trkpt>
      <trkpt lat="43.771454" lon="-124.142799">
        <ele>117.2</ele>
        <time>2023-06-10T19:30:23Z</time>
      </trkpt>
      <trkpt lat="43.77124" lon="-124.142464">
        <ele>118.6</ele>
        <time>2023-06-10T19:30:33Z</time>
      </trkpt>
      <trkpt lat="43.771023" lon="-124.142014">
        <ele>119.7</ele>
        <time>2023-06-10T19:30:45Z</time>
      </trkpt>
      <trkpt lat="43.770802" lon="-124.141464">
        <ele>121.0</ele>
        <time>2023-06-10T19:30:58Z</time>
      </trkpt>
      <trkpt lat="43.770763" lon="-124.141327">
        <ele>121.7</ele>
        <time>2023-06-10T19:31:01Z</time>
      </trkpt>
      <trkpt lat="43.770668" lon="-124.140877">
        <ele>122.7</ele>
        <time>2023-06-10T19:31:10Z</time>
      </trkpt>
      <trkpt lat="43.770511" lon="-124.139763">
        <ele>124.0</ele>
        <time>2023-06-10T19:31:31Z</time>
      </trkpt>
      <trkpt lat="43.770367" lon="-124.13858">
        <ele>125.3</ele>
        <time>2023-06-10T19:31:53Z</time>
      </trkpt>
      <trkpt lat="43.770287" lon="-124.138199">
        <ele>125.6</ele>
        <time>2023-06-10T19:32:03Z</time>
      </trkpt>
      <trkpt lat="43.770203" lon="-124.137589">
        <ele>125.2</ele>
        <time>2023-06-10T19:33:41Z</time>
      </trkpt>
      <trkpt lat="43.769901" lon="-124.135124">
        <ele>123.7</ele>
        <time>2023-06-10T19:34:18Z</time>
      </trkpt>
      <trkpt lat="43.769794" lon="-124.134468">
        <ele>123.0</ele>
        <time>2023-06-10T19:34:26Z</time>
      </trkpt>
      <trkpt lat="43.769592" lon="-124.132668">
        <ele>119.7</ele>
        <time>2023-06-10T19:34:44Z</time>
      </trkpt>
      <trkpt lat="43.769447" lon="-124.131638">
        <ele>117.3</ele>
        <time>2023-06-10T19:34:53Z</time>
      </trkpt>
      <trkpt lat="43.769356" lon="-124.131165">
        <ele>116.2</ele>
        <time>2023-06-10T19:34:57Z</time>
      </trkpt>
      <trkpt lat="43.769321" lon="-124.13105">
        <ele>115.7</ele>
        <time>2023-06-10T19:34:58Z</time>
      </trkpt>
      <trkpt lat="43.769211" lon="-124.130714">
        <ele>115.0</ele>
        <time>2023-06-10T19:35:01Z</time>
      </trkpt>
      <trkpt lat="43.769062" lon="-124.130417">
        <ele>113.7</ele>
        <time>2023-06-10T19:35:04Z</time>
      </trkpt>
      <trkpt lat="43.768826" lon="-124.130081">
        <ele>112.6</ele>
        <time>2023-06-10T19:35:08Z</time>
      </trkpt>
      <trkpt lat="43.768555" lon="-124.129868">
        <ele>111.6</ele>
        <time>2023-06-10T19:35:12Z</time>
      </trkpt>
      <trkpt lat="43.768414" lon="-124.129791">
        <ele>111.6</ele>
        <time>2023-06-10T19:35:14Z</time>
      </trkpt>
      <trkpt lat="43.767998" lon="-124.129646">
        <ele>111.6</ele>
        <time>2023-06-10T19:35:20Z</time>
      </trkpt>
      <trkpt lat="43.767704" lon="-124.129593">
        <ele>112.7</ele>
        <time>2023-06-10T19:35:25Z</time>
      </trkpt>
      <trkpt lat="43.766846" lon="-124.129486">
        <ele>116.6</ele>
        <time>2023-06-10T19:35:42Z</time>
      </trkpt>
      <trkpt lat="43.766716" lon="-124.129486">
        <ele>117.6</ele>
        <time>2023-06-10T19:35:45Z</time>
      </trkpt>
      <trkpt lat="43.76638" lon="-124.12944">
        <ele>118.7</ele>
        <time>2023-06-10T19:35:53Z</time>
      </trkpt>
      <trkpt lat="43.766219" lon="-124.129433">
        <ele>119.2</ele>
        <time>2023-06-10T19:35:57Z</time>
      </trkpt>
      <trkpt lat="43.765987" lon="-124.129387">
        <ele>120.2</ele>
        <time>2023-06-10T19:36:03Z</time>
      </trkpt>
      <trkpt lat="43.765217" lon="-124.129295">
        <ele>122.2</ele>
        <time>2023-06-10T19:36:22Z</time>
      </trkpt>
      <trkpt lat="43.764687" lon="-124.129211">
        <ele>123.6</ele>
        <time>2023-06-10T19:36:35Z</time>
      </trkpt>
      <trkpt lat="43.764328" lon="-124.129105">
        <ele>124.2</ele>
        <time>2023-06-10T19:36:43Z</time>
      </trkpt>
      <trkpt lat="43.764137" lon="-124.129028">
        <ele>124.7</ele>
        <time>2023-06-10T19:36:47Z</time>
      </trkpt>
      <trkpt lat="43.763901" lon="-124.128906">
        <ele>125.2</ele>
        <time>2023-06-10T19:36:52Z</time>
      </trkpt>
      <trkpt lat="43.763454" lon="-124.128593">
        <ele>125.3</ele>
        <time>2023-06-10T19:37:01Z</time>
      </trkpt>
      <trkpt lat="43.763103" lon="-124.128212">
        <ele>125.2</ele>
        <time>2023-06-10T19:37:08Z</time>
      </trkpt>
      <trkpt lat="43.762886" lon="-124.127869">
        <ele>124.7</ele>
        <time>2023-06-10T19:37:13Z</time>
      </trkpt>
      <trkpt lat="43.762562" lon="-124.127243">
        <ele>124.0</ele>
        <time>2023-06-10T19:37:21Z</time>
      </trkpt>
      <trkpt lat="43.762409" lon="-124.126755">
        <ele>123.0</ele>
        <time>2023-06-10T19:37:26Z</time>
      </trkpt>
      <trkpt lat="43.762287" lon="-124.126183">
        <ele>122.0</ele>
        <time>2023-06-10T19:37:31Z</time>
      </trkpt>
      <trkpt lat="43.762099" lon="-124.125008">
        <ele>119.2</ele>
        <time>2023-06-10T19:37:40Z</time>
      </trkpt>
      <trkpt lat="43.761955" lon="-124.124344">
        <ele>116.3</ele>
        <time>2023-06-10T19:37:45Z</time>
      </trkpt>
      <trkpt lat="43.761875" lon="-124.1241">
        <ele>115.0</ele>
        <time>2023-06-10T19:37:47Z</time>
      </trkpt>
      <trkpt lat="43.761715" lon="-124.123772">
        <ele>113.6</ele>
        <time>2023-06-10T19:37:50Z</time>
      </trkpt>
      <trkpt lat="43.761501" lon="-124.123474">
        <ele>112.2</ele>
        <time>2023-06-10T19:37:53Z</time>
      </trkpt>
      <trkpt lat="43.761345" lon="-124.123314">
        <ele>111.6</ele>
        <time>2023-06-10T19:37:55Z</time>
      </trkpt>
      <trkpt lat="43.761009" lon="-124.123085">
        <ele>110.6</ele>
        <time>2023-06-10T19:37:59Z</time>
      </trkpt>
      <trkpt lat="43.760838" lon="-124.123016">
        <ele>109.7</ele>
        <time>2023-06-10T19:38:01Z</time>
      </trkpt>
      <trkpt lat="43.760586" lon="-124.122948">
        <ele>109.2</ele>
        <time>2023-06-10T19:38:04Z</time>
      </trkpt>
      <trkpt lat="43.759887" lon="-124.122917">
        <ele>108.2</ele>
        <time>2023-06-10T19:38:12Z</time>
      </trkpt>
      <trkpt lat="43.758968" lon="-124.122902">
        <ele>107.0</ele>
        <time>2023-06-10T19:38:23Z</time>
      </trkpt>
      <trkpt lat="43.758518" lon="-124.12291">
        <ele>106.6</ele>
        <time>2023-06-10T19:38:28Z</time>
      </trkpt>
      <trkpt lat="43.757323" lon="-124.122856">
        <ele>104.6</ele>
        <time>2023-06-10T19:38:42Z</time>
      </trkpt>
      <trkpt lat="43.756771" lon="-124.12291">
        <ele>103.6</ele>
        <time>2023-06-10T19:38:49Z</time>
      </trkpt>
      <trkpt lat="43.756535" lon="-124.122971">
        <ele>103.2</ele>
        <time>2023-06-10T19:38:52Z</time>
      </trkpt>
      <trkpt lat="43.756367" lon="-124.123047">
        <ele>102.7</ele>
        <time>2023-06-10T19:38:54Z</time>
      </trkpt>
      <trkpt lat="43.756081" lon="-124.12323">
        <ele>102.0</ele>
        <time>2023-06-10T19:38:58Z</time>
      </trkpt>
      <trkpt lat="43.755997" lon="-124.123299">
        <ele>101.7</ele>
        <time>2023-06-10T19:38:59Z</time>
      </trkpt>
      <trkpt lat="43.755764" lon="-124.123581">
        <ele>101.2</ele>
        <time>2023-06-10T19:39:03Z</time>
      </trkpt>
      <trkpt lat="43.755524" lon="-124.123985">
        <ele>99.7</ele>
        <time>2023-06-10T19:39:08Z</time>
      </trkpt>
      <trkpt lat="43.754971" lon="-124.125244">
        <ele>97.7</ele>
        <time>2023-06-10T19:39:21Z</time>
      </trkpt>
      <trkpt lat="43.754703" lon="-124.125679">
        <ele>96.6</ele>
        <time>2023-06-10T19:39:26Z</time>
      </trkpt>
      <trkpt lat="43.754494" lon="-124.125938">
        <ele>96.2</ele>
        <time>2023-06-10T19:39:29Z</time>
      </trkpt>
      <trkpt lat="43.754169" lon="-124.126213">
        <ele>95.3</ele>
        <time>2023-06-10T19:39:33Z</time>
      </trkpt>
      <trkpt lat="43.754078" lon="-124.126266">
        <ele>95.2</ele>
        <time>2023-06-10T19:39:34Z</time>
      </trkpt>
      <trkpt lat="43.753792" lon="-124.126389">
        <ele>94.3</ele>
        <time>2023-06-10T19:39:37Z</time>
      </trkpt>
      <trkpt lat="43.753586" lon="-124.126427">
        <ele>93.7</ele>
        <time>2023-06-10T19:39:39Z</time>
      </trkpt>
      <trkpt lat="43.753391" lon="-124.126427">
        <ele>93.0</ele>
        <time>2023-06-10T19:39:41Z</time>
      </trkpt>
      <trkpt lat="43.753162" lon="-124.126381">
        <ele>92.2</ele>
        <time>2023-06-10T19:39:43Z</time>
      </trkpt>
      <trkpt lat="43.753056" lon="-124.12635">
        <ele>91.7</ele>
        <time>2023-06-10T19:39:44Z</time>
      </trkpt>
      <trkpt lat="43.752743" lon="-124.12619">
        <ele>90.3</ele>
        <time>2023-06-10T19:39:47Z</time>
      </trkpt>
      <trkpt lat="43.752441" lon="-124.125969">
        <ele>88.7</ele>
        <time>2023-06-10T19:39:50Z</time>
      </trkpt>
      <trkpt lat="43.75235" lon="-124.12587">
        <ele>88.7</ele>
        <time>2023-06-10T19:39:51Z</time>
      </trkpt>
      <trkpt lat="43.751965" lon="-124.12529">
        <ele>86.3</ele>
        <time>2023-06-10T19:39:56Z</time>
      </trkpt>
      <trkpt lat="43.751492" lon="-124.124435">
        <ele>83.3</ele>
        <time>2023-06-10T19:40:02Z</time>
      </trkpt>
      <trkpt lat="43.750771" lon="-124.12307">
        <ele>74.6</ele>
        <time>2023-06-10T19:40:11Z</time>
      </trkpt>
      <trkpt lat="43.750298" lon="-124.122131">
        <ele>67.7</ele>
        <time>2023-06-10T19:40:17Z</time>
      </trkpt>
      <trkpt lat="43.749626" lon="-124.12088">
        <ele>62.3</ele>
        <time>2023-06-10T19:40:25Z</time>
      </trkpt>
      <trkpt lat="43.749092" lon="-124.11998">
        <ele>56.0</ele>
        <time>2023-06-10T19:40:31Z</time>
      </trkpt>
      <trkpt lat="43.748493" lon="-124.119133">
        <ele>50.2</ele>
        <time>2023-06-10T19:40:37Z</time>
      </trkpt>
      <trkpt lat="43.747242" lon="-124.117607">
        <ele>39.3</ele>
        <time>2023-06-10T19:40:49Z</time>
      </trkpt>
      <trkpt lat="43.746891" lon="-124.117203">
        <ele>36.6</ele>
        <time>2023-06-10T19:40:52Z</time>
      </trkpt>
      <trkpt lat="43.74543" lon="-124.11544">
        <ele>22.3</ele>
        <time>2023-06-10T19:41:06Z</time>
      </trkpt>
      <trkpt lat="43.744984" lon="-124.114983">
        <ele>19.6</ele>
        <time>2023-06-10T19:41:10Z</time>
      </trkpt>
      <trkpt lat="43.744663" lon="-124.114685">
        <ele>17.7</ele>
        <time>2023-06-10T19:41:13Z</time>
      </trkpt>
      <trkpt lat="43.744175" lon="-124.114273">
        <ele>15.0</ele>
        <time>2023-06-10T19:41:17Z</time>
      </trkpt>
      <trkpt lat="43.742695" lon="-124.113251">
        <ele>6.8</ele>
        <time>2023-06-10T19:41:30Z</time>
      </trkpt>
      <trkpt lat="43.741836" lon="-124.112572">
        <ele>5.1</ele>
        <time>2023-06-10T19:41:39Z</time>
      </trkpt>
      <trkpt lat="43.741013" lon="-124.111893">
        <ele>4.0</ele>
        <time>2023-06-10T19:41:49Z</time>
      </trkpt>
      <trkpt lat="43.740509" lon="-124.111504">
        <ele>3.8</ele>
        <time>2023-06-10T19:41:56Z</time>
      </trkpt>
      <trkpt lat="43.739986" lon="-124.111214">
        <ele>3.6</ele>
        <time>2023-06-10T19:42:03Z</time>
      </trkpt>
      <trkpt lat="43.739536" lon="-124.111099">
        <ele>3.6</ele>
        <time>2023-06-10T19:42:09Z</time>
      </trkpt>
      <trkpt lat="43.738991" lon="-124.111076">
        <ele>3.8</ele>
        <time>2023-06-10T19:42:16Z</time>
      </trkpt>
      <trkpt lat="43.737644" lon="-124.111183">
        <ele>3.8</ele>
        <time>2023-06-10T19:42:34Z</time>
      </trkpt>
      <trkpt lat="43.735783" lon="-124.111412">
        <ele>4.6</ele>
        <time>2023-06-10T19:42:59Z</time>
      </trkpt>
      <trkpt lat="43.733776" lon="-124.111618">
        <ele>4.3</ele>
        <time>2023-06-10T19:43:27Z</time>
      </trkpt>
      <trkpt lat="43.733086" lon="-124.11161">
        <ele>5.0</ele>
        <time>2023-06-10T19:43:37Z</time>
      </trkpt>
      <trkpt lat="43.731934" lon="-124.111473">
        <ele>4.8</ele>
        <time>2023-06-10T19:43:54Z</time>
      </trkpt>
      <trkpt lat="43.73144" lon="-124.111511">
        <ele>4.3</ele>
        <time>2023-06-10T19:44:01Z</time>
      </trkpt>
      <trkpt lat="43.73074" lon="-124.111732">
        <ele>4.0</ele>
        <time>2023-06-10T19:44:11Z</time>
      </trkpt>
      <trkpt lat="43.730186" lon="-124.11187">
        <ele>3.8</ele>
        <time>2023-06-10T19:44:19Z</time>
      </trkpt>
      <trkpt lat="43.72974" lon="-124.111816">
        <ele>3.8</ele>
        <time>2023-06-10T19:44:27Z</time>
      </trkpt>
      <trkpt lat="43.728477" lon="-124.111458">
        <ele>4.0</ele>
        <time>2023-06-10T19:44:46Z</time>
      </trkpt>
      <trkpt lat="43.727509" lon="-124.111031">
        <ele>4.3</ele>
        <time>2023-06-10T19:45:01Z</time>
      </trkpt>
      <trkpt lat="43.726574" lon="-124.110596">
        <ele>4.6</ele>
        <time>2023-06-10T19:45:15Z</time>
      </trkpt>
      <trkpt lat="43.72538" lon="-124.110077">
        <ele>4.0</ele>
        <time>2023-06-10T19:45:33Z</time>
      </trkpt>
      <trkpt lat="43.723759" lon="-124.10952">
        <ele>5.1</ele>
        <time>2023-06-10T19:45:57Z</time>
      </trkpt>
      <trkpt lat="43.722969" lon="-124.109215">
        <ele>5.1</ele>
        <time>2023-06-10T19:46:09Z</time>
      </trkpt>
      <trkpt lat="43.722519" lon="-124.108932">
        <ele>5.3</ele>
        <time>2023-06-10T19:46:16Z</time>
      </trkpt>
      <trkpt lat="43.722042" lon="-124.108498">
        <ele>6.0</ele>
        <time>2023-06-10T19:46:24Z</time>
      </trkpt>
      <trkpt lat="43.7216" lon="-124.10791">
        <ele>6.3</ele>
        <time>2023-06-10T19:46:33Z</time>
      </trkpt>
      <trkpt lat="43.721249" lon="-124.107292">
        <ele>6.6</ele>
        <time>2023-06-10T19:46:41Z</time>
      </trkpt>
      <trkpt lat="43.720985" lon="-124.106636">
        <ele>6.6</ele>
        <time>2023-06-10T19:46:49Z</time>
      </trkpt>
      <trkpt lat="43.72076" lon="-124.105942">
        <ele>6.3</ele>
        <time>2023-06-10T19:46:57Z</time>
      </trkpt>
      <trkpt lat="43.720345" lon="-124.104362">
        <ele>6.0</ele>
        <time>2023-06-10T19:47:15Z</time>
      </trkpt>
      <trkpt lat="43.720081" lon="-124.103554">
        <ele>6.3</ele>
        <time>2023-06-10T19:47:26Z</time>
      </trkpt>
      <trkpt lat="43.719826" lon="-124.102921">
        <ele>7.3</ele>
        <time>2023-06-10T19:47:35Z</time>
      </trkpt>
      <trkpt lat="43.719616" lon="-124.102493">
        <ele>7.8</ele>
        <time>2023-06-10T19:47:41Z</time>
      </trkpt>
      <trkpt lat="43.719463" lon="-124.102211">
        <ele>8.0</ele>
        <time>2023-06-10T19:47:45Z</time>
      </trkpt>
      <trkpt lat="43.71909" lon="-124.101608">
        <ele>8.1</ele>
        <time>2023-06-10T19:47:54Z</time>
      </trkpt>
      <trkpt lat="43.718716" lon="-124.101112">
        <ele>8.6</ele>
        <time>2023-06-10T19:48:02Z</time>
      </trkpt>
      <trkpt lat="43.718349" lon="-124.100693">
        <ele>8.8</ele>
        <time>2023-06-10T19:48:09Z</time>
      </trkpt>
      <trkpt lat="43.717873" lon="-124.100235">
        <ele>8.8</ele>
        <time>2023-06-10T19:48:17Z</time>
      </trkpt>
      <trkpt lat="43.717278" lon="-124.099785">
        <ele>8.3</ele>
        <time>2023-06-10T19:48:26Z</time>
      </trkpt>
      <trkpt lat="43.716728" lon="-124.099449">
        <ele>8.3</ele>
        <time>2023-06-10T19:48:34Z</time>
      </trkpt>
      <trkpt lat="43.716499" lon="-124.09935">
        <ele>8.1</ele>
        <time>2023-06-10T19:48:37Z</time>
      </trkpt>
      <trkpt lat="43.715954" lon="-124.099159">
        <ele>8.0</ele>
        <time>2023-06-10T19:48:44Z</time>
      </trkpt>
      <trkpt lat="43.7155" lon="-124.09906">
        <ele>7.3</ele>
        <time>2023-06-10T19:48:50Z</time>
      </trkpt>
      <trkpt lat="43.715355" lon="-124.099037">
        <ele>7.1</ele>
        <time>2023-06-10T19:48:52Z</time>
      </trkpt>
      <trkpt lat="43.714867" lon="-124.099014">
        <ele>7.1</ele>
        <time>2023-06-10T19:48:59Z</time>
      </trkpt>
      <trkpt lat="43.714382" lon="-124.099052">
        <ele>7.8</ele>
        <time>2023-06-10T19:49:07Z</time>
      </trkpt>
      <trkpt lat="43.713955" lon="-124.099037">
        <ele>9.0</ele>
        <time>2023-06-10T19:49:15Z</time>
      </trkpt>
      <trkpt lat="43.713646" lon="-124.099091">
        <ele>10.0</ele>
        <time>2023-06-10T19:49:21Z</time>
      </trkpt>
      <trkpt lat="43.713173" lon="-124.099213">
        <ele>12.2</ele>
        <time>2023-06-10T19:49:31Z</time>
      </trkpt>
      <trkpt lat="43.712542" lon="-124.099472">
        <ele>14.0</ele>
        <time>2023-06-10T19:49:45Z</time>
      </trkpt>
      <trkpt lat="43.711372" lon="-124.100052">
        <ele>16.6</ele>
        <time>2023-06-10T19:50:07Z</time>
      </trkpt>
      <trkpt lat="43.708118" lon="-124.101921">
        <ele>17.3</ele>
        <time>2023-06-10T19:51:02Z</time>
      </trkpt>
      <trkpt lat="43.706814" lon="-124.102638">
        <ele>15.6</ele>
        <time>2023-06-10T19:51:21Z</time>
      </trkpt>
      <trkpt lat="43.705456" lon="-124.103409">
        <ele>12.6</ele>
        <time>2023-06-10T19:51:40Z</time>
      </trkpt>
      <trkpt lat="43.705082" lon="-124.103691">
        <ele>11.3</ele>
        <time>2023-06-10T19:51:45Z</time>
      </trkpt>
      <trkpt lat="43.704716" lon="-124.103996">
        <ele>9.1</ele>
        <time>2023-06-10T19:51:50Z</time>
      </trkpt>
      <trkpt lat="43.704185" lon="-124.104546">
        <ele>6.1</ele>
        <time>2023-06-10T19:51:58Z</time>
      </trkpt>
      <trkpt lat="43.699913" lon="-124.109711">
        <ele>4.6</ele>
        <time>2023-06-10T19:53:32Z</time>
      </trkpt>
      <trkpt lat="43.699706" lon="-124.109985">
        <ele>4.8</ele>
        <time>2023-06-10T19:53:39Z</time>
      </trkpt>
      <trkpt lat="43.699703" lon="-124.1101">
        <ele>4.8</ele>
        <time>2023-06-10T19:53:41Z</time>
      </trkpt>
      <trkpt lat="43.699768" lon="-124.110558">
        <ele>4.8</ele>
        <time>2023-06-10T19:53:56Z</time>
      </trkpt>
      <trkpt lat="43.699764" lon="-124.110641">
        <ele>4.8</ele>
        <time>2023-06-10T19:54:04Z</time>
      </trkpt>
      <trkpt lat="43.699799" lon="-124.110703">
        <ele>4.6</ele>
        <time>2023-06-10T19:54:12Z</time>
      </trkpt>
      <trkpt lat="43.699782" lon="-124.11071">
        <ele>4.6</ele>
        <time>2023-06-10T19:54:15Z</time>
      </trkpt>
      <trkpt lat="43.699787" lon="-124.110649">
        <ele>7.3</ele>
        <time>2023-06-10T20:24:45Z</time>
      </trkpt>
      <trkpt lat="43.699799" lon="-124.110695">
        <ele>7.0</ele>
        <time>2023-06-10T20:25:00Z</time>
      </trkpt>
      <trkpt lat="43.699718" lon="-124.110893">
        <ele>6.8</ele>
        <time>2023-06-10T20:25:18Z</time>
      </trkpt>
      <trkpt lat="43.699684" lon="-124.110901">
        <ele>6.6</ele>
        <time>2023-06-10T20:25:22Z</time>
      </trkpt>
      <trkpt lat="43.699505" lon="-124.110779">
        <ele>6.8</ele>
        <time>2023-06-10T20:26:30Z</time>
      </trkpt>
      <trkpt lat="43.699242" lon="-124.110634">
        <ele>6.8</ele>
        <time>2023-06-10T20:26:41Z</time>
      </trkpt>
      <trkpt lat="43.699223" lon="-124.110603">
        <ele>6.8</ele>
        <time>2023-06-10T20:26:45Z</time>
      </trkpt>
      <trkpt lat="43.699211" lon="-124.110481">
        <ele>6.8</ele>
        <time>2023-06-10T20:26:49Z</time>
      </trkpt>
      <trkpt lat="43.699226" lon="-124.110344">
        <ele>7.0</ele>
        <time>2023-06-10T20:26:52Z</time>
      </trkpt>
      <trkpt lat="43.699242" lon="-124.110275">
        <ele>7.0</ele>
        <time>2023-06-10T20:26:53Z</time>
      </trkpt>
      <trkpt lat="43.699295" lon="-124.110184">
        <ele>7.0</ele>
        <time>2023-06-10T20:26:55Z</time>
      </trkpt>
      <trkpt lat="43.699982" lon="-124.109322">
        <ele>8.0</ele>
        <time>2023-06-10T20:27:14Z</time>
      </trkpt>
      <trkpt lat="43.702484" lon="-124.106346">
        <ele>7.1</ele>
        <time>2023-06-10T20:28:09Z</time>
      </trkpt>
      <trkpt lat="43.703484" lon="-124.105103">
        <ele>8.0</ele>
        <time>2023-06-10T20:28:56Z</time>
      </trkpt>
      <trkpt lat="43.703579" lon="-124.105011">
        <ele>8.0</ele>
        <time>2023-06-10T20:28:58Z</time>
      </trkpt>
      <trkpt lat="43.703835" lon="-124.104675">
        <ele>8.3</ele>
        <time>2023-06-10T20:29:07Z</time>
      </trkpt>
      <trkpt lat="43.70438" lon="-124.104073">
        <ele>9.0</ele>
        <time>2023-06-10T20:29:22Z</time>
      </trkpt>
      <trkpt lat="43.704693" lon="-124.10379">
        <ele>10.0</ele>
        <time>2023-06-10T20:29:30Z</time>
      </trkpt>
      <trkpt lat="43.70546" lon="-124.103355">
        <ele>12.3</ele>
        <time>2023-06-10T20:29:48Z</time>
      </trkpt>
      <trkpt lat="43.705661" lon="-124.103264">
        <ele>12.7</ele>
        <time>2023-06-10T20:29:53Z</time>
      </trkpt>
      <trkpt lat="43.706711" lon="-124.102631">
        <ele>14.7</ele>
        <time>2023-06-10T20:30:17Z</time>
      </trkpt>
      <trkpt lat="43.708298" lon="-124.10173">
        <ele>17.0</ele>
        <time>2023-06-10T20:30:54Z</time>
      </trkpt>
      <trkpt lat="43.708817" lon="-124.101418">
        <ele>17.3</ele>
        <time>2023-06-10T20:31:05Z</time>
      </trkpt>
      <trkpt lat="43.709389" lon="-124.101105">
        <ele>18.0</ele>
        <time>2023-06-10T20:31:19Z</time>
      </trkpt>
      <trkpt lat="43.710308" lon="-124.100517">
        <ele>19.2</ele>
        <time>2023-06-10T20:31:38Z</time>
      </trkpt>
      <trkpt lat="43.711136" lon="-124.100052">
        <ele>18.7</ele>
        <time>2023-06-10T20:31:53Z</time>
      </trkpt>
      <trkpt lat="43.711452" lon="-124.099854">
        <ele>18.2</ele>
        <time>2023-06-10T20:32:00Z</time>
      </trkpt>
      <trkpt lat="43.711544" lon="-124.099831">
        <ele>18.0</ele>
        <time>2023-06-10T20:32:02Z</time>
      </trkpt>
      <trkpt lat="43.711875" lon="-124.09964">
        <ele>17.6</ele>
        <time>2023-06-10T20:32:10Z</time>
      </trkpt>
      <trkpt lat="43.712452" lon="-124.099449">
        <ele>17.7</ele>
        <time>2023-06-10T20:32:23Z</time>
      </trkpt>
      <trkpt lat="43.712734" lon="-124.09922">
        <ele>17.7</ele>
        <time>2023-06-10T20:32:29Z</time>
      </trkpt>
      <trkpt lat="43.7131" lon="-124.099045">
        <ele>17.2</ele>
        <time>2023-06-10T20:32:36Z</time>
      </trkpt>
      <trkpt lat="43.713867" lon="-124.098793">
        <ele>15.6</ele>
        <time>2023-06-10T20:32:50Z</time>
      </trkpt>
      <trkpt lat="43.714111" lon="-124.098763">
        <ele>15.2</ele>
        <time>2023-06-10T20:32:54Z</time>
      </trkpt>
      <trkpt lat="43.714211" lon="-124.098656">
        <ele>15.3</ele>
        <time>2023-06-10T20:32:56Z</time>
      </trkpt>
      <trkpt lat="43.714237" lon="-124.098511">
        <ele>15.2</ele>
        <time>2023-06-10T20:32:58Z</time>
      </trkpt>
      <trkpt lat="43.714245" lon="-124.098343">
        <ele>15.0</ele>
        <time>2023-06-10T20:33:00Z</time>
      </trkpt>
      <trkpt lat="43.71423" lon="-124.096962">
        <ele>11.3</ele>
        <time>2023-06-10T20:33:13Z</time>
      </trkpt>
      <trkpt lat="43.714241" lon="-124.096436">
        <ele>10.3</ele>
        <time>2023-06-10T20:33:18Z</time>
      </trkpt>
      <trkpt lat="43.714272" lon="-124.096046">
        <ele>10.0</ele>
        <time>2023-06-10T20:33:22Z</time>
      </trkpt>
      <trkpt lat="43.714394" lon="-124.095413">
        <ele>9.8</ele>
        <time>2023-06-10T20:33:29Z</time>
      </trkpt>
      <trkpt lat="43.714493" lon="-124.0951">
        <ele>9.8</ele>
        <time>2023-06-10T20:33:33Z</time>
      </trkpt>
      <trkpt lat="43.714783" lon="-124.094444">
        <ele>10.1</ele>
        <time>2023-06-10T20:33:43Z</time>
      </trkpt>
      <trkpt lat="43.716259" lon="-124.091644">
        <ele>10.8</ele>
        <time>2023-06-10T20:34:23Z</time>
      </trkpt>
      <trkpt lat="43.716617" lon="-124.091011">
        <ele>11.0</ele>
        <time>2023-06-10T20:34:33Z</time>
      </trkpt>
      <trkpt lat="43.716991" lon="-124.090263">
        <ele>11.1</ele>
        <time>2023-06-10T20:34:42Z</time>
      </trkpt>
      <trkpt lat="43.717148" lon="-124.089775">
        <ele>10.8</ele>
        <time>2023-06-10T20:34:48Z</time>
      </trkpt>
      <trkpt lat="43.717335" lon="-124.088943">
        <ele>10.3</ele>
        <time>2023-06-10T20:34:58Z</time>
      </trkpt>
      <trkpt lat="43.71767" lon="-124.087204">
        <ele>11.0</ele>
        <time>2023-06-10T20:35:21Z</time>
      </trkpt>
      <trkpt lat="43.717884" lon="-124.086388">
        <ele>13.3</ele>
        <time>2023-06-10T20:35:37Z</time>
      </trkpt>
      <trkpt lat="43.718029" lon="-124.086006">
        <ele>14.2</ele>
        <time>2023-06-10T20:35:45Z</time>
      </trkpt>
      <trkpt lat="43.718159" lon="-124.085747">
        <ele>15.2</ele>
        <time>2023-06-10T20:35:51Z</time>
      </trkpt>
      <trkpt lat="43.718662" lon="-124.084961">
        <ele>18.2</ele>
        <time>2023-06-10T20:36:11Z</time>
      </trkpt>
      <trkpt lat="43.718994" lon="-124.084557">
        <ele>20.2</ele>
        <time>2023-06-10T20:36:23Z</time>
      </trkpt>
      <trkpt lat="43.719036" lon="-124.084465">
        <ele>20.6</ele>
        <time>2023-06-10T20:36:25Z</time>
      </trkpt>
      <trkpt lat="43.719116" lon="-124.084373">
        <ele>21.0</ele>
        <time>2023-06-10T20:36:28Z</time>
      </trkpt>
      <trkpt lat="43.720299" lon="-124.083405">
        <ele>22.6</ele>
        <time>2023-06-10T20:37:00Z</time>
      </trkpt>
      <trkpt lat="43.720768" lon="-124.083">
        <ele>22.2</ele>
        <time>2023-06-10T20:37:12Z</time>
      </trkpt>
      <trkpt lat="43.721176" lon="-124.082695">
        <ele>23.2</ele>
        <time>2023-06-10T20:37:22Z</time>
      </trkpt>
      <trkpt lat="43.721489" lon="-124.082428">
        <ele>23.0</ele>
        <time>2023-06-10T20:37:29Z</time>
      </trkpt>
      <trkpt lat="43.721649" lon="-124.082329">
        <ele>23.0</ele>
        <time>2023-06-10T20:37:32Z</time>
      </trkpt>
      <trkpt lat="43.721783" lon="-124.082306">
        <ele>22.3</ele>
        <time>2023-06-10T20:37:34Z</time>
      </trkpt>
      <trkpt lat="43.721984" lon="-124.082321">
        <ele>22.0</ele>
        <time>2023-06-10T20:37:37Z</time>
      </trkpt>
      <trkpt lat="43.72224" lon="-124.082458">
        <ele>21.3</ele>
        <time>2023-06-10T20:37:40Z</time>
      </trkpt>
      <trkpt lat="43.723038" lon="-124.082993">
        <ele>15.2</ele>
        <time>2023-06-10T20:37:49Z</time>
      </trkpt>
      <trkpt lat="43.723942" lon="-124.083626">
        <ele>8.0</ele>
        <time>2023-06-10T20:38:01Z</time>
      </trkpt>
      <trkpt lat="43.724274" lon="-124.083923">
        <ele>7.8</ele>
        <time>2023-06-10T20:38:07Z</time>
      </trkpt>
      <trkpt lat="43.724579" lon="-124.084236">
        <ele>8.1</ele>
        <time>2023-06-10T20:38:13Z</time>
      </trkpt>
      <trkpt lat="43.725071" lon="-124.084671">
        <ele>8.1</ele>
        <time>2023-06-10T20:38:22Z</time>
      </trkpt>
      <trkpt lat="43.725558" lon="-124.084969">
        <ele>8.1</ele>
        <time>2023-06-10T20:38:31Z</time>
      </trkpt>
      <trkpt lat="43.725826" lon="-124.08506">
        <ele>8.3</ele>
        <time>2023-06-10T20:38:36Z</time>
      </trkpt>
      <trkpt lat="43.726349" lon="-124.085281">
        <ele>9.0</ele>
        <time>2023-06-10T20:38:46Z</time>
      </trkpt>
      <trkpt lat="43.727356" lon="-124.085785">
        <ele>9.1</ele>
        <time>2023-06-10T20:39:05Z</time>
      </trkpt>
      <trkpt lat="43.728413" lon="-124.086388">
        <ele>8.8</ele>
        <time>2023-06-10T20:39:25Z</time>
      </trkpt>
      <trkpt lat="43.728878" lon="-124.086578">
        <ele>8.6</ele>
        <time>2023-06-10T20:39:34Z</time>
      </trkpt>
      <trkpt lat="43.729435" lon="-124.086761">
        <ele>9.1</ele>
        <time>2023-06-10T20:39:44Z</time>
      </trkpt>
      <trkpt lat="43.729923" lon="-124.086823">
        <ele>9.3</ele>
        <time>2023-06-10T20:39:52Z</time>
      </trkpt>
      <trkpt lat="43.730305" lon="-124.08683">
        <ele>9.1</ele>
        <time>2023-06-10T20:39:58Z</time>
      </trkpt>
      <trkpt lat="43.730724" lon="-124.086777">
        <ele>8.8</ele>
        <time>2023-06-10T20:40:06Z</time>
      </trkpt>
      <trkpt lat="43.731121" lon="-124.086693">
        <ele>9.6</ele>
        <time>2023-06-10T20:40:14Z</time>
      </trkpt>
      <trkpt lat="43.731575" lon="-124.086533">
        <ele>10.0</ele>
        <time>2023-06-10T20:40:23Z</time>
      </trkpt>
      <trkpt lat="43.733196" lon="-124.085693">
        <ele>9.6</ele>
        <time>2023-06-10T20:40:54Z</time>
      </trkpt>
      <trkpt lat="43.733547" lon="-124.085449">
        <ele>9.8</ele>
        <time>2023-06-10T20:41:01Z</time>
      </trkpt>
      <trkpt lat="43.734043" lon="-124.08506">
        <ele>9.8</ele>
        <time>2023-06-10T20:41:11Z</time>
      </trkpt>
      <trkpt lat="43.734402" lon="-124.08474">
        <ele>9.6</ele>
        <time>2023-06-10T20:41:19Z</time>
      </trkpt>
      <trkpt lat="43.736263" lon="-124.082771">
        <ele>10.3</ele>
        <time>2023-06-10T20:42:02Z</time>
      </trkpt>
      <trkpt lat="43.736828" lon="-124.082199">
        <ele>9.8</ele>
        <time>2023-06-10T20:42:15Z</time>
      </trkpt>
      <trkpt lat="43.737263" lon="-124.081734">
        <ele>9.6</ele>
        <time>2023-06-10T20:42:25Z</time>
      </trkpt>
      <trkpt lat="43.737602" lon="-124.081329">
        <ele>9.3</ele>
        <time>2023-06-10T20:42:33Z</time>
      </trkpt>
      <trkpt lat="43.738026" lon="-124.080696">
        <ele>9.6</ele>
        <time>2023-06-10T20:42:44Z</time>
      </trkpt>
      <trkpt lat="43.738285" lon="-124.080154">
        <ele>9.8</ele>
        <time>2023-06-10T20:42:52Z</time>
      </trkpt>
      <trkpt lat="43.738461" lon="-124.07972">
        <ele>9.6</ele>
        <time>2023-06-10T20:42:59Z</time>
      </trkpt>
      <trkpt lat="43.738605" lon="-124.079224">
        <ele>9.3</ele>
        <time>2023-06-10T20:43:07Z</time>
      </trkpt>
      <trkpt lat="43.738712" lon="-124.078735">
        <ele>9.3</ele>
        <time>2023-06-10T20:43:12Z</time>
      </trkpt>
      <trkpt lat="43.738789" lon="-124.078232">
        <ele>9.8</ele>
        <time>2023-06-10T20:43:19Z</time>
      </trkpt>
      <trkpt lat="43.738822" lon="-124.077759">
        <ele>9.8</ele>
        <time>2023-06-10T20:43:26Z</time>
      </trkpt>
      <trkpt lat="43.738831" lon="-124.077072">
        <ele>10.1</ele>
        <time>2023-06-10T20:43:36Z</time>
      </trkpt>
      <trkpt lat="43.738781" lon="-124.076469">
        <ele>11.0</ele>
        <time>2023-06-10T20:43:45Z</time>
      </trkpt>
      <trkpt lat="43.738563" lon="-124.074707">
        <ele>12.2</ele>
        <time>2023-06-10T20:44:10Z</time>
      </trkpt>
      <trkpt lat="43.73851" lon="-124.073593">
        <ele>13.3</ele>
        <time>2023-06-10T20:44:26Z</time>
      </trkpt>
      <trkpt lat="43.738506" lon="-124.072914">
        <ele>14.2</ele>
        <time>2023-06-10T20:44:35Z</time>
      </trkpt>
      <trkpt lat="43.738548" lon="-124.072525">
        <ele>15.0</ele>
        <time>2023-06-10T20:44:41Z</time>
      </trkpt>
      <trkpt lat="43.738556" lon="-124.072235">
        <ele>15.7</ele>
        <time>2023-06-10T20:44:46Z</time>
      </trkpt>
      <trkpt lat="43.738758" lon="-124.070259">
        <ele>17.2</ele>
        <time>2023-06-10T20:45:17Z</time>
      </trkpt>
      <trkpt lat="43.738853" lon="-124.068863">
        <ele>16.6</ele>
        <time>2023-06-10T20:45:35Z</time>
      </trkpt>
      <trkpt lat="43.738808" lon="-124.067574">
        <ele>15.7</ele>
        <time>2023-06-10T20:45:52Z</time>
      </trkpt>
      <trkpt lat="43.738838" lon="-124.066612">
        <ele>14.7</ele>
        <time>2023-06-10T20:46:02Z</time>
      </trkpt>
      <trkpt lat="43.738899" lon="-124.065941">
        <ele>12.7</ele>
        <time>2023-06-10T20:46:10Z</time>
      </trkpt>
      <trkpt lat="43.738884" lon="-124.065727">
        <ele>12.7</ele>
        <time>2023-06-10T20:46:13Z</time>
      </trkpt>
      <trkpt lat="43.738892" lon="-124.065582">
        <ele>12.7</ele>
        <time>2023-06-10T20:46:16Z</time>
      </trkpt>
      <trkpt lat="43.738937" lon="-124.065254">
        <ele>14.2</ele>
        <time>2023-06-10T20:46:23Z</time>
      </trkpt>
      <trkpt lat="43.73901" lon="-124.064888">
        <ele>15.7</ele>
        <time>2023-06-10T20:46:31Z</time>
      </trkpt>
      <trkpt lat="43.739086" lon="-124.064651">
        <ele>16.3</ele>
        <time>2023-06-10T20:46:37Z</time>
      </trkpt>
      <trkpt lat="43.739235" lon="-124.064346">
        <ele>17.6</ele>
        <time>2023-06-10T20:46:45Z</time>
      </trkpt>
      <trkpt lat="43.739429" lon="-124.064003">
        <ele>18.3</ele>
        <time>2023-06-10T20:46:53Z</time>
      </trkpt>
      <trkpt lat="43.73962" lon="-124.063751">
        <ele>18.3</ele>
        <time>2023-06-10T20:46:58Z</time>
      </trkpt>
      <trkpt lat="43.739922" lon="-124.063461">
        <ele>18.2</ele>
        <time>2023-06-10T20:47:03Z</time>
      </trkpt>
      <trkpt lat="43.740234" lon="-124.063248">
        <ele>16.7</ele>
        <time>2023-06-10T20:47:07Z</time>
      </trkpt>
      <trkpt lat="43.740795" lon="-124.063011">
        <ele>13.2</ele>
        <time>2023-06-10T20:47:13Z</time>
      </trkpt>
      <trkpt lat="43.741222" lon="-124.062897">
        <ele>10.0</ele>
        <time>2023-06-10T20:47:18Z</time>
      </trkpt>
      <trkpt lat="43.74152" lon="-124.062798">
        <ele>9.0</ele>
        <time>2023-06-10T20:47:22Z</time>
      </trkpt>
      <trkpt lat="43.741978" lon="-124.062515">
        <ele>9.1</ele>
        <time>2023-06-10T20:47:30Z</time>
      </trkpt>
      <trkpt lat="43.742142" lon="-124.062294">
        <ele>10.0</ele>
        <time>2023-06-10T20:47:34Z</time>
      </trkpt>
      <trkpt lat="43.742289" lon="-124.061989">
        <ele>10.8</ele>
        <time>2023-06-10T20:47:39Z</time>
      </trkpt>
      <trkpt lat="43.74234" lon="-124.061768">
        <ele>11.0</ele>
        <time>2023-06-10T20:47:42Z</time>
      </trkpt>
      <trkpt lat="43.742359" lon="-124.061401">
        <ele>11.3</ele>
        <time>2023-06-10T20:47:47Z</time>
      </trkpt>
      <trkpt lat="43.742344" lon="-124.061249">
        <ele>11.6</ele>
        <time>2023-06-10T20:47:49Z</time>
      </trkpt>
      <trkpt lat="43.742283" lon="-124.060951">
        <ele>12.3</ele>
        <time>2023-06-10T20:47:53Z</time>
      </trkpt>
      <trkpt lat="43.74221" lon="-124.060738">
        <ele>12.6</ele>
        <time>2023-06-10T20:47:56Z</time>
      </trkpt>
      <trkpt lat="43.742142" lon="-124.060616">
        <ele>12.6</ele>
        <time>2023-06-10T20:47:58Z</time>
      </trkpt>
      <trkpt lat="43.741985" lon="-124.060402">
        <ele>12.7</ele>
        <time>2023-06-10T20:48:02Z</time>
      </trkpt>
      <trkpt lat="43.741753" lon="-124.060165">
        <ele>13.2</ele>
        <time>2023-06-10T20:48:07Z</time>
      </trkpt>
      <trkpt lat="43.741543" lon="-124.060013">
        <ele>13.6</ele>
        <time>2023-06-10T20:48:11Z</time>
      </trkpt>
      <trkpt lat="43.741165" lon="-124.059616">
        <ele>13.3</ele>
        <time>2023-06-10T20:48:19Z</time>
      </trkpt>
      <trkpt lat="43.740826" lon="-124.059189">
        <ele>13.2</ele>
        <time>2023-06-10T20:48:26Z</time>
      </trkpt>
      <trkpt lat="43.740704" lon="-124.058983">
        <ele>13.2</ele>
        <time>2023-06-10T20:48:29Z</time>
      </trkpt>
      <trkpt lat="43.740646" lon="-124.058823">
        <ele>13.2</ele>
        <time>2023-06-10T20:48:31Z</time>
      </trkpt>
      <trkpt lat="43.740623" lon="-124.05864">
        <ele>13.2</ele>
        <time>2023-06-10T20:48:33Z</time>
      </trkpt>
      <trkpt lat="43.740627" lon="-124.058449">
        <ele>13.2</ele>
        <time>2023-06-10T20:48:35Z</time>
      </trkpt>
      <trkpt lat="43.740711" lon="-124.057953">
        <ele>12.7</ele>
        <time>2023-06-10T20:48:40Z</time>
      </trkpt>
      <trkpt lat="43.741062" lon="-124.056587">
        <ele>10.1</ele>
        <time>2023-06-10T20:48:55Z</time>
      </trkpt>
      <trkpt lat="43.741486" lon="-124.05439">
        <ele>13.2</ele>
        <time>2023-06-10T20:49:26Z</time>
      </trkpt>
      <trkpt lat="43.74192" lon="-124.053528">
        <ele>15.2</ele>
        <time>2023-06-10T20:49:42Z</time>
      </trkpt>
      <trkpt lat="43.742142" lon="-124.052994">
        <ele>15.0</ele>
        <time>2023-06-10T20:49:49Z</time>
      </trkpt>
      <trkpt lat="43.742222" lon="-124.05275">
        <ele>14.7</ele>
        <time>2023-06-10T20:49:52Z</time>
      </trkpt>
      <trkpt lat="43.742336" lon="-124.052292">
        <ele>14.0</ele>
        <time>2023-06-10T20:49:57Z</time>
      </trkpt>
      <trkpt lat="43.742569" lon="-124.051025">
        <ele>13.6</ele>
        <time>2023-06-10T20:50:13Z</time>
      </trkpt>
      <trkpt lat="43.742744" lon="-124.05043">
        <ele>14.3</ele>
        <time>2023-06-10T20:50:21Z</time>
      </trkpt>
      <trkpt lat="43.743018" lon="-124.049675">
        <ele>14.0</ele>
        <time>2023-06-10T20:50:31Z</time>
      </trkpt>
      <trkpt lat="43.74387" lon="-124.04792">
        <ele>12.6</ele>
        <time>2023-06-10T20:50:55Z</time>
      </trkpt>
      <trkpt lat="43.744011" lon="-124.047523">
        <ele>12.2</ele>
        <time>2023-06-10T20:51:00Z</time>
      </trkpt>
      <trkpt lat="43.744068" lon="-124.047272">
        <ele>11.8</ele>
        <time>2023-06-10T20:51:03Z</time>
      </trkpt>
      <trkpt lat="43.744083" lon="-124.047005">
        <ele>11.8</ele>
        <time>2023-06-10T20:51:06Z</time>
      </trkpt>
      <trkpt lat="43.743792" lon="-124.045685">
        <ele>10.8</ele>
        <time>2023-06-10T20:51:22Z</time>
      </trkpt>
      <trkpt lat="43.743378" lon="-124.044075">
        <ele>11.3</ele>
        <time>2023-06-10T20:51:43Z</time>
      </trkpt>
      <trkpt lat="43.743256" lon="-124.04377">
        <ele>12.2</ele>
        <time>2023-06-10T20:51:49Z</time>
      </trkpt>
      <trkpt lat="43.743103" lon="-124.043434">
        <ele>14.3</ele>
        <time>2023-06-10T20:51:59Z</time>
      </trkpt>
      <trkpt lat="43.742966" lon="-124.043266">
        <ele>16.7</ele>
        <time>2023-06-10T20:52:07Z</time>
      </trkpt>
      <trkpt lat="43.742859" lon="-124.043098">
        <ele>18.3</ele>
        <time>2023-06-10T20:52:14Z</time>
      </trkpt>
      <trkpt lat="43.742748" lon="-124.042923">
        <ele>19.6</ele>
        <time>2023-06-10T20:52:21Z</time>
      </trkpt>
      <trkpt lat="43.74271" lon="-124.042816">
        <ele>20.2</ele>
        <time>2023-06-10T20:52:26Z</time>
      </trkpt>
      <trkpt lat="43.742004" lon="-124.042068">
        <ele>25.6</ele>
        <time>2023-06-10T20:52:59Z</time>
      </trkpt>
      <trkpt lat="43.74189" lon="-124.041862">
        <ele>26.6</ele>
        <time>2023-06-10T20:53:06Z</time>
      </trkpt>
      <trkpt lat="43.741829" lon="-124.041786">
        <ele>27.7</ele>
        <time>2023-06-10T20:53:10Z</time>
      </trkpt>
      <trkpt lat="43.741623" lon="-124.041588">
        <ele>29.6</ele>
        <time>2023-06-10T20:53:20Z</time>
      </trkpt>
      <trkpt lat="43.741592" lon="-124.041527">
        <ele>29.7</ele>
        <time>2023-06-10T20:53:22Z</time>
      </trkpt>
      <trkpt lat="43.741455" lon="-124.041367">
        <ele>29.7</ele>
        <time>2023-06-10T20:53:27Z</time>
      </trkpt>
      <trkpt lat="43.741131" lon="-124.041031">
        <ele>29.7</ele>
        <time>2023-06-10T20:53:34Z</time>
      </trkpt>
      <trkpt lat="43.741062" lon="-124.040871">
        <ele>29.3</ele>
        <time>2023-06-10T20:53:36Z</time>
      </trkpt>
      <trkpt lat="43.741062" lon="-124.040688">
        <ele>28.7</ele>
        <time>2023-06-10T20:53:38Z</time>
      </trkpt>
      <trkpt lat="43.7411" lon="-124.040504">
        <ele>28.2</ele>
        <time>2023-06-10T20:53:40Z</time>
      </trkpt>
      <trkpt lat="43.741203" lon="-124.040268">
        <ele>28.0</ele>
        <time>2023-06-10T20:53:43Z</time>
      </trkpt>
      <trkpt lat="43.741455" lon="-124.039864">
        <ele>27.3</ele>
        <time>2023-06-10T20:53:48Z</time>
      </trkpt>
      <trkpt lat="43.741783" lon="-124.039436">
        <ele>25.6</ele>
        <time>2023-06-10T20:53:53Z</time>
      </trkpt>
      <trkpt lat="43.742405" lon="-124.038673">
        <ele>20.0</ele>
        <time>2023-06-10T20:54:01Z</time>
      </trkpt>
      <trkpt lat="43.743362" lon="-124.037651">
        <ele>12.7</ele>
        <time>2023-06-10T20:54:14Z</time>
      </trkpt>
      <trkpt lat="43.743744" lon="-124.037292">
        <ele>11.1</ele>
        <time>2023-06-10T20:54:20Z</time>
      </trkpt>
      <trkpt lat="43.744743" lon="-124.036263">
        <ele>11.8</ele>
        <time>2023-06-10T20:54:39Z</time>
      </trkpt>
      <trkpt lat="43.745094" lon="-124.035713">
        <ele>11.6</ele>
        <time>2023-06-10T20:54:47Z</time>
      </trkpt>
      <trkpt lat="43.745953" lon="-124.034073">
        <ele>10.6</ele>
        <time>2023-06-10T20:55:10Z</time>
      </trkpt>
      <trkpt lat="43.746525" lon="-124.03302">
        <ele>11.1</ele>
        <time>2023-06-10T20:55:26Z</time>
      </trkpt>
      <trkpt lat="43.746773" lon="-124.032593">
        <ele>11.0</ele>
        <time>2023-06-10T20:55:33Z</time>
      </trkpt>
      <trkpt lat="43.746998" lon="-124.03228">
        <ele>11.0</ele>
        <time>2023-06-10T20:55:39Z</time>
      </trkpt>
      <trkpt lat="43.747349" lon="-124.031975">
        <ele>11.1</ele>
        <time>2023-06-10T20:55:47Z</time>
      </trkpt>
      <trkpt lat="43.747948" lon="-124.031586">
        <ele>11.1</ele>
        <time>2023-06-10T20:55:58Z</time>
      </trkpt>
      <trkpt lat="43.74908" lon="-124.030792">
        <ele>11.6</ele>
        <time>2023-06-10T20:56:20Z</time>
      </trkpt>
      <trkpt lat="43.749508" lon="-124.030403">
        <ele>11.1</ele>
        <time>2023-06-10T20:56:29Z</time>
      </trkpt>
      <trkpt lat="43.749847" lon="-124.030045">
        <ele>11.0</ele>
        <time>2023-06-10T20:56:36Z</time>
      </trkpt>
      <trkpt lat="43.750473" lon="-124.029289">
        <ele>11.0</ele>
        <time>2023-06-10T20:56:50Z</time>
      </trkpt>
      <trkpt lat="43.750931" lon="-124.028709">
        <ele>11.6</ele>
        <time>2023-06-10T20:57:00Z</time>
      </trkpt>
      <trkpt lat="43.751442" lon="-124.028015">
        <ele>12.0</ele>
        <time>2023-06-10T20:57:12Z</time>
      </trkpt>
      <trkpt lat="43.752155" lon="-124.026749">
        <ele>11.8</ele>
        <time>2023-06-10T20:57:31Z</time>
      </trkpt>
      <trkpt lat="43.753132" lon="-124.025208">
        <ele>11.6</ele>
        <time>2023-06-10T20:57:57Z</time>
      </trkpt>
      <trkpt lat="43.753761" lon="-124.023979">
        <ele>12.2</ele>
        <time>2023-06-10T20:58:17Z</time>
      </trkpt>
      <trkpt lat="43.753971" lon="-124.023346">
        <ele>12.0</ele>
        <time>2023-06-10T20:58:26Z</time>
      </trkpt>
      <trkpt lat="43.754044" lon="-124.023041">
        <ele>12.0</ele>
        <time>2023-06-10T20:58:30Z</time>
      </trkpt>
      <trkpt lat="43.75412" lon="-124.022804">
        <ele>12.0</ele>
        <time>2023-06-10T20:58:33Z</time>
      </trkpt>
      <trkpt lat="43.754143" lon="-124.022652">
        <ele>12.0</ele>
        <time>2023-06-10T20:58:35Z</time>
      </trkpt>
      <trkpt lat="43.754467" lon="-124.022003">
        <ele>12.0</ele>
        <time>2023-06-10T20:58:44Z</time>
      </trkpt>
      <trkpt lat="43.755054" lon="-124.02108">
        <ele>11.3</ele>
        <time>2023-06-10T20:58:59Z</time>
      </trkpt>
      <trkpt lat="43.755263" lon="-124.020775">
        <ele>10.8</ele>
        <time>2023-06-10T20:59:04Z</time>
      </trkpt>
      <trkpt lat="43.756153" lon="-124.01963">
        <ele>11.1</ele>
        <time>2023-06-10T20:59:26Z</time>
      </trkpt>
      <trkpt lat="43.756893" lon="-124.01873">
        <ele>12.3</ele>
        <time>2023-06-10T20:59:44Z</time>
      </trkpt>
      <trkpt lat="43.757362" lon="-124.018204">
        <ele>13.3</ele>
        <time>2023-06-10T20:59:56Z</time>
      </trkpt>
      <trkpt lat="43.757877" lon="-124.017548">
        <ele>14.6</ele>
        <time>2023-06-10T21:00:11Z</time>
      </trkpt>
      <trkpt lat="43.758404" lon="-124.016998">
        <ele>14.7</ele>
        <time>2023-06-10T21:00:22Z</time>
      </trkpt>
      <trkpt lat="43.758674" lon="-124.01664">
        <ele>13.7</ele>
        <time>2023-06-10T21:00:28Z</time>
      </trkpt>
      <trkpt lat="43.758816" lon="-124.016418">
        <ele>13.6</ele>
        <time>2023-06-10T21:00:33Z</time>
      </trkpt>
      <trkpt lat="43.759632" lon="-124.015335">
        <ele>15.2</ele>
        <time>2023-06-10T21:00:57Z</time>
      </trkpt>
      <trkpt lat="43.759991" lon="-124.014816">
        <ele>15.0</ele>
        <time>2023-06-10T21:01:07Z</time>
      </trkpt>
      <trkpt lat="43.760273" lon="-124.01445">
        <ele>14.7</ele>
        <time>2023-06-10T21:01:13Z</time>
      </trkpt>
      <trkpt lat="43.761013" lon="-124.013313">
        <ele>12.0</ele>
        <time>2023-06-10T21:01:31Z</time>
      </trkpt>
      <trkpt lat="43.76189" lon="-124.01207">
        <ele>12.6</ele>
        <time>2023-06-10T21:01:52Z</time>
      </trkpt>
      <trkpt lat="43.762707" lon="-124.011093">
        <ele>12.7</ele>
        <time>2023-06-10T21:02:09Z</time>
      </trkpt>
      <trkpt lat="43.763077" lon="-124.010704">
        <ele>13.2</ele>
        <time>2023-06-10T21:02:17Z</time>
      </trkpt>
      <trkpt lat="43.763222" lon="-124.010574">
        <ele>13.3</ele>
        <time>2023-06-10T21:02:20Z</time>
      </trkpt>
      <trkpt lat="43.763409" lon="-124.010353">
        <ele>13.7</ele>
        <time>2023-06-10T21:02:24Z</time>
      </trkpt>
      <trkpt lat="43.764286" lon="-124.00943">
        <ele>14.3</ele>
        <time>2023-06-10T21:02:42Z</time>
      </trkpt>
      <trkpt lat="43.765301" lon="-124.008278">
        <ele>15.2</ele>
        <time>2023-06-10T21:03:03Z</time>
      </trkpt>
      <trkpt lat="43.765717" lon="-124.007767">
        <ele>15.2</ele>
        <time>2023-06-10T21:03:12Z</time>
      </trkpt>
      <trkpt lat="43.766376" lon="-124.006859">
        <ele>13.7</ele>
        <time>2023-06-10T21:03:27Z</time>
      </trkpt>
      <trkpt lat="43.766964" lon="-124.005959">
        <ele>13.3</ele>
        <time>2023-06-10T21:03:41Z</time>
      </trkpt>
      <trkpt lat="43.767311" lon="-124.005341">
        <ele>13.3</ele>
        <time>2023-06-10T21:03:50Z</time>
      </trkpt>
      <trkpt lat="43.768528" lon="-124.003036">
        <ele>13.2</ele>
        <time>2023-06-10T21:04:21Z</time>
      </trkpt>
      <trkpt lat="43.769032" lon="-124.002167">
        <ele>13.0</ele>
        <time>2023-06-10T21:04:34Z</time>
      </trkpt>
      <trkpt lat="43.769302" lon="-124.001747">
        <ele>13.2</ele>
        <time>2023-06-10T21:04:41Z</time>
      </trkpt>
      <trkpt lat="43.769577" lon="-124.001259">
        <ele>13.3</ele>
        <time>2023-06-10T21:04:49Z</time>
      </trkpt>
      <trkpt lat="43.76997" lon="-124.000511">
        <ele>13.6</ele>
        <time>2023-06-10T21:05:01Z</time>
      </trkpt>
      <trkpt lat="43.770287" lon="-123.99984">
        <ele>13.7</ele>
        <time>2023-06-10T21:05:12Z</time>
      </trkpt>
      <trkpt lat="43.770447" lon="-123.99955">
        <ele>13.6</ele>
        <time>2023-06-10T21:05:17Z</time>
      </trkpt>
      <trkpt lat="43.770756" lon="-123.999062">
        <ele>13.3</ele>
        <time>2023-06-10T21:05:25Z</time>
      </trkpt>
      <trkpt lat="43.771061" lon="-123.998802">
        <ele>13.2</ele>
        <time>2023-06-10T21:05:31Z</time>
      </trkpt>
      <trkpt lat="43.771797" lon="-123.998344">
        <ele>13.0</ele>
        <time>2023-06-10T21:05:46Z</time>
      </trkpt>
      <trkpt lat="43.772511" lon="-123.997765">
        <ele>13.2</ele>
        <time>2023-06-10T21:06:01Z</time>
      </trkpt>
      <trkpt lat="43.773705" lon="-123.996887">
        <ele>13.3</ele>
        <time>2023-06-10T21:06:25Z</time>
      </trkpt>
      <trkpt lat="43.775135" lon="-123.995964">
        <ele>14.0</ele>
        <time>2023-06-10T21:06:54Z</time>
      </trkpt>
      <trkpt lat="43.776043" lon="-123.995346">
        <ele>14.2</ele>
        <time>2023-06-10T21:07:13Z</time>
      </trkpt>
      <trkpt lat="43.777187" lon="-123.994408">
        <ele>13.7</ele>
        <time>2023-06-10T21:07:37Z</time>
      </trkpt>
      <trkpt lat="43.779819" lon="-123.992424">
        <ele>13.0</ele>
        <time>2023-06-10T21:08:28Z</time>
      </trkpt>
      <trkpt lat="43.780582" lon="-123.991905">
        <ele>13.3</ele>
        <time>2023-06-10T21:08:43Z</time>
      </trkpt>
      <trkpt lat="43.781174" lon="-123.991524">
        <ele>13.3</ele>
        <time>2023-06-10T21:08:54Z</time>
      </trkpt>
      <trkpt lat="43.781563" lon="-123.991295">
        <ele>14.0</ele>
        <time>2023-06-10T21:09:01Z</time>
      </trkpt>
      <trkpt lat="43.781754" lon="-123.991119">
        <ele>14.2</ele>
        <time>2023-06-10T21:09:05Z</time>
      </trkpt>
      <trkpt lat="43.782532" lon="-123.990601">
        <ele>14.3</ele>
        <time>2023-06-10T21:09:20Z</time>
      </trkpt>
      <trkpt lat="43.782944" lon="-123.990303">
        <ele>14.3</ele>
        <time>2023-06-10T21:09:28Z</time>
      </trkpt>
      <trkpt lat="43.783337" lon="-123.989983">
        <ele>14.3</ele>
        <time>2023-06-10T21:09:37Z</time>
      </trkpt>
      <trkpt lat="43.783535" lon="-123.989876">
        <ele>14.6</ele>
        <time>2023-06-10T21:09:41Z</time>
      </trkpt>
      <trkpt lat="43.785763" lon="-123.988007">
        <ele>14.6</ele>
        <time>2023-06-10T21:10:29Z</time>
      </trkpt>
      <trkpt lat="43.786181" lon="-123.987694">
        <ele>14.6</ele>
        <time>2023-06-10T21:10:38Z</time>
      </trkpt>
      <trkpt lat="43.786879" lon="-123.987206">
        <ele>15.0</ele>
        <time>2023-06-10T21:10:53Z</time>
      </trkpt>
      <trkpt lat="43.787296" lon="-123.986885">
        <ele>14.3</ele>
        <time>2023-06-10T21:11:01Z</time>
      </trkpt>
      <trkpt lat="43.787632" lon="-123.986496">
        <ele>14.0</ele>
        <time>2023-06-10T21:11:08Z</time>
      </trkpt>
      <trkpt lat="43.787982" lon="-123.986168">
        <ele>14.0</ele>
        <time>2023-06-10T21:11:16Z</time>
      </trkpt>
      <trkpt lat="43.788078" lon="-123.986099">
        <ele>14.2</ele>
        <time>2023-06-10T21:11:18Z</time>
      </trkpt>
      <trkpt lat="43.788464" lon="-123.985901">
        <ele>16.3</ele>
        <time>2023-06-10T21:11:27Z</time>
      </trkpt>
      <trkpt lat="43.788582" lon="-123.985809">
        <ele>17.2</ele>
        <time>2023-06-10T21:11:30Z</time>
      </trkpt>
      <trkpt lat="43.78883" lon="-123.98558">
        <ele>18.3</ele>
        <time>2023-06-10T21:11:38Z</time>
      </trkpt>
      <trkpt lat="43.788944" lon="-123.985443">
        <ele>18.7</ele>
        <time>2023-06-10T21:11:43Z</time>
      </trkpt>
      <trkpt lat="43.789009" lon="-123.985397">
        <ele>19.6</ele>
        <time>2023-06-10T21:11:46Z</time>
      </trkpt>
      <trkpt lat="43.789547" lon="-123.984726">
        <ele>24.2</ele>
        <time>2023-06-10T21:12:09Z</time>
      </trkpt>
      <trkpt lat="43.789856" lon="-123.984306">
        <ele>24.6</ele>
        <time>2023-06-10T21:12:19Z</time>
      </trkpt>
      <trkpt lat="43.790256" lon="-123.983452">
        <ele>22.7</ele>
        <time>2023-06-10T21:12:30Z</time>
      </trkpt>
      <trkpt lat="43.790408" lon="-123.98304">
        <ele>21.6</ele>
        <time>2023-06-10T21:12:34Z</time>
      </trkpt>
      <trkpt lat="43.790741" lon="-123.98201">
        <ele>16.3</ele>
        <time>2023-06-10T21:12:43Z</time>
      </trkpt>
      <trkpt lat="43.790802" lon="-123.981781">
        <ele>15.6</ele>
        <time>2023-06-10T21:12:45Z</time>
      </trkpt>
      <trkpt lat="43.790829" lon="-123.981537">
        <ele>14.6</ele>
        <time>2023-06-10T21:12:47Z</time>
      </trkpt>
      <trkpt lat="43.790829" lon="-123.981323">
        <ele>14.2</ele>
        <time>2023-06-10T21:12:49Z</time>
      </trkpt>
      <trkpt lat="43.790794" lon="-123.981079">
        <ele>14.2</ele>
        <time>2023-06-10T21:12:51Z</time>
      </trkpt>
      <trkpt lat="43.790774" lon="-123.98098">
        <ele>14.0</ele>
        <time>2023-06-10T21:12:52Z</time>
      </trkpt>
      <trkpt lat="43.790504" lon="-123.980156">
        <ele>13.3</ele>
        <time>2023-06-10T21:13:02Z</time>
      </trkpt>
      <trkpt lat="43.790062" lon="-123.978294">
        <ele>16.6</ele>
        <time>2023-06-10T21:13:28Z</time>
      </trkpt>
      <trkpt lat="43.789795" lon="-123.977684">
        <ele>17.2</ele>
        <time>2023-06-10T21:13:38Z</time>
      </trkpt>
      <trkpt lat="43.789452" lon="-123.976982">
        <ele>18.2</ele>
        <time>2023-06-10T21:13:51Z</time>
      </trkpt>
      <trkpt lat="43.789326" lon="-123.976768">
        <ele>18.3</ele>
        <time>2023-06-10T21:13:55Z</time>
      </trkpt>
      <trkpt lat="43.7892" lon="-123.976631">
        <ele>18.6</ele>
        <time>2023-06-10T21:13:58Z</time>
      </trkpt>
      <trkpt lat="43.788834" lon="-123.976326">
        <ele>19.2</ele>
        <time>2023-06-10T21:14:07Z</time>
      </trkpt>
      <trkpt lat="43.78875" lon="-123.976273">
        <ele>19.2</ele>
        <time>2023-06-10T21:14:09Z</time>
      </trkpt>
      <trkpt lat="43.788181" lon="-123.975754">
        <ele>19.7</ele>
        <time>2023-06-10T21:14:23Z</time>
      </trkpt>
      <trkpt lat="43.787937" lon="-123.975609">
        <ele>20.2</ele>
        <time>2023-06-10T21:14:29Z</time>
      </trkpt>
      <trkpt lat="43.787674" lon="-123.975418">
        <ele>20.6</ele>
        <time>2023-06-10T21:14:35Z</time>
      </trkpt>
      <trkpt lat="43.7873" lon="-123.97525">
        <ele>20.6</ele>
        <time>2023-06-10T21:14:41Z</time>
      </trkpt>
      <trkpt lat="43.786884" lon="-123.97509">
        <ele>19.3</ele>
        <time>2023-06-10T21:14:47Z</time>
      </trkpt>
      <trkpt lat="43.786419" lon="-123.974983">
        <ele>18.6</ele>
        <time>2023-06-10T21:14:54Z</time>
      </trkpt>
      <trkpt lat="43.786049" lon="-123.974861">
        <ele>18.3</ele>
        <time>2023-06-10T21:15:00Z</time>
      </trkpt>
      <trkpt lat="43.785686" lon="-123.974846">
        <ele>19.0</ele>
        <time>2023-06-10T21:15:06Z</time>
      </trkpt>
      <trkpt lat="43.784901" lon="-123.975021">
        <ele>19.2</ele>
        <time>2023-06-10T21:15:19Z</time>
      </trkpt>
      <trkpt lat="43.784405" lon="-123.975143">
        <ele>18.2</ele>
        <time>2023-06-10T21:15:26Z</time>
      </trkpt>
      <trkpt lat="43.783962" lon="-123.975281">
        <ele>17.2</ele>
        <time>2023-06-10T21:15:33Z</time>
      </trkpt>
      <trkpt lat="43.783493" lon="-123.975487">
        <ele>16.6</ele>
        <time>2023-06-10T21:15:40Z</time>
      </trkpt>
      <trkpt lat="43.783283" lon="-123.975708">
        <ele>16.3</ele>
        <time>2023-06-10T21:15:44Z</time>
      </trkpt>
      <trkpt lat="43.782908" lon="-123.976257">
        <ele>16.6</ele>
        <time>2023-06-10T21:15:53Z</time>
      </trkpt>
      <trkpt lat="43.782372" lon="-123.976807">
        <ele>18.2</ele>
        <time>2023-06-10T21:16:06Z</time>
      </trkpt>
      <trkpt lat="43.781403" lon="-123.977951">
        <ele>18.2</ele>
        <time>2023-06-10T21:16:28Z</time>
      </trkpt>
      <trkpt lat="43.780643" lon="-123.978584">
        <ele>18.0</ele>
        <time>2023-06-10T21:16:44Z</time>
      </trkpt>
      <trkpt lat="43.780064" lon="-123.979225">
        <ele>18.3</ele>
        <time>2023-06-10T21:16:57Z</time>
      </trkpt>
      <trkpt lat="43.779137" lon="-123.980202">
        <ele>16.7</ele>
        <time>2023-06-10T21:17:16Z</time>
      </trkpt>
      <trkpt lat="43.778495" lon="-123.98069">
        <ele>16.6</ele>
        <time>2023-06-10T21:17:32Z</time>
      </trkpt>
      <trkpt lat="43.778252" lon="-123.98082">
        <ele>17.3</ele>
        <time>2023-06-10T21:17:38Z</time>
      </trkpt>
      <trkpt lat="43.777916" lon="-123.981071">
        <ele>17.6</ele>
        <time>2023-06-10T21:17:47Z</time>
      </trkpt>
      <trkpt lat="43.777115" lon="-123.981606">
        <ele>20.2</ele>
        <time>2023-06-10T21:18:12Z</time>
      </trkpt>
      <trkpt lat="43.776745" lon="-123.981834">
        <ele>21.2</ele>
        <time>2023-06-10T21:18:21Z</time>
      </trkpt>
      <trkpt lat="43.776608" lon="-123.981972">
        <ele>21.6</ele>
        <time>2023-06-10T21:18:25Z</time>
      </trkpt>
      <trkpt lat="43.77639" lon="-123.982132">
        <ele>22.2</ele>
        <time>2023-06-10T21:18:31Z</time>
      </trkpt>
      <trkpt lat="43.776093" lon="-123.982307">
        <ele>22.6</ele>
        <time>2023-06-10T21:18:39Z</time>
      </trkpt>
      <trkpt lat="43.775795" lon="-123.982437">
        <ele>22.6</ele>
        <time>2023-06-10T21:18:46Z</time>
      </trkpt>
      <trkpt lat="43.774948" lon="-123.982735">
        <ele>22.7</ele>
        <time>2023-06-10T21:19:05Z</time>
      </trkpt>
      <trkpt lat="43.774879" lon="-123.98278">
        <ele>23.2</ele>
        <time>2023-06-10T21:19:07Z</time>
      </trkpt>
      <trkpt lat="43.774754" lon="-123.982826">
        <ele>23.7</ele>
        <time>2023-06-10T21:19:10Z</time>
      </trkpt>
      <trkpt lat="43.774563" lon="-123.982864">
        <ele>24.0</ele>
        <time>2023-06-10T21:19:14Z</time>
      </trkpt>
      <trkpt lat="43.774464" lon="-123.982864">
        <ele>24.2</ele>
        <time>2023-06-10T21:19:16Z</time>
      </trkpt>
      <trkpt lat="43.774258" lon="-123.982803">
        <ele>24.2</ele>
        <time>2023-06-10T21:19:20Z</time>
      </trkpt>
      <trkpt lat="43.774033" lon="-123.982697">
        <ele>24.0</ele>
        <time>2023-06-10T21:19:24Z</time>
      </trkpt>
      <trkpt lat="43.773891" lon="-123.982666">
        <ele>24.0</ele>
        <time>2023-06-10T21:19:26Z</time>
      </trkpt>
      <trkpt lat="43.773109" lon="-123.9823">
        <ele>22.2</ele>
        <time>2023-06-10T21:19:35Z</time>
      </trkpt>
      <trkpt lat="43.772942" lon="-123.982193">
        <ele>21.6</ele>
        <time>2023-06-10T21:19:37Z</time>
      </trkpt>
      <trkpt lat="43.772766" lon="-123.981987">
        <ele>20.6</ele>
        <time>2023-06-10T21:19:39Z</time>
      </trkpt>
      <trkpt lat="43.772621" lon="-123.981773">
        <ele>19.3</ele>
        <time>2023-06-10T21:19:41Z</time>
      </trkpt>
      <trkpt lat="43.772411" lon="-123.981331">
        <ele>17.7</ele>
        <time>2023-06-10T21:19:45Z</time>
      </trkpt>
      <trkpt lat="43.772373" lon="-123.981216">
        <ele>17.6</ele>
        <time>2023-06-10T21:19:46Z</time>
      </trkpt>
      <trkpt lat="43.772335" lon="-123.98098">
        <ele>17.3</ele>
        <time>2023-06-10T21:19:48Z</time>
      </trkpt>
      <trkpt lat="43.772274" lon="-123.979759">
        <ele>16.0</ele>
        <time>2023-06-10T21:19:59Z</time>
      </trkpt>
      <trkpt lat="43.772335" lon="-123.978935">
        <ele>15.7</ele>
        <time>2023-06-10T21:20:08Z</time>
      </trkpt>
      <trkpt lat="43.772433" lon="-123.97802">
        <ele>17.0</ele>
        <time>2023-06-10T21:20:18Z</time>
      </trkpt>
      <trkpt lat="43.772491" lon="-123.977676">
        <ele>17.2</ele>
        <time>2023-06-10T21:20:22Z</time>
      </trkpt>
      <trkpt lat="43.772774" lon="-123.976776">
        <ele>18.0</ele>
        <time>2023-06-10T21:20:32Z</time>
      </trkpt>
      <trkpt lat="43.772976" lon="-123.976288">
        <ele>18.0</ele>
        <time>2023-06-10T21:20:38Z</time>
      </trkpt>
      <trkpt lat="43.773705" lon="-123.974785">
        <ele>19.3</ele>
        <time>2023-06-10T21:21:01Z</time>
      </trkpt>
      <trkpt lat="43.773979" lon="-123.974319">
        <ele>19.3</ele>
        <time>2023-06-10T21:21:07Z</time>
      </trkpt>
      <trkpt lat="43.774344" lon="-123.973755">
        <ele>18.6</ele>
        <time>2023-06-10T21:21:14Z</time>
      </trkpt>
      <trkpt lat="43.775162" lon="-123.972664">
        <ele>16.3</ele>
        <time>2023-06-10T21:21:32Z</time>
      </trkpt>
      <trkpt lat="43.775364" lon="-123.972427">
        <ele>16.3</ele>
        <time>2023-06-10T21:21:38Z</time>
      </trkpt>
      <trkpt lat="43.775459" lon="-123.972267">
        <ele>16.3</ele>
        <time>2023-06-10T21:21:42Z</time>
      </trkpt>
      <trkpt lat="43.775646" lon="-123.972008">
        <ele>16.6</ele>
        <time>2023-06-10T21:21:48Z</time>
      </trkpt>
      <trkpt lat="43.775898" lon="-123.971718">
        <ele>17.0</ele>
        <time>2023-06-10T21:21:55Z</time>
      </trkpt>
      <trkpt lat="43.776054" lon="-123.971497">
        <ele>17.2</ele>
        <time>2023-06-10T21:22:00Z</time>
      </trkpt>
      <trkpt lat="43.776279" lon="-123.971245">
        <ele>17.2</ele>
        <time>2023-06-10T21:22:06Z</time>
      </trkpt>
      <trkpt lat="43.776596" lon="-123.970818">
        <ele>17.3</ele>
        <time>2023-06-10T21:22:17Z</time>
      </trkpt>
      <trkpt lat="43.776711" lon="-123.970612">
        <ele>17.7</ele>
        <time>2023-06-10T21:22:22Z</time>
      </trkpt>
      <trkpt lat="43.776939" lon="-123.970291">
        <ele>18.3</ele>
        <time>2023-06-10T21:22:29Z</time>
      </trkpt>
      <trkpt lat="43.777576" lon="-123.969521">
        <ele>18.3</ele>
        <time>2023-06-10T21:22:43Z</time>
      </trkpt>
      <trkpt lat="43.777977" lon="-123.968964">
        <ele>17.0</ele>
        <time>2023-06-10T21:22:52Z</time>
      </trkpt>
      <trkpt lat="43.778728" lon="-123.968063">
        <ele>17.3</ele>
        <time>2023-06-10T21:23:11Z</time>
      </trkpt>
      <trkpt lat="43.779305" lon="-123.967438">
        <ele>18.0</ele>
        <time>2023-06-10T21:23:25Z</time>
      </trkpt>
      <trkpt lat="43.779942" lon="-123.966637">
        <ele>18.0</ele>
        <time>2023-06-10T21:23:40Z</time>
      </trkpt>
      <trkpt lat="43.780342" lon="-123.966095">
        <ele>17.0</ele>
        <time>2023-06-10T21:23:50Z</time>
      </trkpt>
      <trkpt lat="43.780735" lon="-123.965477">
        <ele>17.2</ele>
        <time>2023-06-10T21:24:00Z</time>
      </trkpt>
      <trkpt lat="43.781307" lon="-123.964417">
        <ele>18.3</ele>
        <time>2023-06-10T21:24:17Z</time>
      </trkpt>
      <trkpt lat="43.781616" lon="-123.963936">
        <ele>18.7</ele>
        <time>2023-06-10T21:24:25Z</time>
      </trkpt>
      <trkpt lat="43.781761" lon="-123.96376">
        <ele>18.7</ele>
        <time>2023-06-10T21:24:28Z</time>
      </trkpt>
      <trkpt lat="43.781979" lon="-123.96344">
        <ele>18.7</ele>
        <time>2023-06-10T21:24:33Z</time>
      </trkpt>
      <trkpt lat="43.782295" lon="-123.962875">
        <ele>17.7</ele>
        <time>2023-06-10T21:24:42Z</time>
      </trkpt>
      <trkpt lat="43.782631" lon="-123.962341">
        <ele>17.7</ele>
        <time>2023-06-10T21:24:52Z</time>
      </trkpt>
      <trkpt lat="43.782986" lon="-123.96183">
        <ele>18.2</ele>
        <time>2023-06-10T21:25:01Z</time>
      </trkpt>
      <trkpt lat="43.783268" lon="-123.961479">
        <ele>18.2</ele>
        <time>2023-06-10T21:25:07Z</time>
      </trkpt>
      <trkpt lat="43.78521" lon="-123.959259">
        <ele>20.7</ele>
        <time>2023-06-10T21:25:54Z</time>
      </trkpt>
      <trkpt lat="43.785435" lon="-123.959053">
        <ele>20.7</ele>
        <time>2023-06-10T21:25:59Z</time>
      </trkpt>
      <trkpt lat="43.786133" lon="-123.958618">
        <ele>20.2</ele>
        <time>2023-06-10T21:26:13Z</time>
      </trkpt>
      <trkpt lat="43.786701" lon="-123.958336">
        <ele>22.6</ele>
        <time>2023-06-10T21:26:27Z</time>
      </trkpt>
      <trkpt lat="43.786781" lon="-123.958267">
        <ele>22.6</ele>
        <time>2023-06-10T21:26:29Z</time>
      </trkpt>
      <trkpt lat="43.78685" lon="-123.958244">
        <ele>22.7</ele>
        <time>2023-06-10T21:26:31Z</time>
      </trkpt>
      <trkpt lat="43.787075" lon="-123.958214">
        <ele>22.7</ele>
        <time>2023-06-10T21:26:35Z</time>
      </trkpt>
      <trkpt lat="43.787163" lon="-123.958168">
        <ele>22.7</ele>
        <time>2023-06-10T21:26:37Z</time>
      </trkpt>
      <trkpt lat="43.787636" lon="-123.957878">
        <ele>22.3</ele>
        <time>2023-06-10T21:26:46Z</time>
      </trkpt>
      <trkpt lat="43.788528" lon="-123.957367">
        <ele>20.2</ele>
        <time>2023-06-10T21:27:00Z</time>
      </trkpt>
      <trkpt lat="43.789561" lon="-123.956734">
        <ele>20.3</ele>
        <time>2023-06-10T21:27:20Z</time>
      </trkpt>
      <trkpt lat="43.790348" lon="-123.956055">
        <ele>21.0</ele>
        <time>2023-06-10T21:27:38Z</time>
      </trkpt>
      <trkpt lat="43.790741" lon="-123.955795">
        <ele>21.2</ele>
        <time>2023-06-10T21:27:46Z</time>
      </trkpt>
      <trkpt lat="43.790993" lon="-123.955666">
        <ele>21.0</ele>
        <time>2023-06-10T21:27:51Z</time>
      </trkpt>
      <trkpt lat="43.791092" lon="-123.955597">
        <ele>21.0</ele>
        <time>2023-06-10T21:27:53Z</time>
      </trkpt>
      <trkpt lat="43.791447" lon="-123.955307">
        <ele>20.6</ele>
        <time>2023-06-10T21:28:00Z</time>
      </trkpt>
      <trkpt lat="43.791794" lon="-123.95491">
        <ele>20.7</ele>
        <time>2023-06-10T21:28:08Z</time>
      </trkpt>
      <trkpt lat="43.792583" lon="-123.953926">
        <ele>21.2</ele>
        <time>2023-06-10T21:28:26Z</time>
      </trkpt>
      <trkpt lat="43.792862" lon="-123.953461">
        <ele>21.0</ele>
        <time>2023-06-10T21:28:33Z</time>
      </trkpt>
      <trkpt lat="43.793106" lon="-123.953011">
        <ele>20.7</ele>
        <time>2023-06-10T21:28:40Z</time>
      </trkpt>
      <trkpt lat="43.793297" lon="-123.952538">
        <ele>20.6</ele>
        <time>2023-06-10T21:28:47Z</time>
      </trkpt>
      <trkpt lat="43.793438" lon="-123.952034">
        <ele>20.3</ele>
        <time>2023-06-10T21:28:54Z</time>
      </trkpt>
      <trkpt lat="43.793701" lon="-123.950584">
        <ele>20.0</ele>
        <time>2023-06-10T21:29:13Z</time>
      </trkpt>
      <trkpt lat="43.793728" lon="-123.950233">
        <ele>20.0</ele>
        <time>2023-06-10T21:29:17Z</time>
      </trkpt>
      <trkpt lat="43.793652" lon="-123.949539">
        <ele>18.6</ele>
        <time>2023-06-10T21:29:26Z</time>
      </trkpt>
      <trkpt lat="43.793587" lon="-123.94915">
        <ele>18.3</ele>
        <time>2023-06-10T21:29:31Z</time>
      </trkpt>
      <trkpt lat="43.793434" lon="-123.948509">
        <ele>18.3</ele>
        <time>2023-06-10T21:29:40Z</time>
      </trkpt>
      <trkpt lat="43.793339" lon="-123.947983">
        <ele>18.3</ele>
        <time>2023-06-10T21:29:47Z</time>
      </trkpt>
      <trkpt lat="43.793331" lon="-123.947594">
        <ele>18.6</ele>
        <time>2023-06-10T21:29:52Z</time>
      </trkpt>
      <trkpt lat="43.793308" lon="-123.947342">
        <ele>18.7</ele>
        <time>2023-06-10T21:29:55Z</time>
      </trkpt>
      <trkpt lat="43.793262" lon="-123.94706">
        <ele>18.7</ele>
        <time>2023-06-10T21:29:58Z</time>
      </trkpt>
      <trkpt lat="43.793224" lon="-123.946976">
        <ele>18.7</ele>
        <time>2023-06-10T21:29:59Z</time>
      </trkpt>
      <trkpt lat="43.793129" lon="-123.946854">
        <ele>18.7</ele>
        <time>2023-06-10T21:30:01Z</time>
      </trkpt>
      <trkpt lat="43.793022" lon="-123.946762">
        <ele>18.7</ele>
        <time>2023-06-10T21:30:03Z</time>
      </trkpt>
      <trkpt lat="43.79277" lon="-123.946632">
        <ele>17.6</ele>
        <time>2023-06-10T21:30:08Z</time>
      </trkpt>
      <trkpt lat="43.792029" lon="-123.946388">
        <ele>18.2</ele>
        <time>2023-06-10T21:30:23Z</time>
      </trkpt>
      <trkpt lat="43.791573" lon="-123.946259">
        <ele>18.7</ele>
        <time>2023-06-10T21:30:32Z</time>
      </trkpt>
      <trkpt lat="43.791206" lon="-123.946121">
        <ele>19.2</ele>
        <time>2023-06-10T21:30:39Z</time>
      </trkpt>
      <trkpt lat="43.790768" lon="-123.945992">
        <ele>19.2</ele>
        <time>2023-06-10T21:30:47Z</time>
      </trkpt>
      <trkpt lat="43.790451" lon="-123.945961">
        <ele>19.0</ele>
        <time>2023-06-10T21:30:53Z</time>
      </trkpt>
      <trkpt lat="43.790234" lon="-123.945953">
        <ele>19.0</ele>
        <time>2023-06-10T21:30:57Z</time>
      </trkpt>
      <trkpt lat="43.789955" lon="-123.945969">
        <ele>18.7</ele>
        <time>2023-06-10T21:31:02Z</time>
      </trkpt>
      <trkpt lat="43.789402" lon="-123.946075">
        <ele>19.2</ele>
        <time>2023-06-10T21:31:12Z</time>
      </trkpt>
      <trkpt lat="43.789021" lon="-123.946205">
        <ele>19.2</ele>
        <time>2023-06-10T21:31:19Z</time>
      </trkpt>
      <trkpt lat="43.788513" lon="-123.946495">
        <ele>18.7</ele>
        <time>2023-06-10T21:31:29Z</time>
      </trkpt>
      <trkpt lat="43.788109" lon="-123.946747">
        <ele>19.0</ele>
        <time>2023-06-10T21:31:37Z</time>
      </trkpt>
      <trkpt lat="43.78772" lon="-123.947029">
        <ele>19.7</ele>
        <time>2023-06-10T21:31:45Z</time>
      </trkpt>
      <trkpt lat="43.786777" lon="-123.947769">
        <ele>20.0</ele>
        <time>2023-06-10T21:32:06Z</time>
      </trkpt>
      <trkpt lat="43.78651" lon="-123.947922">
        <ele>20.2</ele>
        <time>2023-06-10T21:32:12Z</time>
      </trkpt>
      <trkpt lat="43.786152" lon="-123.948204">
        <ele>20.3</ele>
        <time>2023-06-10T21:32:20Z</time>
      </trkpt>
      <trkpt lat="43.785355" lon="-123.948875">
        <ele>21.2</ele>
        <time>2023-06-10T21:32:38Z</time>
      </trkpt>
      <trkpt lat="43.78487" lon="-123.949341">
        <ele>22.2</ele>
        <time>2023-06-10T21:32:50Z</time>
      </trkpt>
      <trkpt lat="43.784492" lon="-123.949677">
        <ele>22.7</ele>
        <time>2023-06-10T21:32:59Z</time>
      </trkpt>
      <trkpt lat="43.784096" lon="-123.949974">
        <ele>23.0</ele>
        <time>2023-06-10T21:33:08Z</time>
      </trkpt>
      <trkpt lat="43.783997" lon="-123.95002">
        <ele>22.7</ele>
        <time>2023-06-10T21:33:10Z</time>
      </trkpt>
      <trkpt lat="43.783802" lon="-123.950089">
        <ele>22.7</ele>
        <time>2023-06-10T21:33:14Z</time>
      </trkpt>
      <trkpt lat="43.783436" lon="-123.950142">
        <ele>22.6</ele>
        <time>2023-06-10T21:33:21Z</time>
      </trkpt>
      <trkpt lat="43.783005" lon="-123.950104">
        <ele>22.2</ele>
        <time>2023-06-10T21:33:28Z</time>
      </trkpt>
      <trkpt lat="43.782696" lon="-123.950005">
        <ele>22.0</ele>
        <time>2023-06-10T21:33:33Z</time>
      </trkpt>
      <trkpt lat="43.782368" lon="-123.949844">
        <ele>22.0</ele>
        <time>2023-06-10T21:33:38Z</time>
      </trkpt>
      <trkpt lat="43.782051" lon="-123.949524">
        <ele>21.7</ele>
        <time>2023-06-10T21:33:43Z</time>
      </trkpt>
      <trkpt lat="43.781844" lon="-123.949135">
        <ele>21.6</ele>
        <time>2023-06-10T21:33:47Z</time>
      </trkpt>
      <trkpt lat="43.781773" lon="-123.948936">
        <ele>21.3</ele>
        <time>2023-06-10T21:33:49Z</time>
      </trkpt>
      <trkpt lat="43.78165" lon="-123.948425">
        <ele>20.2</ele>
        <time>2023-06-10T21:33:54Z</time>
      </trkpt>
      <trkpt lat="43.781609" lon="-123.948029">
        <ele>19.6</ele>
        <time>2023-06-10T21:33:58Z</time>
      </trkpt>
      <trkpt lat="43.781578" lon="-123.947472">
        <ele>19.3</ele>
        <time>2023-06-10T21:34:04Z</time>
      </trkpt>
      <trkpt lat="43.781574" lon="-123.946861">
        <ele>19.3</ele>
        <time>2023-06-10T21:34:11Z</time>
      </trkpt>
      <trkpt lat="43.781616" lon="-123.946297">
        <ele>19.7</ele>
        <time>2023-06-10T21:34:18Z</time>
      </trkpt>
      <trkpt lat="43.781708" lon="-123.945808">
        <ele>20.0</ele>
        <time>2023-06-10T21:34:24Z</time>
      </trkpt>
      <trkpt lat="43.781818" lon="-123.945412">
        <ele>20.2</ele>
        <time>2023-06-10T21:34:29Z</time>
      </trkpt>
      <trkpt lat="43.781979" lon="-123.945045">
        <ele>20.2</ele>
        <time>2023-06-10T21:34:34Z</time>
      </trkpt>
      <trkpt lat="43.782215" lon="-123.944633">
        <ele>20.6</ele>
        <time>2023-06-10T21:34:41Z</time>
      </trkpt>
      <trkpt lat="43.782413" lon="-123.944374">
        <ele>21.2</ele>
        <time>2023-06-10T21:34:46Z</time>
      </trkpt>
      <trkpt lat="43.782673" lon="-123.943939">
        <ele>21.6</ele>
        <time>2023-06-10T21:34:53Z</time>
      </trkpt>
      <trkpt lat="43.783119" lon="-123.943275">
        <ele>21.6</ele>
        <time>2023-06-10T21:35:04Z</time>
      </trkpt>
      <trkpt lat="43.783527" lon="-123.942574">
        <ele>21.3</ele>
        <time>2023-06-10T21:35:15Z</time>
      </trkpt>
      <trkpt lat="43.783901" lon="-123.941833">
        <ele>21.0</ele>
        <time>2023-06-10T21:35:26Z</time>
      </trkpt>
      <trkpt lat="43.784061" lon="-123.941391">
        <ele>20.7</ele>
        <time>2023-06-10T21:35:32Z</time>
      </trkpt>
      <trkpt lat="43.784233" lon="-123.940674">
        <ele>20.2</ele>
        <time>2023-06-10T21:35:41Z</time>
      </trkpt>
      <trkpt lat="43.78427" lon="-123.940414">
        <ele>20.2</ele>
        <time>2023-06-10T21:35:44Z</time>
      </trkpt>
      <trkpt lat="43.784306" lon="-123.939812">
        <ele>19.7</ele>
        <time>2023-06-10T21:35:51Z</time>
      </trkpt>
      <trkpt lat="43.784264" lon="-123.939049">
        <ele>19.2</ele>
        <time>2023-06-10T21:36:00Z</time>
      </trkpt>
      <trkpt lat="43.784252" lon="-123.938164">
        <ele>19.7</ele>
        <time>2023-06-10T21:36:13Z</time>
      </trkpt>
      <trkpt lat="43.784355" lon="-123.936417">
        <ele>26.6</ele>
        <time>2023-06-10T21:36:50Z</time>
      </trkpt>
      <trkpt lat="43.78442" lon="-123.936234">
        <ele>27.7</ele>
        <time>2023-06-10T21:36:55Z</time>
      </trkpt>
      <trkpt lat="43.784607" lon="-123.934669">
        <ele>32.7</ele>
        <time>2023-06-10T21:37:28Z</time>
      </trkpt>
      <trkpt lat="43.78474" lon="-123.933792">
        <ele>32.6</ele>
        <time>2023-06-10T21:37:41Z</time>
      </trkpt>
      <trkpt lat="43.78487" lon="-123.933258">
        <ele>31.6</ele>
        <time>2023-06-10T21:37:47Z</time>
      </trkpt>
      <trkpt lat="43.785908" lon="-123.930038">
        <ele>23.6</ele>
        <time>2023-06-10T21:38:16Z</time>
      </trkpt>
      <trkpt lat="43.786186" lon="-123.929054">
        <ele>22.7</ele>
        <time>2023-06-10T21:38:27Z</time>
      </trkpt>
      <trkpt lat="43.786533" lon="-123.927917">
        <ele>23.0</ele>
        <time>2023-06-10T21:38:42Z</time>
      </trkpt>
      <trkpt lat="43.786751" lon="-123.927597">
        <ele>24.2</ele>
        <time>2023-06-10T21:38:49Z</time>
      </trkpt>
      <trkpt lat="43.787059" lon="-123.927292">
        <ele>27.0</ele>
        <time>2023-06-10T21:39:00Z</time>
      </trkpt>
      <trkpt lat="43.78717" lon="-123.927208">
        <ele>28.2</ele>
        <time>2023-06-10T21:39:04Z</time>
      </trkpt>
      <trkpt lat="43.787277" lon="-123.92717">
        <ele>28.7</ele>
        <time>2023-06-10T21:39:08Z</time>
      </trkpt>
      <trkpt lat="43.787323" lon="-123.92717">
        <ele>29.3</ele>
        <time>2023-06-10T21:39:10Z</time>
      </trkpt>
      <trkpt lat="43.787394" lon="-123.927132">
        <ele>30.3</ele>
        <time>2023-06-10T21:39:14Z</time>
      </trkpt>
      <trkpt lat="43.787445" lon="-123.927078">
        <ele>31.7</ele>
        <time>2023-06-10T21:39:18Z</time>
      </trkpt>
      <trkpt lat="43.787571" lon="-123.927032">
        <ele>34.0</ele>
        <time>2023-06-10T21:39:25Z</time>
      </trkpt>
      <trkpt lat="43.787605" lon="-123.926949">
        <ele>34.2</ele>
        <time>2023-06-10T21:51:50Z</time>
      </trkpt>
      <trkpt lat="43.787605" lon="-123.926994">
        <ele>34.2</ele>
        <time>2023-06-10T21:51:52Z</time>
      </trkpt>
      <trkpt lat="43.787666" lon="-123.927216">
        <ele>34.2</ele>
        <time>2023-06-10T21:51:57Z</time>
      </trkpt>
      <trkpt lat="43.787757" lon="-123.927368">
        <ele>33.7</ele>
        <time>2023-06-10T21:52:02Z</time>
      </trkpt>
      <trkpt lat="43.788013" lon="-123.927406">
        <ele>34.7</ele>
        <time>2023-06-10T21:52:13Z</time>
      </trkpt>
      <trkpt lat="43.788383" lon="-123.927406">
        <ele>38.0</ele>
        <time>2023-06-10T21:52:29Z</time>
      </trkpt>
      <trkpt lat="43.788509" lon="-123.927437">
        <ele>38.7</ele>
        <time>2023-06-10T21:52:35Z</time>
      </trkpt>
      <trkpt lat="43.788651" lon="-123.927444">
        <ele>40.2</ele>
        <time>2023-06-10T21:52:41Z</time>
      </trkpt>
      <trkpt lat="43.788956" lon="-123.927391">
        <ele>42.6</ele>
        <time>2023-06-10T21:52:53Z</time>
      </trkpt>
      <trkpt lat="43.789104" lon="-123.927269">
        <ele>43.7</ele>
        <time>2023-06-10T21:53:00Z</time>
      </trkpt>
      <trkpt lat="43.789261" lon="-123.927086">
        <ele>44.7</ele>
        <time>2023-06-10T21:53:08Z</time>
      </trkpt>
      <trkpt lat="43.789349" lon="-123.926888">
        <ele>45.6</ele>
        <time>2023-06-10T21:53:15Z</time>
      </trkpt>
      <trkpt lat="43.789402" lon="-123.926682">
        <ele>46.6</ele>
        <time>2023-06-10T21:53:22Z</time>
      </trkpt>
      <trkpt lat="43.789421" lon="-123.926216">
        <ele>49.3</ele>
        <time>2023-06-10T21:53:37Z</time>
      </trkpt>
      <trkpt lat="43.789409" lon="-123.925987">
        <ele>50.6</ele>
        <time>2023-06-10T21:53:44Z</time>
      </trkpt>
      <trkpt lat="43.789436" lon="-123.925858">
        <ele>51.2</ele>
        <time>2023-06-10T21:53:48Z</time>
      </trkpt>
      <trkpt lat="43.789421" lon="-123.92572">
        <ele>52.0</ele>
        <time>2023-06-10T21:53:52Z</time>
      </trkpt>
      <trkpt lat="43.78944" lon="-123.925415">
        <ele>53.6</ele>
        <time>2023-06-10T21:54:00Z</time>
      </trkpt>
      <trkpt lat="43.789349" lon="-123.92485">
        <ele>56.3</ele>
        <time>2023-06-10T21:54:18Z</time>
      </trkpt>
      <trkpt lat="43.789284" lon="-123.924622">
        <ele>57.7</ele>
        <time>2023-06-10T21:54:26Z</time>
      </trkpt>
      <trkpt lat="43.789195" lon="-123.924377">
        <ele>59.2</ele>
        <time>2023-06-10T21:54:35Z</time>
      </trkpt>
      <trkpt lat="43.789108" lon="-123.92421">
        <ele>60.0</ele>
        <time>2023-06-10T21:54:40Z</time>
      </trkpt>
      <trkpt lat="43.788868" lon="-123.923492">
        <ele>63.6</ele>
        <time>2023-06-10T21:55:03Z</time>
      </trkpt>
      <trkpt lat="43.788834" lon="-123.923294">
        <ele>64.6</ele>
        <time>2023-06-10T21:55:10Z</time>
      </trkpt>
      <trkpt lat="43.788677" lon="-123.922974">
        <ele>67.0</ele>
        <time>2023-06-10T21:55:23Z</time>
      </trkpt>
      <trkpt lat="43.788612" lon="-123.922882">
        <ele>67.7</ele>
        <time>2023-06-10T21:55:27Z</time>
      </trkpt>
      <trkpt lat="43.788548" lon="-123.922852">
        <ele>68.2</ele>
        <time>2023-06-10T21:55:30Z</time>
      </trkpt>
      <trkpt lat="43.788181" lon="-123.922745">
        <ele>70.3</ele>
        <time>2023-06-10T21:55:45Z</time>
      </trkpt>
      <trkpt lat="43.787964" lon="-123.922745">
        <ele>72.3</ele>
        <time>2023-06-10T21:55:54Z</time>
      </trkpt>
      <trkpt lat="43.787918" lon="-123.922729">
        <ele>72.6</ele>
        <time>2023-06-10T21:55:56Z</time>
      </trkpt>
      <trkpt lat="43.78767" lon="-123.922585">
        <ele>74.2</ele>
        <time>2023-06-10T21:56:06Z</time>
      </trkpt>
      <trkpt lat="43.787571" lon="-123.922501">
        <ele>74.7</ele>
        <time>2023-06-10T21:56:10Z</time>
      </trkpt>
      <trkpt lat="43.787342" lon="-123.922394">
        <ele>75.6</ele>
        <time>2023-06-10T21:56:18Z</time>
      </trkpt>
      <trkpt lat="43.787155" lon="-123.922348">
        <ele>77.0</ele>
        <time>2023-06-10T21:56:25Z</time>
      </trkpt>
      <trkpt lat="43.787083" lon="-123.922302">
        <ele>77.2</ele>
        <time>2023-06-10T21:56:28Z</time>
      </trkpt>
      <trkpt lat="43.787033" lon="-123.922241">
        <ele>77.3</ele>
        <time>2023-06-10T21:56:30Z</time>
      </trkpt>
      <trkpt lat="43.786709" lon="-123.922073">
        <ele>78.6</ele>
        <time>2023-06-10T21:56:41Z</time>
      </trkpt>
      <trkpt lat="43.786526" lon="-123.921959">
        <ele>79.6</ele>
        <time>2023-06-10T21:56:48Z</time>
      </trkpt>
      <trkpt lat="43.786335" lon="-123.921883">
        <ele>80.3</ele>
        <time>2023-06-10T21:56:55Z</time>
      </trkpt>
      <trkpt lat="43.786098" lon="-123.92173">
        <ele>81.0</ele>
        <time>2023-06-10T21:57:03Z</time>
      </trkpt>
      <trkpt lat="43.785984" lon="-123.921631">
        <ele>81.7</ele>
        <time>2023-06-10T21:57:07Z</time>
      </trkpt>
      <trkpt lat="43.785934" lon="-123.921524">
        <ele>82.2</ele>
        <time>2023-06-10T21:57:10Z</time>
      </trkpt>
      <trkpt lat="43.785866" lon="-123.921227">
        <ele>83.2</ele>
        <time>2023-06-10T21:57:16Z</time>
      </trkpt>
      <trkpt lat="43.785854" lon="-123.921066">
        <ele>84.0</ele>
        <time>2023-06-10T21:57:19Z</time>
      </trkpt>
      <trkpt lat="43.785866" lon="-123.920937">
        <ele>84.2</ele>
        <time>2023-06-10T21:57:21Z</time>
      </trkpt>
      <trkpt lat="43.785877" lon="-123.920868">
        <ele>84.2</ele>
        <time>2023-06-10T21:57:22Z</time>
      </trkpt>
      <trkpt lat="43.785938" lon="-123.920769">
        <ele>84.2</ele>
        <time>2023-06-10T21:57:24Z</time>
      </trkpt>
      <trkpt lat="43.786152" lon="-123.920547">
        <ele>84.2</ele>
        <time>2023-06-10T21:57:29Z</time>
      </trkpt>
      <trkpt lat="43.7864" lon="-123.920326">
        <ele>84.0</ele>
        <time>2023-06-10T21:57:34Z</time>
      </trkpt>
      <trkpt lat="43.786544" lon="-123.920044">
        <ele>83.3</ele>
        <time>2023-06-10T21:57:38Z</time>
      </trkpt>
      <trkpt lat="43.786594" lon="-123.919975">
        <ele>83.2</ele>
        <time>2023-06-10T21:57:39Z</time>
      </trkpt>
      <trkpt lat="43.787022" lon="-123.919533">
        <ele>81.6</ele>
        <time>2023-06-10T21:57:46Z</time>
      </trkpt>
      <trkpt lat="43.787075" lon="-123.919441">
        <ele>81.3</ele>
        <time>2023-06-10T21:57:47Z</time>
      </trkpt>
      <trkpt lat="43.787151" lon="-123.919212">
        <ele>80.7</ele>
        <time>2023-06-10T21:57:49Z</time>
      </trkpt>
      <trkpt lat="43.787231" lon="-123.918854">
        <ele>79.0</ele>
        <time>2023-06-10T21:57:52Z</time>
      </trkpt>
      <trkpt lat="43.787434" lon="-123.918236">
        <ele>77.0</ele>
        <time>2023-06-10T21:57:57Z</time>
      </trkpt>
      <trkpt lat="43.787624" lon="-123.917282">
        <ele>73.0</ele>
        <time>2023-06-10T21:58:04Z</time>
      </trkpt>
      <trkpt lat="43.787735" lon="-123.916428">
        <ele>69.0</ele>
        <time>2023-06-10T21:58:10Z</time>
      </trkpt>
      <trkpt lat="43.78788" lon="-123.915543">
        <ele>64.7</ele>
        <time>2023-06-10T21:58:16Z</time>
      </trkpt>
      <trkpt lat="43.78788" lon="-123.915245">
        <ele>63.6</ele>
        <time>2023-06-10T21:58:18Z</time>
      </trkpt>
      <trkpt lat="43.787864" lon="-123.9151">
        <ele>62.7</ele>
        <time>2023-06-10T21:58:19Z</time>
      </trkpt>
      <trkpt lat="43.787315" lon="-123.912567">
        <ele>52.7</ele>
        <time>2023-06-10T21:58:36Z</time>
      </trkpt>
      <trkpt lat="43.787182" lon="-123.91214">
        <ele>50.6</ele>
        <time>2023-06-10T21:58:39Z</time>
      </trkpt>
      <trkpt lat="43.78709" lon="-123.911903">
        <ele>49.3</ele>
        <time>2023-06-10T21:58:41Z</time>
      </trkpt>
      <trkpt lat="43.786957" lon="-123.911636">
        <ele>47.7</ele>
        <time>2023-06-10T21:58:43Z</time>
      </trkpt>
      <trkpt lat="43.786625" lon="-123.911064">
        <ele>44.3</ele>
        <time>2023-06-10T21:58:48Z</time>
      </trkpt>
      <trkpt lat="43.786381" lon="-123.910751">
        <ele>42.6</ele>
        <time>2023-06-10T21:58:51Z</time>
      </trkpt>
      <trkpt lat="43.785618" lon="-123.910179">
        <ele>37.7</ele>
        <time>2023-06-10T21:58:59Z</time>
      </trkpt>
      <trkpt lat="43.785412" lon="-123.910065">
        <ele>36.0</ele>
        <time>2023-06-10T21:59:01Z</time>
      </trkpt>
      <trkpt lat="43.785061" lon="-123.90992">
        <ele>33.6</ele>
        <time>2023-06-10T21:59:05Z</time>
      </trkpt>
      <trkpt lat="43.784771" lon="-123.909836">
        <ele>32.3</ele>
        <time>2023-06-10T21:59:08Z</time>
      </trkpt>
      <trkpt lat="43.784267" lon="-123.90979">
        <ele>31.6</ele>
        <time>2023-06-10T21:59:13Z</time>
      </trkpt>
      <trkpt lat="43.783844" lon="-123.90979">
        <ele>30.7</ele>
        <time>2023-06-10T21:59:18Z</time>
      </trkpt>
      <trkpt lat="43.783405" lon="-123.909874">
        <ele>30.3</ele>
        <time>2023-06-10T21:59:23Z</time>
      </trkpt>
      <trkpt lat="43.78302" lon="-123.909973">
        <ele>30.3</ele>
        <time>2023-06-10T21:59:28Z</time>
      </trkpt>
      <trkpt lat="43.782597" lon="-123.910156">
        <ele>30.3</ele>
        <time>2023-06-10T21:59:34Z</time>
      </trkpt>
      <trkpt lat="43.782017" lon="-123.910355">
        <ele>30.3</ele>
        <time>2023-06-10T21:59:42Z</time>
      </trkpt>
      <trkpt lat="43.780994" lon="-123.910843">
        <ele>30.7</ele>
        <time>2023-06-10T21:59:58Z</time>
      </trkpt>
      <trkpt lat="43.780628" lon="-123.911041">
        <ele>31.0</ele>
        <time>2023-06-10T22:00:04Z</time>
      </trkpt>
      <trkpt lat="43.780254" lon="-123.911201">
        <ele>31.0</ele>
        <time>2023-06-10T22:00:10Z</time>
      </trkpt>
      <trkpt lat="43.780018" lon="-123.911346">
        <ele>30.7</ele>
        <time>2023-06-10T22:00:14Z</time>
      </trkpt>
      <trkpt lat="43.779621" lon="-123.911537">
        <ele>30.7</ele>
        <time>2023-06-10T22:00:21Z</time>
      </trkpt>
      <trkpt lat="43.779343" lon="-123.91172">
        <ele>30.7</ele>
        <time>2023-06-10T22:00:26Z</time>
      </trkpt>
      <trkpt lat="43.778923" lon="-123.911835">
        <ele>30.7</ele>
        <time>2023-06-10T22:00:34Z</time>
      </trkpt>
      <trkpt lat="43.778801" lon="-123.911858">
        <ele>30.7</ele>
        <time>2023-06-10T22:00:37Z</time>
      </trkpt>
      <trkpt lat="43.778698" lon="-123.911858">
        <ele>30.7</ele>
        <time>2023-06-10T22:00:39Z</time>
      </trkpt>
      <trkpt lat="43.778542" lon="-123.911842">
        <ele>30.6</ele>
        <time>2023-06-10T22:00:42Z</time>
      </trkpt>
      <trkpt lat="43.778278" lon="-123.911781">
        <ele>30.6</ele>
        <time>2023-06-10T22:00:47Z</time>
      </trkpt>
      <trkpt lat="43.777744" lon="-123.911461">
        <ele>30.2</ele>
        <time>2023-06-10T22:00:57Z</time>
      </trkpt>
      <trkpt lat="43.776573" lon="-123.9105">
        <ele>28.2</ele>
        <time>2023-06-10T22:01:15Z</time>
      </trkpt>
      <trkpt lat="43.776279" lon="-123.910187">
        <ele>27.0</ele>
        <time>2023-06-10T22:01:19Z</time>
      </trkpt>
      <trkpt lat="43.775917" lon="-123.909706">
        <ele>24.7</ele>
        <time>2023-06-10T22:01:24Z</time>
      </trkpt>
      <trkpt lat="43.775512" lon="-123.909103">
        <ele>22.6</ele>
        <time>2023-06-10T22:01:30Z</time>
      </trkpt>
      <trkpt lat="43.775082" lon="-123.908325">
        <ele>19.7</ele>
        <time>2023-06-10T22:01:38Z</time>
      </trkpt>
      <trkpt lat="43.774986" lon="-123.908134">
        <ele>19.6</ele>
        <time>2023-06-10T22:01:40Z</time>
      </trkpt>
      <trkpt lat="43.774792" lon="-123.907547">
        <ele>19.6</ele>
        <time>2023-06-10T22:01:46Z</time>
      </trkpt>
      <trkpt lat="43.774696" lon="-123.907104">
        <ele>20.0</ele>
        <time>2023-06-10T22:01:51Z</time>
      </trkpt>
      <trkpt lat="43.774639" lon="-123.906578">
        <ele>22.0</ele>
        <time>2023-06-10T22:01:58Z</time>
      </trkpt>
      <trkpt lat="43.774635" lon="-123.905769">
        <ele>25.0</ele>
        <time>2023-06-10T22:02:10Z</time>
      </trkpt>
      <trkpt lat="43.774715" lon="-123.905014">
        <ele>26.3</ele>
        <time>2023-06-10T22:02:21Z</time>
      </trkpt>
      <trkpt lat="43.774859" lon="-123.90435">
        <ele>26.6</ele>
        <time>2023-06-10T22:02:30Z</time>
      </trkpt>
      <trkpt lat="43.774948" lon="-123.90406">
        <ele>26.7</ele>
        <time>2023-06-10T22:02:34Z</time>
      </trkpt>
      <trkpt lat="43.775173" lon="-123.903496">
        <ele>27.0</ele>
        <time>2023-06-10T22:02:42Z</time>
      </trkpt>
      <trkpt lat="43.775486" lon="-123.902901">
        <ele>27.0</ele>
        <time>2023-06-10T22:02:51Z</time>
      </trkpt>
      <trkpt lat="43.775723" lon="-123.902542">
        <ele>27.0</ele>
        <time>2023-06-10T22:02:57Z</time>
      </trkpt>
      <trkpt lat="43.775772" lon="-123.902481">
        <ele>27.0</ele>
        <time>2023-06-10T22:02:58Z</time>
      </trkpt>
      <trkpt lat="43.776096" lon="-123.90226">
        <ele>27.0</ele>
        <time>2023-06-10T22:03:04Z</time>
      </trkpt>
      <trkpt lat="43.77639" lon="-123.902222">
        <ele>27.2</ele>
        <time>2023-06-10T22:03:09Z</time>
      </trkpt>
      <trkpt lat="43.776569" lon="-123.902275">
        <ele>27.3</ele>
        <time>2023-06-10T22:03:12Z</time>
      </trkpt>
      <trkpt lat="43.77668" lon="-123.902336">
        <ele>27.3</ele>
        <time>2023-06-10T22:03:14Z</time>
      </trkpt>
      <trkpt lat="43.776932" lon="-123.902588">
        <ele>28.2</ele>
        <time>2023-06-10T22:03:19Z</time>
      </trkpt>
      <trkpt lat="43.777115" lon="-123.90284">
        <ele>28.3</ele>
        <time>2023-06-10T22:03:23Z</time>
      </trkpt>
      <trkpt lat="43.777634" lon="-123.903442">
        <ele>28.2</ele>
        <time>2023-06-10T22:03:33Z</time>
      </trkpt>
      <trkpt lat="43.778175" lon="-123.903969">
        <ele>27.7</ele>
        <time>2023-06-10T22:03:42Z</time>
      </trkpt>
      <trkpt lat="43.778381" lon="-123.904205">
        <ele>27.6</ele>
        <time>2023-06-10T22:03:46Z</time>
      </trkpt>
      <trkpt lat="43.778759" lon="-123.904488">
        <ele>27.0</ele>
        <time>2023-06-10T22:03:52Z</time>
      </trkpt>
      <trkpt lat="43.779018" lon="-123.904602">
        <ele>26.7</ele>
        <time>2023-06-10T22:03:56Z</time>
      </trkpt>
      <trkpt lat="43.779354" lon="-123.904709">
        <ele>26.6</ele>
        <time>2023-06-10T22:04:01Z</time>
      </trkpt>
      <trkpt lat="43.779579" lon="-123.904724">
        <ele>26.6</ele>
        <time>2023-06-10T22:04:05Z</time>
      </trkpt>
      <trkpt lat="43.779984" lon="-123.904686">
        <ele>27.0</ele>
        <time>2023-06-10T22:04:12Z</time>
      </trkpt>
      <trkpt lat="43.780281" lon="-123.904579">
        <ele>27.6</ele>
        <time>2023-06-10T22:04:17Z</time>
      </trkpt>
      <trkpt lat="43.780563" lon="-123.904396">
        <ele>28.0</ele>
        <time>2023-06-10T22:04:22Z</time>
      </trkpt>
      <trkpt lat="43.78093" lon="-123.904106">
        <ele>28.3</ele>
        <time>2023-06-10T22:04:29Z</time>
      </trkpt>
      <trkpt lat="43.781116" lon="-123.903877">
        <ele>28.3</ele>
        <time>2023-06-10T22:04:33Z</time>
      </trkpt>
      <trkpt lat="43.781418" lon="-123.903458">
        <ele>28.0</ele>
        <time>2023-06-10T22:04:40Z</time>
      </trkpt>
      <trkpt lat="43.782112" lon="-123.90242">
        <ele>26.6</ele>
        <time>2023-06-10T22:04:55Z</time>
      </trkpt>
      <trkpt lat="43.782356" lon="-123.901863">
        <ele>26.0</ele>
        <time>2023-06-10T22:05:02Z</time>
      </trkpt>
      <trkpt lat="43.782436" lon="-123.901596">
        <ele>25.6</ele>
        <time>2023-06-10T22:05:05Z</time>
      </trkpt>
      <trkpt lat="43.782497" lon="-123.901337">
        <ele>25.3</ele>
        <time>2023-06-10T22:05:08Z</time>
      </trkpt>
      <trkpt lat="43.782604" lon="-123.900581">
        <ele>24.6</ele>
        <time>2023-06-10T22:05:17Z</time>
      </trkpt>
      <trkpt lat="43.782539" lon="-123.899612">
        <ele>23.7</ele>
        <time>2023-06-10T22:05:29Z</time>
      </trkpt>
      <trkpt lat="43.78241" lon="-123.898315">
        <ele>24.2</ele>
        <time>2023-06-10T22:05:46Z</time>
      </trkpt>
      <trkpt lat="43.782265" lon="-123.896576">
        <ele>25.2</ele>
        <time>2023-06-10T22:06:09Z</time>
      </trkpt>
      <trkpt lat="43.782246" lon="-123.896141">
        <ele>26.0</ele>
        <time>2023-06-10T22:06:15Z</time>
      </trkpt>
      <trkpt lat="43.782238" lon="-123.895844">
        <ele>26.3</ele>
        <time>2023-06-10T22:06:19Z</time>
      </trkpt>
      <trkpt lat="43.782253" lon="-123.895439">
        <ele>26.7</ele>
        <time>2023-06-10T22:06:24Z</time>
      </trkpt>
      <trkpt lat="43.782307" lon="-123.894928">
        <ele>27.0</ele>
        <time>2023-06-10T22:06:30Z</time>
      </trkpt>
      <trkpt lat="43.782387" lon="-123.894455">
        <ele>27.0</ele>
        <time>2023-06-10T22:06:36Z</time>
      </trkpt>
      <trkpt lat="43.782604" lon="-123.893524">
        <ele>27.2</ele>
        <time>2023-06-10T22:06:47Z</time>
      </trkpt>
      <trkpt lat="43.782898" lon="-123.892799">
        <ele>27.2</ele>
        <time>2023-06-10T22:06:56Z</time>
      </trkpt>
      <trkpt lat="43.783592" lon="-123.891327">
        <ele>27.0</ele>
        <time>2023-06-10T22:07:15Z</time>
      </trkpt>
      <trkpt lat="43.783684" lon="-123.891159">
        <ele>26.7</ele>
        <time>2023-06-10T22:07:17Z</time>
      </trkpt>
      <trkpt lat="43.783817" lon="-123.890968">
        <ele>26.7</ele>
        <time>2023-06-10T22:07:20Z</time>
      </trkpt>
      <trkpt lat="43.784142" lon="-123.890579">
        <ele>26.6</ele>
        <time>2023-06-10T22:07:26Z</time>
      </trkpt>
      <trkpt lat="43.784599" lon="-123.890274">
        <ele>26.2</ele>
        <time>2023-06-10T22:07:33Z</time>
      </trkpt>
      <trkpt lat="43.784737" lon="-123.890213">
        <ele>26.2</ele>
        <time>2023-06-10T22:07:35Z</time>
      </trkpt>
      <trkpt lat="43.785603" lon="-123.889954">
        <ele>26.2</ele>
        <time>2023-06-10T22:07:48Z</time>
      </trkpt>
      <trkpt lat="43.786209" lon="-123.889862">
        <ele>26.3</ele>
        <time>2023-06-10T22:07:57Z</time>
      </trkpt>
      <trkpt lat="43.786812" lon="-123.889877">
        <ele>26.3</ele>
        <time>2023-06-10T22:08:06Z</time>
      </trkpt>
      <trkpt lat="43.786942" lon="-123.889893">
        <ele>26.3</ele>
        <time>2023-06-10T22:08:08Z</time>
      </trkpt>
      <trkpt lat="43.787735" lon="-123.890045">
        <ele>26.7</ele>
        <time>2023-06-10T22:08:21Z</time>
      </trkpt>
      <trkpt lat="43.788147" lon="-123.890198">
        <ele>27.2</ele>
        <time>2023-06-10T22:08:28Z</time>
      </trkpt>
      <trkpt lat="43.78907" lon="-123.890472">
        <ele>28.2</ele>
        <time>2023-06-10T22:08:44Z</time>
      </trkpt>
      <trkpt lat="43.789989" lon="-123.890808">
        <ele>28.7</ele>
        <time>2023-06-10T22:09:00Z</time>
      </trkpt>
      <trkpt lat="43.790764" lon="-123.89119">
        <ele>29.0</ele>
        <time>2023-06-10T22:09:13Z</time>
      </trkpt>
      <trkpt lat="43.791264" lon="-123.891479">
        <ele>28.6</ele>
        <time>2023-06-10T22:09:21Z</time>
      </trkpt>
      <trkpt lat="43.791438" lon="-123.891533">
        <ele>28.6</ele>
        <time>2023-06-10T22:09:24Z</time>
      </trkpt>
      <trkpt lat="43.792122" lon="-123.891922">
        <ele>28.3</ele>
        <time>2023-06-10T22:09:36Z</time>
      </trkpt>
      <trkpt lat="43.792694" lon="-123.89222">
        <ele>28.2</ele>
        <time>2023-06-10T22:09:46Z</time>
      </trkpt>
      <trkpt lat="43.793166" lon="-123.892342">
        <ele>28.6</ele>
        <time>2023-06-10T22:09:54Z</time>
      </trkpt>
      <trkpt lat="43.793648" lon="-123.892357">
        <ele>29.0</ele>
        <time>2023-06-10T22:10:02Z</time>
      </trkpt>
      <trkpt lat="43.794361" lon="-123.892235">
        <ele>29.2</ele>
        <time>2023-06-10T22:10:14Z</time>
      </trkpt>
      <trkpt lat="43.794666" lon="-123.892159">
        <ele>29.3</ele>
        <time>2023-06-10T22:10:20Z</time>
      </trkpt>
      <trkpt lat="43.794952" lon="-123.892128">
        <ele>29.6</ele>
        <time>2023-06-10T22:10:25Z</time>
      </trkpt>
      <trkpt lat="43.795315" lon="-123.892021">
        <ele>29.6</ele>
        <time>2023-06-10T22:10:31Z</time>
      </trkpt>
      <trkpt lat="43.795528" lon="-123.891937">
        <ele>29.7</ele>
        <time>2023-06-10T22:10:35Z</time>
      </trkpt>
      <trkpt lat="43.795738" lon="-123.891823">
        <ele>30.0</ele>
        <time>2023-06-10T22:10:39Z</time>
      </trkpt>
      <trkpt lat="43.796" lon="-123.891571">
        <ele>30.0</ele>
        <time>2023-06-10T22:10:44Z</time>
      </trkpt>
      <trkpt lat="43.796214" lon="-123.891266">
        <ele>30.0</ele>
        <time>2023-06-10T22:10:49Z</time>
      </trkpt>
      <trkpt lat="43.796673" lon="-123.890335">
        <ele>29.2</ele>
        <time>2023-06-10T22:11:02Z</time>
      </trkpt>
      <trkpt lat="43.797066" lon="-123.889626">
        <ele>29.2</ele>
        <time>2023-06-10T22:11:13Z</time>
      </trkpt>
      <trkpt lat="43.797421" lon="-123.888725">
        <ele>30.2</ele>
        <time>2023-06-10T22:11:27Z</time>
      </trkpt>
      <trkpt lat="43.797531" lon="-123.888206">
        <ele>30.3</ele>
        <time>2023-06-10T22:11:35Z</time>
      </trkpt>
      <trkpt lat="43.797581" lon="-123.887672">
        <ele>30.3</ele>
        <time>2023-06-10T22:11:42Z</time>
      </trkpt>
      <trkpt lat="43.797581" lon="-123.887039">
        <ele>30.6</ele>
        <time>2023-06-10T22:11:50Z</time>
      </trkpt>
      <trkpt lat="43.797535" lon="-123.886414">
        <ele>30.7</ele>
        <time>2023-06-10T22:11:57Z</time>
      </trkpt>
      <trkpt lat="43.79752" lon="-123.885895">
        <ele>31.0</ele>
        <time>2023-06-10T22:12:03Z</time>
      </trkpt>
      <trkpt lat="43.797451" lon="-123.885307">
        <ele>30.7</ele>
        <time>2023-06-10T22:12:10Z</time>
      </trkpt>
      <trkpt lat="43.797356" lon="-123.884941">
        <ele>30.6</ele>
        <time>2023-06-10T22:12:14Z</time>
      </trkpt>
      <trkpt lat="43.797318" lon="-123.88485">
        <ele>30.3</ele>
        <time>2023-06-10T22:12:15Z</time>
      </trkpt>
      <trkpt lat="43.797192" lon="-123.884605">
        <ele>30.0</ele>
        <time>2023-06-10T22:12:18Z</time>
      </trkpt>
      <trkpt lat="43.796963" lon="-123.884285">
        <ele>29.2</ele>
        <time>2023-06-10T22:12:23Z</time>
      </trkpt>
      <trkpt lat="43.796558" lon="-123.883949">
        <ele>28.6</ele>
        <time>2023-06-10T22:12:30Z</time>
      </trkpt>
      <trkpt lat="43.796138" lon="-123.88372">
        <ele>28.2</ele>
        <time>2023-06-10T22:12:37Z</time>
      </trkpt>
      <trkpt lat="43.795742" lon="-123.88353">
        <ele>27.3</ele>
        <time>2023-06-10T22:12:44Z</time>
      </trkpt>
      <trkpt lat="43.795372" lon="-123.883392">
        <ele>26.3</ele>
        <time>2023-06-10T22:12:51Z</time>
      </trkpt>
      <trkpt lat="43.794315" lon="-123.882896">
        <ele>25.2</ele>
        <time>2023-06-10T22:13:12Z</time>
      </trkpt>
      <trkpt lat="43.793255" lon="-123.882553">
        <ele>26.3</ele>
        <time>2023-06-10T22:13:33Z</time>
      </trkpt>
      <trkpt lat="43.793125" lon="-123.882523">
        <ele>26.6</ele>
        <time>2023-06-10T22:13:36Z</time>
      </trkpt>
      <trkpt lat="43.793045" lon="-123.882523">
        <ele>27.0</ele>
        <time>2023-06-10T22:13:38Z</time>
      </trkpt>
      <trkpt lat="43.792896" lon="-123.882469">
        <ele>27.6</ele>
        <time>2023-06-10T22:13:42Z</time>
      </trkpt>
      <trkpt lat="43.792011" lon="-123.882103">
        <ele>33.0</ele>
        <time>2023-06-10T22:14:06Z</time>
      </trkpt>
      <trkpt lat="43.791557" lon="-123.881935">
        <ele>35.2</ele>
        <time>2023-06-10T22:14:19Z</time>
      </trkpt>
      <trkpt lat="43.791328" lon="-123.881805">
        <ele>36.3</ele>
        <time>2023-06-10T22:14:26Z</time>
      </trkpt>
      <trkpt lat="43.791145" lon="-123.881775">
        <ele>37.2</ele>
        <time>2023-06-10T22:14:31Z</time>
      </trkpt>
      <trkpt lat="43.790745" lon="-123.881599">
        <ele>37.7</ele>
        <time>2023-06-10T22:14:42Z</time>
      </trkpt>
      <trkpt lat="43.790301" lon="-123.881439">
        <ele>39.2</ele>
        <time>2023-06-10T22:14:54Z</time>
      </trkpt>
      <trkpt lat="43.789623" lon="-123.881157">
        <ele>40.2</ele>
        <time>2023-06-10T22:15:09Z</time>
      </trkpt>
      <trkpt lat="43.789482" lon="-123.881126">
        <ele>40.3</ele>
        <time>2023-06-10T22:15:12Z</time>
      </trkpt>
      <trkpt lat="43.789104" lon="-123.881004">
        <ele>40.3</ele>
        <time>2023-06-10T22:15:20Z</time>
      </trkpt>
      <trkpt lat="43.787922" lon="-123.880463">
        <ele>39.3</ele>
        <time>2023-06-10T22:15:40Z</time>
      </trkpt>
      <trkpt lat="43.787479" lon="-123.880112">
        <ele>38.2</ele>
        <time>2023-06-10T22:15:47Z</time>
      </trkpt>
      <trkpt lat="43.787354" lon="-123.87999">
        <ele>37.7</ele>
        <time>2023-06-10T22:15:49Z</time>
      </trkpt>
      <trkpt lat="43.787189" lon="-123.879761">
        <ele>36.7</ele>
        <time>2023-06-10T22:15:52Z</time>
      </trkpt>
      <trkpt lat="43.786926" lon="-123.879303">
        <ele>35.6</ele>
        <time>2023-06-10T22:15:57Z</time>
      </trkpt>
      <trkpt lat="43.786766" lon="-123.878883">
        <ele>35.2</ele>
        <time>2023-06-10T22:16:01Z</time>
      </trkpt>
      <trkpt lat="43.786625" lon="-123.878365">
        <ele>33.3</ele>
        <time>2023-06-10T22:16:06Z</time>
      </trkpt>
      <trkpt lat="43.786568" lon="-123.878052">
        <ele>32.0</ele>
        <time>2023-06-10T22:16:09Z</time>
      </trkpt>
      <trkpt lat="43.786526" lon="-123.877655">
        <ele>30.7</ele>
        <time>2023-06-10T22:16:13Z</time>
      </trkpt>
      <trkpt lat="43.78656" lon="-123.877007">
        <ele>29.7</ele>
        <time>2023-06-10T22:16:19Z</time>
      </trkpt>
      <trkpt lat="43.786686" lon="-123.876137">
        <ele>28.7</ele>
        <time>2023-06-10T22:16:28Z</time>
      </trkpt>
      <trkpt lat="43.786964" lon="-123.874771">
        <ele>28.0</ele>
        <time>2023-06-10T22:16:43Z</time>
      </trkpt>
      <trkpt lat="43.787109" lon="-123.874207">
        <ele>27.7</ele>
        <time>2023-06-10T22:16:49Z</time>
      </trkpt>
      <trkpt lat="43.787361" lon="-123.873337">
        <ele>28.0</ele>
        <time>2023-06-10T22:16:59Z</time>
      </trkpt>
      <trkpt lat="43.787659" lon="-123.872444">
        <ele>28.2</ele>
        <time>2023-06-10T22:17:10Z</time>
      </trkpt>
      <trkpt lat="43.788109" lon="-123.870995">
        <ele>27.6</ele>
        <time>2023-06-10T22:17:27Z</time>
      </trkpt>
      <trkpt lat="43.788174" lon="-123.870842">
        <ele>27.6</ele>
        <time>2023-06-10T22:17:29Z</time>
      </trkpt>
      <trkpt lat="43.788345" lon="-123.870308">
        <ele>28.0</ele>
        <time>2023-06-10T22:17:36Z</time>
      </trkpt>
      <trkpt lat="43.788441" lon="-123.869919">
        <ele>28.3</ele>
        <time>2023-06-10T22:17:41Z</time>
      </trkpt>
      <trkpt lat="43.788612" lon="-123.869408">
        <ele>29.0</ele>
        <time>2023-06-10T22:17:48Z</time>
      </trkpt>
      <trkpt lat="43.78878" lon="-123.868835">
        <ele>29.2</ele>
        <time>2023-06-10T22:17:56Z</time>
      </trkpt>
      <trkpt lat="43.788894" lon="-123.868385">
        <ele>29.3</ele>
        <time>2023-06-10T22:18:02Z</time>
      </trkpt>
      <trkpt lat="43.789013" lon="-123.867706">
        <ele>29.6</ele>
        <time>2023-06-10T22:18:10Z</time>
      </trkpt>
      <trkpt lat="43.789051" lon="-123.867119">
        <ele>29.7</ele>
        <time>2023-06-10T22:18:17Z</time>
      </trkpt>
      <trkpt lat="43.78907" lon="-123.865974">
        <ele>29.6</ele>
        <time>2023-06-10T22:18:30Z</time>
      </trkpt>
      <trkpt lat="43.78897" lon="-123.863808">
        <ele>29.6</ele>
        <time>2023-06-10T22:18:56Z</time>
      </trkpt>
      <trkpt lat="43.789001" lon="-123.863464">
        <ele>30.0</ele>
        <time>2023-06-10T22:19:01Z</time>
      </trkpt>
      <trkpt lat="43.788986" lon="-123.863029">
        <ele>31.0</ele>
        <time>2023-06-10T22:19:07Z</time>
      </trkpt>
      <trkpt lat="43.789032" lon="-123.862343">
        <ele>31.6</ele>
        <time>2023-06-10T22:19:17Z</time>
      </trkpt>
      <trkpt lat="43.789021" lon="-123.861565">
        <ele>31.7</ele>
        <time>2023-06-10T22:19:27Z</time>
      </trkpt>
      <trkpt lat="43.78896" lon="-123.861">
        <ele>32.0</ele>
        <time>2023-06-10T22:19:34Z</time>
      </trkpt>
      <trkpt lat="43.788863" lon="-123.859695">
        <ele>33.3</ele>
        <time>2023-06-10T22:19:50Z</time>
      </trkpt>
      <trkpt lat="43.788685" lon="-123.85791">
        <ele>33.2</ele>
        <time>2023-06-10T22:20:11Z</time>
      </trkpt>
      <trkpt lat="43.788647" lon="-123.857277">
        <ele>33.0</ele>
        <time>2023-06-10T22:20:19Z</time>
      </trkpt>
      <trkpt lat="43.78862" lon="-123.8564">
        <ele>32.7</ele>
        <time>2023-06-10T22:20:29Z</time>
      </trkpt>
      <trkpt lat="43.788559" lon="-123.856133">
        <ele>32.7</ele>
        <time>2023-06-10T22:20:32Z</time>
      </trkpt>
      <trkpt lat="43.788502" lon="-123.855347">
        <ele>32.6</ele>
        <time>2023-06-10T22:20:41Z</time>
      </trkpt>
      <trkpt lat="43.788563" lon="-123.854721">
        <ele>32.3</ele>
        <time>2023-06-10T22:20:48Z</time>
      </trkpt>
      <trkpt lat="43.788708" lon="-123.854324">
        <ele>32.3</ele>
        <time>2023-06-10T22:20:53Z</time>
      </trkpt>
      <trkpt lat="43.788863" lon="-123.854027">
        <ele>32.6</ele>
        <time>2023-06-10T22:20:57Z</time>
      </trkpt>
      <trkpt lat="43.788948" lon="-123.853874">
        <ele>32.6</ele>
        <time>2023-06-10T22:20:59Z</time>
      </trkpt>
      <trkpt lat="43.7892" lon="-123.853546">
        <ele>32.6</ele>
        <time>2023-06-10T22:21:05Z</time>
      </trkpt>
      <trkpt lat="43.789421" lon="-123.853401">
        <ele>32.7</ele>
        <time>2023-06-10T22:21:09Z</time>
      </trkpt>
      <trkpt lat="43.789786" lon="-123.85331">
        <ele>33.2</ele>
        <time>2023-06-10T22:21:15Z</time>
      </trkpt>
      <trkpt lat="43.789986" lon="-123.853333">
        <ele>33.6</ele>
        <time>2023-06-10T22:21:18Z</time>
      </trkpt>
      <trkpt lat="43.790112" lon="-123.853371">
        <ele>33.6</ele>
        <time>2023-06-10T22:21:20Z</time>
      </trkpt>
      <trkpt lat="43.790531" lon="-123.853615">
        <ele>33.7</ele>
        <time>2023-06-10T22:21:27Z</time>
      </trkpt>
      <trkpt lat="43.79179" lon="-123.85463">
        <ele>33.7</ele>
        <time>2023-06-10T22:21:50Z</time>
      </trkpt>
      <trkpt lat="43.791953" lon="-123.854736">
        <ele>34.0</ele>
        <time>2023-06-10T22:21:53Z</time>
      </trkpt>
      <trkpt lat="43.792167" lon="-123.854843">
        <ele>34.0</ele>
        <time>2023-06-10T22:21:57Z</time>
      </trkpt>
      <trkpt lat="43.79245" lon="-123.854942">
        <ele>34.3</ele>
        <time>2023-06-10T22:22:02Z</time>
      </trkpt>
      <trkpt lat="43.792828" lon="-123.855019">
        <ele>34.6</ele>
        <time>2023-06-10T22:22:09Z</time>
      </trkpt>
      <trkpt lat="43.793056" lon="-123.855003">
        <ele>34.7</ele>
        <time>2023-06-10T22:22:13Z</time>
      </trkpt>
      <trkpt lat="43.793453" lon="-123.855026">
        <ele>35.0</ele>
        <time>2023-06-10T22:22:20Z</time>
      </trkpt>
      <trkpt lat="43.793777" lon="-123.85495">
        <ele>35.2</ele>
        <time>2023-06-10T22:22:26Z</time>
      </trkpt>
      <trkpt lat="43.793835" lon="-123.854919">
        <ele>35.2</ele>
        <time>2023-06-10T22:22:27Z</time>
      </trkpt>
      <trkpt lat="43.794144" lon="-123.854675">
        <ele>35.0</ele>
        <time>2023-06-10T22:22:33Z</time>
      </trkpt>
      <trkpt lat="43.794277" lon="-123.854515">
        <ele>35.0</ele>
        <time>2023-06-10T22:22:36Z</time>
      </trkpt>
      <trkpt lat="43.794514" lon="-123.854126">
        <ele>34.7</ele>
        <time>2023-06-10T22:22:42Z</time>
      </trkpt>
      <trkpt lat="43.794582" lon="-123.853966">
        <ele>34.6</ele>
        <time>2023-06-10T22:22:44Z</time>
      </trkpt>
      <trkpt lat="43.794635" lon="-123.853691">
        <ele>34.6</ele>
        <time>2023-06-10T22:22:47Z</time>
      </trkpt>
      <trkpt lat="43.794678" lon="-123.853409">
        <ele>34.6</ele>
        <time>2023-06-10T22:22:50Z</time>
      </trkpt>
      <trkpt lat="43.794689" lon="-123.852936">
        <ele>34.0</ele>
        <time>2023-06-10T22:22:55Z</time>
      </trkpt>
      <trkpt lat="43.794666" lon="-123.852592">
        <ele>33.7</ele>
        <time>2023-06-10T22:22:59Z</time>
      </trkpt>
      <trkpt lat="43.794605" lon="-123.852264">
        <ele>33.6</ele>
        <time>2023-06-10T22:23:03Z</time>
      </trkpt>
      <trkpt lat="43.794201" lon="-123.850876">
        <ele>34.0</ele>
        <time>2023-06-10T22:23:21Z</time>
      </trkpt>
      <trkpt lat="43.793907" lon="-123.850121">
        <ele>34.3</ele>
        <time>2023-06-10T22:23:31Z</time>
      </trkpt>
      <trkpt lat="43.793705" lon="-123.849541">
        <ele>34.2</ele>
        <time>2023-06-10T22:23:39Z</time>
      </trkpt>
      <trkpt lat="43.79343" lon="-123.848961">
        <ele>34.0</ele>
        <time>2023-06-10T22:23:47Z</time>
      </trkpt>
      <trkpt lat="43.792496" lon="-123.846634">
        <ele>34.0</ele>
        <time>2023-06-10T22:24:19Z</time>
      </trkpt>
      <trkpt lat="43.792309" lon="-123.845963">
        <ele>34.0</ele>
        <time>2023-06-10T22:24:27Z</time>
      </trkpt>
      <trkpt lat="43.792194" lon="-123.845276">
        <ele>34.2</ele>
        <time>2023-06-10T22:24:35Z</time>
      </trkpt>
      <trkpt lat="43.792145" lon="-123.844696">
        <ele>34.3</ele>
        <time>2023-06-10T22:24:42Z</time>
      </trkpt>
      <trkpt lat="43.792149" lon="-123.844154">
        <ele>34.6</ele>
        <time>2023-06-10T22:24:49Z</time>
      </trkpt>
      <trkpt lat="43.792179" lon="-123.843704">
        <ele>34.6</ele>
        <time>2023-06-10T22:24:55Z</time>
      </trkpt>
      <trkpt lat="43.792243" lon="-123.843262">
        <ele>34.6</ele>
        <time>2023-06-10T22:25:01Z</time>
      </trkpt>
      <trkpt lat="43.792599" lon="-123.841499">
        <ele>34.7</ele>
        <time>2023-06-10T22:25:24Z</time>
      </trkpt>
      <trkpt lat="43.792725" lon="-123.840942">
        <ele>35.2</ele>
        <time>2023-06-10T22:25:31Z</time>
      </trkpt>
      <trkpt lat="43.792953" lon="-123.840042">
        <ele>35.7</ele>
        <time>2023-06-10T22:25:42Z</time>
      </trkpt>
      <trkpt lat="43.793171" lon="-123.839432">
        <ele>36.6</ele>
        <time>2023-06-10T22:25:50Z</time>
      </trkpt>
      <trkpt lat="43.793335" lon="-123.838913">
        <ele>36.7</ele>
        <time>2023-06-10T22:25:57Z</time>
      </trkpt>
      <trkpt lat="43.7939" lon="-123.837494">
        <ele>37.0</ele>
        <time>2023-06-10T22:26:17Z</time>
      </trkpt>
      <trkpt lat="43.794052" lon="-123.836937">
        <ele>37.0</ele>
        <time>2023-06-10T22:26:24Z</time>
      </trkpt>
      <trkpt lat="43.79417" lon="-123.836342">
        <ele>37.2</ele>
        <time>2023-06-10T22:26:31Z</time>
      </trkpt>
      <trkpt lat="43.79425" lon="-123.835609">
        <ele>37.0</ele>
        <time>2023-06-10T22:26:39Z</time>
      </trkpt>
      <trkpt lat="43.794266" lon="-123.834518">
        <ele>36.3</ele>
        <time>2023-06-10T22:26:52Z</time>
      </trkpt>
      <trkpt lat="43.79417" lon="-123.833374">
        <ele>36.3</ele>
        <time>2023-06-10T22:27:05Z</time>
      </trkpt>
      <trkpt lat="43.794075" lon="-123.832932">
        <ele>36.3</ele>
        <time>2023-06-10T22:27:10Z</time>
      </trkpt>
      <trkpt lat="43.793819" lon="-123.832405">
        <ele>36.3</ele>
        <time>2023-06-10T22:27:17Z</time>
      </trkpt>
      <trkpt lat="43.793549" lon="-123.832047">
        <ele>36.3</ele>
        <time>2023-06-10T22:27:23Z</time>
      </trkpt>
      <trkpt lat="43.793171" lon="-123.831718">
        <ele>36.7</ele>
        <time>2023-06-10T22:27:31Z</time>
      </trkpt>
      <trkpt lat="43.793007" lon="-123.831642">
        <ele>37.0</ele>
        <time>2023-06-10T22:27:34Z</time>
      </trkpt>
      <trkpt lat="43.792789" lon="-123.831573">
        <ele>37.2</ele>
        <time>2023-06-10T22:27:38Z</time>
      </trkpt>
      <trkpt lat="43.792606" lon="-123.831528">
        <ele>37.2</ele>
        <time>2023-06-10T22:27:41Z</time>
      </trkpt>
      <trkpt lat="43.792488" lon="-123.831528">
        <ele>37.3</ele>
        <time>2023-06-10T22:27:43Z</time>
      </trkpt>
      <trkpt lat="43.791965" lon="-123.831558">
        <ele>37.3</ele>
        <time>2023-06-10T22:27:52Z</time>
      </trkpt>
      <trkpt lat="43.791859" lon="-123.831581">
        <ele>37.3</ele>
        <time>2023-06-10T22:27:54Z</time>
      </trkpt>
      <trkpt lat="43.791576" lon="-123.831718">
        <ele>38.0</ele>
        <time>2023-06-10T22:28:00Z</time>
      </trkpt>
      <trkpt lat="43.791237" lon="-123.83197">
        <ele>38.6</ele>
        <time>2023-06-10T22:28:08Z</time>
      </trkpt>
      <trkpt lat="43.790993" lon="-123.832237">
        <ele>39.2</ele>
        <time>2023-06-10T22:28:14Z</time>
      </trkpt>
      <trkpt lat="43.790833" lon="-123.832443">
        <ele>39.3</ele>
        <time>2023-06-10T22:28:18Z</time>
      </trkpt>
      <trkpt lat="43.790607" lon="-123.832764">
        <ele>39.7</ele>
        <time>2023-06-10T22:28:24Z</time>
      </trkpt>
      <trkpt lat="43.78986" lon="-123.833748">
        <ele>40.2</ele>
        <time>2023-06-10T22:28:44Z</time>
      </trkpt>
      <trkpt lat="43.789658" lon="-123.834099">
        <ele>40.3</ele>
        <time>2023-06-10T22:28:50Z</time>
      </trkpt>
      <trkpt lat="43.789181" lon="-123.834755">
        <ele>41.2</ele>
        <time>2023-06-10T22:29:02Z</time>
      </trkpt>
      <trkpt lat="43.788921" lon="-123.834984">
        <ele>41.6</ele>
        <time>2023-06-10T22:29:07Z</time>
      </trkpt>
      <trkpt lat="43.788727" lon="-123.835197">
        <ele>41.7</ele>
        <time>2023-06-10T22:29:11Z</time>
      </trkpt>
      <trkpt lat="43.788555" lon="-123.835342">
        <ele>41.7</ele>
        <time>2023-06-10T22:29:14Z</time>
      </trkpt>
      <trkpt lat="43.788506" lon="-123.835411">
        <ele>41.7</ele>
        <time>2023-06-10T22:29:15Z</time>
      </trkpt>
      <trkpt lat="43.788296" lon="-123.835587">
        <ele>41.7</ele>
        <time>2023-06-10T22:29:19Z</time>
      </trkpt>
      <trkpt lat="43.787933" lon="-123.835716">
        <ele>41.6</ele>
        <time>2023-06-10T22:29:25Z</time>
      </trkpt>
      <trkpt lat="43.787815" lon="-123.835716">
        <ele>41.6</ele>
        <time>2023-06-10T22:29:27Z</time>
      </trkpt>
      <trkpt lat="43.787624" lon="-123.835693">
        <ele>41.6</ele>
        <time>2023-06-10T22:29:30Z</time>
      </trkpt>
      <trkpt lat="43.787292" lon="-123.835579">
        <ele>41.3</ele>
        <time>2023-06-10T22:29:36Z</time>
      </trkpt>
      <trkpt lat="43.787014" lon="-123.835373">
        <ele>41.2</ele>
        <time>2023-06-10T22:29:42Z</time>
      </trkpt>
      <trkpt lat="43.786651" lon="-123.834892">
        <ele>41.0</ele>
        <time>2023-06-10T22:29:50Z</time>
      </trkpt>
      <trkpt lat="43.786385" lon="-123.834435">
        <ele>41.0</ele>
        <time>2023-06-10T22:29:57Z</time>
      </trkpt>
      <trkpt lat="43.786053" lon="-123.833794">
        <ele>41.3</ele>
        <time>2023-06-10T22:30:06Z</time>
      </trkpt>
      <trkpt lat="43.785748" lon="-123.833336">
        <ele>41.6</ele>
        <time>2023-06-10T22:30:14Z</time>
      </trkpt>
      <trkpt lat="43.785148" lon="-123.832268">
        <ele>42.0</ele>
        <time>2023-06-10T22:30:31Z</time>
      </trkpt>
      <trkpt lat="43.784996" lon="-123.831947">
        <ele>42.2</ele>
        <time>2023-06-10T22:30:36Z</time>
      </trkpt>
      <trkpt lat="43.784809" lon="-123.831627">
        <ele>42.6</ele>
        <time>2023-06-10T22:30:41Z</time>
      </trkpt>
      <trkpt lat="43.784595" lon="-123.831078">
        <ele>42.7</ele>
        <time>2023-06-10T22:30:49Z</time>
      </trkpt>
      <trkpt lat="43.784484" lon="-123.830681">
        <ele>42.7</ele>
        <time>2023-06-10T22:30:55Z</time>
      </trkpt>
      <trkpt lat="43.784267" lon="-123.829445">
        <ele>43.2</ele>
        <time>2023-06-10T22:31:11Z</time>
      </trkpt>
      <trkpt lat="43.784092" lon="-123.828644">
        <ele>43.2</ele>
        <time>2023-06-10T22:31:21Z</time>
      </trkpt>
      <trkpt lat="43.783947" lon="-123.827881">
        <ele>43.3</ele>
        <time>2023-06-10T22:31:31Z</time>
      </trkpt>
      <trkpt lat="43.783733" lon="-123.826935">
        <ele>44.0</ele>
        <time>2023-06-10T22:31:44Z</time>
      </trkpt>
      <trkpt lat="43.783627" lon="-123.82663">
        <ele>44.0</ele>
        <time>2023-06-10T22:31:49Z</time>
      </trkpt>
      <trkpt lat="43.783478" lon="-123.825974">
        <ele>44.2</ele>
        <time>2023-06-10T22:31:58Z</time>
      </trkpt>
      <trkpt lat="43.783451" lon="-123.825821">
        <ele>44.2</ele>
        <time>2023-06-10T22:32:00Z</time>
      </trkpt>
      <trkpt lat="43.783474" lon="-123.82531">
        <ele>44.0</ele>
        <time>2023-06-10T22:32:06Z</time>
      </trkpt>
      <trkpt lat="43.783405" lon="-123.824936">
        <ele>44.0</ele>
        <time>2023-06-10T22:32:10Z</time>
      </trkpt>
      <trkpt lat="43.783401" lon="-123.824776">
        <ele>44.0</ele>
        <time>2023-06-10T22:32:12Z</time>
      </trkpt>
      <trkpt lat="43.783428" lon="-123.822357">
        <ele>44.2</ele>
        <time>2023-06-10T22:32:42Z</time>
      </trkpt>
      <trkpt lat="43.783443" lon="-123.82206">
        <ele>44.3</ele>
        <time>2023-06-10T22:32:46Z</time>
      </trkpt>
      <trkpt lat="43.783417" lon="-123.821579">
        <ele>44.6</ele>
        <time>2023-06-10T22:32:52Z</time>
      </trkpt>
      <trkpt lat="43.783451" lon="-123.820572">
        <ele>46.6</ele>
        <time>2023-06-10T22:33:08Z</time>
      </trkpt>
      <trkpt lat="43.783423" lon="-123.81987">
        <ele>48.2</ele>
        <time>2023-06-10T22:33:20Z</time>
      </trkpt>
      <trkpt lat="43.783423" lon="-123.819237">
        <ele>49.6</ele>
        <time>2023-06-10T22:33:31Z</time>
      </trkpt>
      <trkpt lat="43.783451" lon="-123.818382">
        <ele>51.7</ele>
        <time>2023-06-10T22:33:48Z</time>
      </trkpt>
      <trkpt lat="43.783539" lon="-123.817787">
        <ele>52.7</ele>
        <time>2023-06-10T22:33:59Z</time>
      </trkpt>
      <trkpt lat="43.783577" lon="-123.817673">
        <ele>53.0</ele>
        <time>2023-06-10T22:34:01Z</time>
      </trkpt>
      <trkpt lat="43.783638" lon="-123.81736">
        <ele>53.6</ele>
        <time>2023-06-10T22:34:07Z</time>
      </trkpt>
      <trkpt lat="43.783859" lon="-123.816689">
        <ele>54.2</ele>
        <time>2023-06-10T22:34:18Z</time>
      </trkpt>
      <trkpt lat="43.78389" lon="-123.816536">
        <ele>54.0</ele>
        <time>2023-06-10T22:34:20Z</time>
      </trkpt>
      <trkpt lat="43.78426" lon="-123.815323">
        <ele>52.0</ele>
        <time>2023-06-10T22:34:36Z</time>
      </trkpt>
      <trkpt lat="43.784377" lon="-123.814819">
        <ele>50.7</ele>
        <time>2023-06-10T22:34:42Z</time>
      </trkpt>
      <trkpt lat="43.784408" lon="-123.814743">
        <ele>50.6</ele>
        <time>2023-06-10T22:34:43Z</time>
      </trkpt>
      <trkpt lat="43.784504" lon="-123.814606">
        <ele>50.2</ele>
        <time>2023-06-10T22:34:45Z</time>
      </trkpt>
      <trkpt lat="43.784626" lon="-123.814529">
        <ele>50.0</ele>
        <time>2023-06-10T22:34:47Z</time>
      </trkpt>
      <trkpt lat="43.784843" lon="-123.814522">
        <ele>49.7</ele>
        <time>2023-06-10T22:34:50Z</time>
      </trkpt>
      <trkpt lat="43.784966" lon="-123.814583">
        <ele>49.7</ele>
        <time>2023-06-10T22:34:52Z</time>
      </trkpt>
      <trkpt lat="43.785187" lon="-123.814796">
        <ele>49.6</ele>
        <time>2023-06-10T22:34:56Z</time>
      </trkpt>
      <trkpt lat="43.785362" lon="-123.815163">
        <ele>49.3</ele>
        <time>2023-06-10T22:35:01Z</time>
      </trkpt>
      <trkpt lat="43.785419" lon="-123.815323">
        <ele>49.2</ele>
        <time>2023-06-10T22:35:03Z</time>
      </trkpt>
      <trkpt lat="43.785461" lon="-123.815361">
        <ele>49.2</ele>
        <time>2023-06-10T22:35:04Z</time>
      </trkpt>
      <trkpt lat="43.785522" lon="-123.81546">
        <ele>49.0</ele>
        <time>2023-06-10T22:35:06Z</time>
      </trkpt>
      <trkpt lat="43.786152" lon="-123.817032">
        <ele>50.3</ele>
        <time>2023-06-10T22:35:31Z</time>
      </trkpt>
      <trkpt lat="43.786453" lon="-123.817642">
        <ele>51.7</ele>
        <time>2023-06-10T22:35:41Z</time>
      </trkpt>
      <trkpt lat="43.786667" lon="-123.817986">
        <ele>52.2</ele>
        <time>2023-06-10T22:35:48Z</time>
      </trkpt>
      <trkpt lat="43.786827" lon="-123.818146">
        <ele>52.3</ele>
        <time>2023-06-10T22:35:52Z</time>
      </trkpt>
      <trkpt lat="43.787117" lon="-123.818359">
        <ele>52.6</ele>
        <time>2023-06-10T22:35:58Z</time>
      </trkpt>
      <trkpt lat="43.787273" lon="-123.81839">
        <ele>52.3</ele>
        <time>2023-06-10T22:36:01Z</time>
      </trkpt>
      <trkpt lat="43.787537" lon="-123.81839">
        <ele>52.3</ele>
        <time>2023-06-10T22:36:06Z</time>
      </trkpt>
      <trkpt lat="43.787918" lon="-123.818336">
        <ele>53.0</ele>
        <time>2023-06-10T22:36:14Z</time>
      </trkpt>
      <trkpt lat="43.788124" lon="-123.818253">
        <ele>53.2</ele>
        <time>2023-06-10T22:36:19Z</time>
      </trkpt>
      <trkpt lat="43.788342" lon="-123.818092">
        <ele>53.7</ele>
        <time>2023-06-10T22:36:25Z</time>
      </trkpt>
      <trkpt lat="43.788604" lon="-123.817841">
        <ele>55.0</ele>
        <time>2023-06-10T22:36:33Z</time>
      </trkpt>
      <trkpt lat="43.788795" lon="-123.817581">
        <ele>55.3</ele>
        <time>2023-06-10T22:36:41Z</time>
      </trkpt>
      <trkpt lat="43.788967" lon="-123.817245">
        <ele>57.2</ele>
        <time>2023-06-10T22:36:51Z</time>
      </trkpt>
      <trkpt lat="43.789009" lon="-123.817139">
        <ele>57.3</ele>
        <time>2023-06-10T22:36:54Z</time>
      </trkpt>
      <trkpt lat="43.789131" lon="-123.816673">
        <ele>58.2</ele>
        <time>2023-06-10T22:37:05Z</time>
      </trkpt>
      <trkpt lat="43.789314" lon="-123.816139">
        <ele>59.6</ele>
        <time>2023-06-10T22:37:18Z</time>
      </trkpt>
      <trkpt lat="43.789684" lon="-123.815262">
        <ele>63.0</ele>
        <time>2023-06-10T22:37:43Z</time>
      </trkpt>
      <trkpt lat="43.789856" lon="-123.814919">
        <ele>63.7</ele>
        <time>2023-06-10T22:37:52Z</time>
      </trkpt>
      <trkpt lat="43.790092" lon="-123.814606">
        <ele>65.0</ele>
        <time>2023-06-10T22:38:01Z</time>
      </trkpt>
      <trkpt lat="43.790279" lon="-123.8144">
        <ele>65.6</ele>
        <time>2023-06-10T22:38:07Z</time>
      </trkpt>
      <trkpt lat="43.790489" lon="-123.814224">
        <ele>66.0</ele>
        <time>2023-06-10T22:38:13Z</time>
      </trkpt>
      <trkpt lat="43.790573" lon="-123.814133">
        <ele>66.2</ele>
        <time>2023-06-10T22:38:15Z</time>
      </trkpt>
      <trkpt lat="43.790894" lon="-123.813972">
        <ele>66.6</ele>
        <time>2023-06-10T22:38:23Z</time>
      </trkpt>
      <trkpt lat="43.791172" lon="-123.813934">
        <ele>66.7</ele>
        <time>2023-06-10T22:38:29Z</time>
      </trkpt>
      <trkpt lat="43.791302" lon="-123.813942">
        <ele>66.7</ele>
        <time>2023-06-10T22:38:32Z</time>
      </trkpt>
      <trkpt lat="43.791438" lon="-123.813988">
        <ele>66.7</ele>
        <time>2023-06-10T22:38:35Z</time>
      </trkpt>
      <trkpt lat="43.791573" lon="-123.814072">
        <ele>66.6</ele>
        <time>2023-06-10T22:38:38Z</time>
      </trkpt>
      <trkpt lat="43.79166" lon="-123.814178">
        <ele>66.3</ele>
        <time>2023-06-10T22:38:40Z</time>
      </trkpt>
      <trkpt lat="43.791893" lon="-123.814606">
        <ele>65.2</ele>
        <time>2023-06-10T22:38:47Z</time>
      </trkpt>
      <trkpt lat="43.792145" lon="-123.815308">
        <ele>64.0</ele>
        <time>2023-06-10T22:38:57Z</time>
      </trkpt>
      <trkpt lat="43.792221" lon="-123.815468">
        <ele>63.7</ele>
        <time>2023-06-10T22:38:59Z</time>
      </trkpt>
      <trkpt lat="43.79258" lon="-123.816422">
        <ele>62.2</ele>
        <time>2023-06-10T22:39:11Z</time>
      </trkpt>
      <trkpt lat="43.79287" lon="-123.817017">
        <ele>62.2</ele>
        <time>2023-06-10T22:39:19Z</time>
      </trkpt>
      <trkpt lat="43.792976" lon="-123.817299">
        <ele>62.2</ele>
        <time>2023-06-10T22:39:23Z</time>
      </trkpt>
      <trkpt lat="43.793201" lon="-123.817787">
        <ele>62.0</ele>
        <time>2023-06-10T22:39:30Z</time>
      </trkpt>
      <trkpt lat="43.793349" lon="-123.818008">
        <ele>61.7</ele>
        <time>2023-06-10T22:39:34Z</time>
      </trkpt>
      <trkpt lat="43.79356" lon="-123.81826">
        <ele>61.6</ele>
        <time>2023-06-10T22:39:39Z</time>
      </trkpt>
      <trkpt lat="43.793869" lon="-123.818489">
        <ele>61.6</ele>
        <time>2023-06-10T22:39:45Z</time>
      </trkpt>
      <trkpt lat="43.794437" lon="-123.818695">
        <ele>62.2</ele>
        <time>2023-06-10T22:39:56Z</time>
      </trkpt>
      <trkpt lat="43.794651" lon="-123.818733">
        <ele>62.6</ele>
        <time>2023-06-10T22:40:00Z</time>
      </trkpt>
      <trkpt lat="43.794762" lon="-123.818703">
        <ele>62.6</ele>
        <time>2023-06-10T22:40:02Z</time>
      </trkpt>
      <trkpt lat="43.794918" lon="-123.818634">
        <ele>62.6</ele>
        <time>2023-06-10T22:40:05Z</time>
      </trkpt>
      <trkpt lat="43.795063" lon="-123.81855">
        <ele>63.0</ele>
        <time>2023-06-10T22:40:08Z</time>
      </trkpt>
      <trkpt lat="43.795151" lon="-123.818466">
        <ele>63.2</ele>
        <time>2023-06-10T22:40:10Z</time>
      </trkpt>
      <trkpt lat="43.795184" lon="-123.818413">
        <ele>63.0</ele>
        <time>2023-06-10T22:40:11Z</time>
      </trkpt>
      <trkpt lat="43.795391" lon="-123.818008">
        <ele>63.2</ele>
        <time>2023-06-10T22:40:18Z</time>
      </trkpt>
      <trkpt lat="43.795485" lon="-123.817703">
        <ele>63.3</ele>
        <time>2023-06-10T22:40:23Z</time>
      </trkpt>
      <trkpt lat="43.795502" lon="-123.817574">
        <ele>63.6</ele>
        <time>2023-06-10T22:40:25Z</time>
      </trkpt>
      <trkpt lat="43.795452" lon="-123.81649">
        <ele>64.3</ele>
        <time>2023-06-10T22:40:41Z</time>
      </trkpt>
      <trkpt lat="43.795544" lon="-123.815681">
        <ele>64.6</ele>
        <time>2023-06-10T22:40:56Z</time>
      </trkpt>
      <trkpt lat="43.795628" lon="-123.815239">
        <ele>65.0</ele>
        <time>2023-06-10T22:41:04Z</time>
      </trkpt>
      <trkpt lat="43.795834" lon="-123.814606">
        <ele>65.6</ele>
        <time>2023-06-10T22:41:16Z</time>
      </trkpt>
      <trkpt lat="43.796055" lon="-123.814125">
        <ele>66.3</ele>
        <time>2023-06-10T22:41:26Z</time>
      </trkpt>
      <trkpt lat="43.796188" lon="-123.81369">
        <ele>67.3</ele>
        <time>2023-06-10T22:41:35Z</time>
      </trkpt>
      <trkpt lat="43.796394" lon="-123.81324">
        <ele>67.7</ele>
        <time>2023-06-10T22:41:46Z</time>
      </trkpt>
      <trkpt lat="43.796482" lon="-123.81292">
        <ele>68.0</ele>
        <time>2023-06-10T22:41:52Z</time>
      </trkpt>
      <trkpt lat="43.796612" lon="-123.812584">
        <ele>68.2</ele>
        <time>2023-06-10T22:41:58Z</time>
      </trkpt>
      <trkpt lat="43.796836" lon="-123.812195">
        <ele>68.3</ele>
        <time>2023-06-10T22:42:05Z</time>
      </trkpt>
      <trkpt lat="43.796974" lon="-123.812035">
        <ele>68.3</ele>
        <time>2023-06-10T22:42:08Z</time>
      </trkpt>
      <trkpt lat="43.797264" lon="-123.81176">
        <ele>68.0</ele>
        <time>2023-06-10T22:42:14Z</time>
      </trkpt>
      <trkpt lat="43.797451" lon="-123.811661">
        <ele>67.7</ele>
        <time>2023-06-10T22:42:17Z</time>
      </trkpt>
      <trkpt lat="43.797825" lon="-123.811562">
        <ele>66.6</ele>
        <time>2023-06-10T22:42:23Z</time>
      </trkpt>
      <trkpt lat="43.79808" lon="-123.811546">
        <ele>66.3</ele>
        <time>2023-06-10T22:42:27Z</time>
      </trkpt>
      <trkpt lat="43.798789" lon="-123.811447">
        <ele>66.2</ele>
        <time>2023-06-10T22:42:40Z</time>
      </trkpt>
      <trkpt lat="43.799107" lon="-123.81144">
        <ele>66.3</ele>
        <time>2023-06-10T22:42:46Z</time>
      </trkpt>
      <trkpt lat="43.799355" lon="-123.811378">
        <ele>67.2</ele>
        <time>2023-06-10T22:42:51Z</time>
      </trkpt>
      <trkpt lat="43.79966" lon="-123.811348">
        <ele>67.7</ele>
        <time>2023-06-10T22:42:57Z</time>
      </trkpt>
      <trkpt lat="43.80019" lon="-123.811249">
        <ele>68.6</ele>
        <time>2023-06-10T22:43:08Z</time>
      </trkpt>
      <trkpt lat="43.800659" lon="-123.811218">
        <ele>68.7</ele>
        <time>2023-06-10T22:43:17Z</time>
      </trkpt>
      <trkpt lat="43.800846" lon="-123.811188">
        <ele>69.0</ele>
        <time>2023-06-10T22:43:21Z</time>
      </trkpt>
      <trkpt lat="43.801155" lon="-123.811119">
        <ele>69.6</ele>
        <time>2023-06-10T22:43:28Z</time>
      </trkpt>
      <trkpt lat="43.801399" lon="-123.811043">
        <ele>69.7</ele>
        <time>2023-06-10T22:43:34Z</time>
      </trkpt>
      <trkpt lat="43.801516" lon="-123.811043">
        <ele>69.7</ele>
        <time>2023-06-10T22:43:37Z</time>
      </trkpt>
      <trkpt lat="43.80173" lon="-123.811005">
        <ele>70.3</ele>
        <time>2023-06-10T22:43:42Z</time>
      </trkpt>
      <trkpt lat="43.802525" lon="-123.81076">
        <ele>70.0</ele>
        <time>2023-06-10T22:43:57Z</time>
      </trkpt>
      <trkpt lat="43.802624" lon="-123.810715">
        <ele>69.7</ele>
        <time>2023-06-10T22:43:59Z</time>
      </trkpt>
      <trkpt lat="43.802933" lon="-123.810524">
        <ele>69.2</ele>
        <time>2023-06-10T22:44:04Z</time>
      </trkpt>
      <trkpt lat="43.80323" lon="-123.81031">
        <ele>68.2</ele>
        <time>2023-06-10T22:44:09Z</time>
      </trkpt>
      <trkpt lat="43.803429" lon="-123.810204">
        <ele>68.0</ele>
        <time>2023-06-10T22:44:12Z</time>
      </trkpt>
      <trkpt lat="43.803814" lon="-123.80986">
        <ele>67.6</ele>
        <time>2023-06-10T22:44:19Z</time>
      </trkpt>
      <trkpt lat="43.804138" lon="-123.809532">
        <ele>67.7</ele>
        <time>2023-06-10T22:44:25Z</time>
      </trkpt>
      <trkpt lat="43.804222" lon="-123.809418">
        <ele>67.7</ele>
        <time>2023-06-10T22:44:27Z</time>
      </trkpt>
      <trkpt lat="43.804573" lon="-123.808868">
        <ele>67.7</ele>
        <time>2023-06-10T22:44:36Z</time>
      </trkpt>
      <trkpt lat="43.804867" lon="-123.808159">
        <ele>68.3</ele>
        <time>2023-06-10T22:44:46Z</time>
      </trkpt>
      <trkpt lat="43.804989" lon="-123.80777">
        <ele>69.3</ele>
        <time>2023-06-10T22:44:52Z</time>
      </trkpt>
      <trkpt lat="43.805031" lon="-123.807556">
        <ele>69.7</ele>
        <time>2023-06-10T22:44:55Z</time>
      </trkpt>
      <trkpt lat="43.805271" lon="-123.806732">
        <ele>70.7</ele>
        <time>2023-06-10T22:45:08Z</time>
      </trkpt>
      <trkpt lat="43.805485" lon="-123.805916">
        <ele>71.2</ele>
        <time>2023-06-10T22:45:19Z</time>
      </trkpt>
      <trkpt lat="43.805569" lon="-123.805519">
        <ele>71.0</ele>
        <time>2023-06-10T22:45:24Z</time>
      </trkpt>
      <trkpt lat="43.805637" lon="-123.805298">
        <ele>71.0</ele>
        <time>2023-06-10T22:45:27Z</time>
      </trkpt>
      <trkpt lat="43.805843" lon="-123.804413">
        <ele>70.7</ele>
        <time>2023-06-10T22:45:38Z</time>
      </trkpt>
      <trkpt lat="43.805885" lon="-123.80426">
        <ele>70.7</ele>
        <time>2023-06-10T22:45:40Z</time>
      </trkpt>
      <trkpt lat="43.806084" lon="-123.803757">
        <ele>70.7</ele>
        <time>2023-06-10T22:45:47Z</time>
      </trkpt>
      <trkpt lat="43.806137" lon="-123.803429">
        <ele>70.7</ele>
        <time>2023-06-10T22:45:51Z</time>
      </trkpt>
      <trkpt lat="43.806374" lon="-123.80265">
        <ele>70.6</ele>
        <time>2023-06-10T22:46:01Z</time>
      </trkpt>
      <trkpt lat="43.80648" lon="-123.802101">
        <ele>70.2</ele>
        <time>2023-06-10T22:46:07Z</time>
      </trkpt>
      <trkpt lat="43.806526" lon="-123.801743">
        <ele>70.0</ele>
        <time>2023-06-10T22:46:11Z</time>
      </trkpt>
      <trkpt lat="43.806534" lon="-123.801476">
        <ele>69.7</ele>
        <time>2023-06-10T22:46:14Z</time>
      </trkpt>
      <trkpt lat="43.806499" lon="-123.801193">
        <ele>69.3</ele>
        <time>2023-06-10T22:46:17Z</time>
      </trkpt>
      <trkpt lat="43.806561" lon="-123.801033">
        <ele>69.0</ele>
        <time>2023-06-10T22:46:20Z</time>
      </trkpt>
      <trkpt lat="43.80648" lon="-123.800102">
        <ele>68.7</ele>
        <time>2023-06-10T22:46:31Z</time>
      </trkpt>
      <trkpt lat="43.806507" lon="-123.798767">
        <ele>69.0</ele>
        <time>2023-06-10T22:46:48Z</time>
      </trkpt>
      <trkpt lat="43.806576" lon="-123.79702">
        <ele>69.7</ele>
        <time>2023-06-10T22:47:11Z</time>
      </trkpt>
      <trkpt lat="43.80661" lon="-123.795479">
        <ele>71.0</ele>
        <time>2023-06-10T22:47:33Z</time>
      </trkpt>
      <trkpt lat="43.806572" lon="-123.795013">
        <ele>71.0</ele>
        <time>2023-06-10T22:47:40Z</time>
      </trkpt>
      <trkpt lat="43.806484" lon="-123.794525">
        <ele>71.0</ele>
        <time>2023-06-10T22:47:47Z</time>
      </trkpt>
      <trkpt lat="43.806381" lon="-123.794228">
        <ele>70.7</ele>
        <time>2023-06-10T22:47:52Z</time>
      </trkpt>
      <trkpt lat="43.806328" lon="-123.794128">
        <ele>71.0</ele>
        <time>2023-06-10T22:47:54Z</time>
      </trkpt>
      <trkpt lat="43.806137" lon="-123.793892">
        <ele>71.0</ele>
        <time>2023-06-10T22:48:00Z</time>
      </trkpt>
      <trkpt lat="43.80587" lon="-123.793686">
        <ele>71.2</ele>
        <time>2023-06-10T22:48:06Z</time>
      </trkpt>
      <trkpt lat="43.805679" lon="-123.79361">
        <ele>71.3</ele>
        <time>2023-06-10T22:48:10Z</time>
      </trkpt>
      <trkpt lat="43.805259" lon="-123.793549">
        <ele>71.7</ele>
        <time>2023-06-10T22:48:18Z</time>
      </trkpt>
      <trkpt lat="43.805058" lon="-123.793579">
        <ele>72.0</ele>
        <time>2023-06-10T22:48:23Z</time>
      </trkpt>
      <trkpt lat="43.804707" lon="-123.793694">
        <ele>72.3</ele>
        <time>2023-06-10T22:48:31Z</time>
      </trkpt>
      <trkpt lat="43.804523" lon="-123.793732">
        <ele>72.6</ele>
        <time>2023-06-10T22:48:35Z</time>
      </trkpt>
      <trkpt lat="43.804089" lon="-123.793892">
        <ele>73.2</ele>
        <time>2023-06-10T22:48:45Z</time>
      </trkpt>
      <trkpt lat="43.803516" lon="-123.794037">
        <ele>74.2</ele>
        <time>2023-06-10T22:48:59Z</time>
      </trkpt>
      <trkpt lat="43.803143" lon="-123.794044">
        <ele>74.3</ele>
        <time>2023-06-10T22:49:07Z</time>
      </trkpt>
      <trkpt lat="43.802791" lon="-123.794014">
        <ele>74.3</ele>
        <time>2023-06-10T22:49:14Z</time>
      </trkpt>
      <trkpt lat="43.802402" lon="-123.793884">
        <ele>74.7</ele>
        <time>2023-06-10T22:49:22Z</time>
      </trkpt>
      <trkpt lat="43.80196" lon="-123.793625">
        <ele>75.2</ele>
        <time>2023-06-10T22:49:31Z</time>
      </trkpt>
      <trkpt lat="43.80162" lon="-123.793381">
        <ele>75.2</ele>
        <time>2023-06-10T22:49:38Z</time>
      </trkpt>
      <trkpt lat="43.801228" lon="-123.793137">
        <ele>75.2</ele>
        <time>2023-06-10T22:49:46Z</time>
      </trkpt>
      <trkpt lat="43.800381" lon="-123.792542">
        <ele>75.0</ele>
        <time>2023-06-10T22:50:04Z</time>
      </trkpt>
      <trkpt lat="43.799053" lon="-123.791649">
        <ele>75.2</ele>
        <time>2023-06-10T22:50:30Z</time>
      </trkpt>
      <trkpt lat="43.79863" lon="-123.791344">
        <ele>75.6</ele>
        <time>2023-06-10T22:50:38Z</time>
      </trkpt>
      <trkpt lat="43.797737" lon="-123.790611">
        <ele>76.0</ele>
        <time>2023-06-10T22:50:55Z</time>
      </trkpt>
      <trkpt lat="43.79641" lon="-123.789383">
        <ele>75.6</ele>
        <time>2023-06-10T22:51:22Z</time>
      </trkpt>
      <trkpt lat="43.796" lon="-123.789024">
        <ele>75.3</ele>
        <time>2023-06-10T22:51:30Z</time>
      </trkpt>
      <trkpt lat="43.794643" lon="-123.78775">
        <ele>75.3</ele>
        <time>2023-06-10T22:51:58Z</time>
      </trkpt>
      <trkpt lat="43.793858" lon="-123.786934">
        <ele>76.0</ele>
        <time>2023-06-10T22:52:15Z</time>
      </trkpt>
      <trkpt lat="43.793415" lon="-123.786407">
        <ele>76.3</ele>
        <time>2023-06-10T22:52:25Z</time>
      </trkpt>
      <trkpt lat="43.792904" lon="-123.785728">
        <ele>77.0</ele>
        <time>2023-06-10T22:52:37Z</time>
      </trkpt>
      <trkpt lat="43.792645" lon="-123.785324">
        <ele>77.2</ele>
        <time>2023-06-10T22:52:44Z</time>
      </trkpt>
      <trkpt lat="43.792435" lon="-123.784843">
        <ele>77.3</ele>
        <time>2023-06-10T22:52:51Z</time>
      </trkpt>
      <trkpt lat="43.792319" lon="-123.784355">
        <ele>77.3</ele>
        <time>2023-06-10T22:52:57Z</time>
      </trkpt>
      <trkpt lat="43.792027" lon="-123.782417">
        <ele>78.2</ele>
        <time>2023-06-10T22:53:23Z</time>
      </trkpt>
      <trkpt lat="43.791977" lon="-123.781822">
        <ele>78.3</ele>
        <time>2023-06-10T22:53:31Z</time>
      </trkpt>
      <trkpt lat="43.791988" lon="-123.78125">
        <ele>78.6</ele>
        <time>2023-06-10T22:53:38Z</time>
      </trkpt>
      <trkpt lat="43.792019" lon="-123.780762">
        <ele>78.7</ele>
        <time>2023-06-10T22:53:44Z</time>
      </trkpt>
      <trkpt lat="43.792091" lon="-123.780228">
        <ele>79.2</ele>
        <time>2023-06-10T22:53:51Z</time>
      </trkpt>
      <trkpt lat="43.792212" lon="-123.779602">
        <ele>79.3</ele>
        <time>2023-06-10T22:54:00Z</time>
      </trkpt>
      <trkpt lat="43.792526" lon="-123.778336">
        <ele>79.6</ele>
        <time>2023-06-10T22:54:18Z</time>
      </trkpt>
      <trkpt lat="43.792656" lon="-123.777878">
        <ele>79.7</ele>
        <time>2023-06-10T22:54:25Z</time>
      </trkpt>
      <trkpt lat="43.792877" lon="-123.777412">
        <ele>80.0</ele>
        <time>2023-06-10T22:54:33Z</time>
      </trkpt>
      <trkpt lat="43.792976" lon="-123.777252">
        <ele>80.2</ele>
        <time>2023-06-10T22:54:36Z</time>
      </trkpt>
      <trkpt lat="43.793144" lon="-123.777">
        <ele>80.3</ele>
        <time>2023-06-10T22:54:41Z</time>
      </trkpt>
      <trkpt lat="43.793404" lon="-123.776711">
        <ele>80.7</ele>
        <time>2023-06-10T22:54:48Z</time>
      </trkpt>
      <trkpt lat="43.793629" lon="-123.776527">
        <ele>81.0</ele>
        <time>2023-06-10T22:54:53Z</time>
      </trkpt>
      <trkpt lat="43.793971" lon="-123.77639">
        <ele>81.2</ele>
        <time>2023-06-10T22:55:00Z</time>
      </trkpt>
      <trkpt lat="43.794125" lon="-123.77636">
        <ele>81.2</ele>
        <time>2023-06-10T22:55:03Z</time>
      </trkpt>
      <trkpt lat="43.794327" lon="-123.776344">
        <ele>81.2</ele>
        <time>2023-06-10T22:55:07Z</time>
      </trkpt>
      <trkpt lat="43.794621" lon="-123.776382">
        <ele>81.2</ele>
        <time>2023-06-10T22:55:12Z</time>
      </trkpt>
      <trkpt lat="43.79483" lon="-123.77639">
        <ele>81.2</ele>
        <time>2023-06-10T22:55:16Z</time>
      </trkpt>
      <trkpt lat="43.795208" lon="-123.776474">
        <ele>81.0</ele>
        <time>2023-06-10T22:55:23Z</time>
      </trkpt>
      <trkpt lat="43.795414" lon="-123.776543">
        <ele>81.0</ele>
        <time>2023-06-10T22:55:27Z</time>
      </trkpt>
      <trkpt lat="43.795666" lon="-123.776665">
        <ele>81.2</ele>
        <time>2023-06-10T22:55:32Z</time>
      </trkpt>
      <trkpt lat="43.796177" lon="-123.776947">
        <ele>81.6</ele>
        <time>2023-06-10T22:55:42Z</time>
      </trkpt>
      <trkpt lat="43.796387" lon="-123.777092">
        <ele>81.7</ele>
        <time>2023-06-10T22:55:47Z</time>
      </trkpt>
      <trkpt lat="43.796722" lon="-123.777382">
        <ele>82.0</ele>
        <time>2023-06-10T22:55:54Z</time>
      </trkpt>
      <trkpt lat="43.79752" lon="-123.778183">
        <ele>81.7</ele>
        <time>2023-06-10T22:56:10Z</time>
      </trkpt>
      <trkpt lat="43.797787" lon="-123.778458">
        <ele>81.6</ele>
        <time>2023-06-10T22:56:16Z</time>
      </trkpt>
      <trkpt lat="43.798386" lon="-123.779144">
        <ele>81.6</ele>
        <time>2023-06-10T22:56:30Z</time>
      </trkpt>
      <trkpt lat="43.798748" lon="-123.779495">
        <ele>81.7</ele>
        <time>2023-06-10T22:56:38Z</time>
      </trkpt>
      <trkpt lat="43.798946" lon="-123.779663">
        <ele>81.7</ele>
        <time>2023-06-10T22:56:42Z</time>
      </trkpt>
      <trkpt lat="43.799091" lon="-123.779846">
        <ele>82.2</ele>
        <time>2023-06-10T22:56:47Z</time>
      </trkpt>
      <trkpt lat="43.799732" lon="-123.780388">
        <ele>84.6</ele>
        <time>2023-06-10T22:57:07Z</time>
      </trkpt>
      <trkpt lat="43.799801" lon="-123.780411">
        <ele>84.6</ele>
        <time>2023-06-10T22:57:09Z</time>
      </trkpt>
      <trkpt lat="43.799895" lon="-123.780487">
        <ele>85.2</ele>
        <time>2023-06-10T22:57:13Z</time>
      </trkpt>
      <trkpt lat="43.800095" lon="-123.780701">
        <ele>85.2</ele>
        <time>2023-06-10T22:57:19Z</time>
      </trkpt>
      <trkpt lat="43.800449" lon="-123.780907">
        <ele>85.3</ele>
        <time>2023-06-10T22:57:27Z</time>
      </trkpt>
      <trkpt lat="43.801079" lon="-123.781097">
        <ele>84.7</ele>
        <time>2023-06-10T22:57:41Z</time>
      </trkpt>
      <trkpt lat="43.80188" lon="-123.781181">
        <ele>84.0</ele>
        <time>2023-06-10T22:57:55Z</time>
      </trkpt>
      <trkpt lat="43.802071" lon="-123.781181">
        <ele>83.7</ele>
        <time>2023-06-10T22:57:59Z</time>
      </trkpt>
      <trkpt lat="43.802467" lon="-123.781075">
        <ele>84.3</ele>
        <time>2023-06-10T22:58:08Z</time>
      </trkpt>
      <trkpt lat="43.802704" lon="-123.780983">
        <ele>84.7</ele>
        <time>2023-06-10T22:58:13Z</time>
      </trkpt>
      <trkpt lat="43.802963" lon="-123.780853">
        <ele>85.0</ele>
        <time>2023-06-10T22:58:19Z</time>
      </trkpt>
      <trkpt lat="43.803181" lon="-123.78067">
        <ele>85.6</ele>
        <time>2023-06-10T22:58:25Z</time>
      </trkpt>
      <trkpt lat="43.80323" lon="-123.780647">
        <ele>85.6</ele>
        <time>2023-06-10T22:58:26Z</time>
      </trkpt>
      <trkpt lat="43.803448" lon="-123.780434">
        <ele>86.0</ele>
        <time>2023-06-10T22:58:31Z</time>
      </trkpt>
      <trkpt lat="43.803646" lon="-123.780289">
        <ele>86.0</ele>
        <time>2023-06-10T22:58:35Z</time>
      </trkpt>
      <trkpt lat="43.803738" lon="-123.78019">
        <ele>85.7</ele>
        <time>2023-06-10T22:58:37Z</time>
      </trkpt>
      <trkpt lat="43.80386" lon="-123.780098">
        <ele>85.6</ele>
        <time>2023-06-10T22:58:39Z</time>
      </trkpt>
      <trkpt lat="43.804165" lon="-123.779663">
        <ele>84.7</ele>
        <time>2023-06-10T22:58:46Z</time>
      </trkpt>
      <trkpt lat="43.804356" lon="-123.779289">
        <ele>83.3</ele>
        <time>2023-06-10T22:58:52Z</time>
      </trkpt>
      <trkpt lat="43.804432" lon="-123.779175">
        <ele>83.3</ele>
        <time>2023-06-10T22:58:54Z</time>
      </trkpt>
      <trkpt lat="43.804688" lon="-123.778519">
        <ele>83.6</ele>
        <time>2023-06-10T22:59:04Z</time>
      </trkpt>
      <trkpt lat="43.804768" lon="-123.778152">
        <ele>84.2</ele>
        <time>2023-06-10T22:59:10Z</time>
      </trkpt>
      <trkpt lat="43.804783" lon="-123.777954">
        <ele>84.3</ele>
        <time>2023-06-10T22:59:13Z</time>
      </trkpt>
      <trkpt lat="43.804848" lon="-123.777611">
        <ele>84.7</ele>
        <time>2023-06-10T22:59:19Z</time>
      </trkpt>
      <trkpt lat="43.804817" lon="-123.777138">
        <ele>85.2</ele>
        <time>2023-06-10T22:59:26Z</time>
      </trkpt>
      <trkpt lat="43.804779" lon="-123.776962">
        <ele>85.2</ele>
        <time>2023-06-10T22:59:29Z</time>
      </trkpt>
      <trkpt lat="43.804661" lon="-123.776649">
        <ele>85.2</ele>
        <time>2023-06-10T22:59:34Z</time>
      </trkpt>
      <trkpt lat="43.804508" lon="-123.776314">
        <ele>85.0</ele>
        <time>2023-06-10T22:59:39Z</time>
      </trkpt>
      <trkpt lat="43.804381" lon="-123.776108">
        <ele>84.6</ele>
        <time>2023-06-10T22:59:42Z</time>
      </trkpt>
      <trkpt lat="43.80397" lon="-123.775566">
        <ele>83.6</ele>
        <time>2023-06-10T22:59:51Z</time>
      </trkpt>
      <trkpt lat="43.803394" lon="-123.774918">
        <ele>83.2</ele>
        <time>2023-06-10T23:00:04Z</time>
      </trkpt>
      <trkpt lat="43.803326" lon="-123.774811">
        <ele>83.2</ele>
        <time>2023-06-10T23:00:06Z</time>
      </trkpt>
      <trkpt lat="43.803097" lon="-123.774544">
        <ele>83.3</ele>
        <time>2023-06-10T23:00:12Z</time>
      </trkpt>
      <trkpt lat="43.802681" lon="-123.773994">
        <ele>84.6</ele>
        <time>2023-06-10T23:00:24Z</time>
      </trkpt>
      <trkpt lat="43.802197" lon="-123.773415">
        <ele>86.0</ele>
        <time>2023-06-10T23:00:37Z</time>
      </trkpt>
      <trkpt lat="43.801884" lon="-123.772903">
        <ele>86.2</ele>
        <time>2023-06-10T23:00:46Z</time>
      </trkpt>
      <trkpt lat="43.801701" lon="-123.772545">
        <ele>86.0</ele>
        <time>2023-06-10T23:00:52Z</time>
      </trkpt>
      <trkpt lat="43.801426" lon="-123.771935">
        <ele>85.2</ele>
        <time>2023-06-10T23:01:01Z</time>
      </trkpt>
      <trkpt lat="43.80135" lon="-123.771675">
        <ele>85.2</ele>
        <time>2023-06-10T23:01:04Z</time>
      </trkpt>
      <trkpt lat="43.801258" lon="-123.771461">
        <ele>85.0</ele>
        <time>2023-06-10T23:01:07Z</time>
      </trkpt>
      <trkpt lat="43.801032" lon="-123.770699">
        <ele>84.7</ele>
        <time>2023-06-10T23:01:17Z</time>
      </trkpt>
      <trkpt lat="43.800945" lon="-123.770348">
        <ele>84.7</ele>
        <time>2023-06-10T23:01:22Z</time>
      </trkpt>
      <trkpt lat="43.800888" lon="-123.77005">
        <ele>84.7</ele>
        <time>2023-06-10T23:01:26Z</time>
      </trkpt>
      <trkpt lat="43.800846" lon="-123.769691">
        <ele>85.0</ele>
        <time>2023-06-10T23:01:31Z</time>
      </trkpt>
      <trkpt lat="43.800823" lon="-123.769348">
        <ele>85.3</ele>
        <time>2023-06-10T23:01:36Z</time>
      </trkpt>
      <trkpt lat="43.800823" lon="-123.768875">
        <ele>86.3</ele>
        <time>2023-06-10T23:01:43Z</time>
      </trkpt>
      <trkpt lat="43.800838" lon="-123.768814">
        <ele>86.6</ele>
        <time>2023-06-10T23:01:44Z</time>
      </trkpt>
      <trkpt lat="43.800869" lon="-123.768707">
        <ele>86.7</ele>
        <time>2023-06-10T23:01:46Z</time>
      </trkpt>
      <trkpt lat="43.800945" lon="-123.768623">
        <ele>87.0</ele>
        <time>2023-06-10T23:01:48Z</time>
      </trkpt>
      <trkpt lat="43.801025" lon="-123.768318">
        <ele>87.3</ele>
        <time>2023-06-10T23:01:53Z</time>
      </trkpt>
      <trkpt lat="43.801044" lon="-123.768188">
        <ele>87.6</ele>
        <time>2023-06-10T23:01:55Z</time>
      </trkpt>
      <trkpt lat="43.801155" lon="-123.767792">
        <ele>88.0</ele>
        <time>2023-06-10T23:02:02Z</time>
      </trkpt>
      <trkpt lat="43.801357" lon="-123.767288">
        <ele>88.2</ele>
        <time>2023-06-10T23:02:11Z</time>
      </trkpt>
      <trkpt lat="43.801662" lon="-123.766777">
        <ele>88.2</ele>
        <time>2023-06-10T23:02:21Z</time>
      </trkpt>
      <trkpt lat="43.801975" lon="-123.766403">
        <ele>88.0</ele>
        <time>2023-06-10T23:02:29Z</time>
      </trkpt>
      <trkpt lat="43.802284" lon="-123.766151">
        <ele>87.7</ele>
        <time>2023-06-10T23:02:36Z</time>
      </trkpt>
      <trkpt lat="43.802711" lon="-123.765884">
        <ele>87.3</ele>
        <time>2023-06-10T23:02:44Z</time>
      </trkpt>
      <trkpt lat="43.802933" lon="-123.765808">
        <ele>87.2</ele>
        <time>2023-06-10T23:02:48Z</time>
      </trkpt>
      <trkpt lat="43.803165" lon="-123.765747">
        <ele>87.2</ele>
        <time>2023-06-10T23:02:52Z</time>
      </trkpt>
      <trkpt lat="43.803509" lon="-123.765709">
        <ele>87.3</ele>
        <time>2023-06-10T23:02:58Z</time>
      </trkpt>
      <trkpt lat="43.804039" lon="-123.765785">
        <ele>87.7</ele>
        <time>2023-06-10T23:03:07Z</time>
      </trkpt>
      <trkpt lat="43.805038" lon="-123.766052">
        <ele>87.7</ele>
        <time>2023-06-10T23:03:24Z</time>
      </trkpt>
      <trkpt lat="43.80513" lon="-123.766113">
        <ele>87.6</ele>
        <time>2023-06-10T23:03:26Z</time>
      </trkpt>
      <trkpt lat="43.805321" lon="-123.766403">
        <ele>87.6</ele>
        <time>2023-06-10T23:03:31Z</time>
      </trkpt>
      <trkpt lat="43.805485" lon="-123.766769">
        <ele>87.6</ele>
        <time>2023-06-10T23:03:37Z</time>
      </trkpt>
      <trkpt lat="43.80571" lon="-123.767357">
        <ele>87.7</ele>
        <time>2023-06-10T23:03:48Z</time>
      </trkpt>
      <trkpt lat="43.805428" lon="-123.766655">
        <ele>87.6</ele>
        <time>2023-06-10T23:04:12Z</time>
      </trkpt>
      <trkpt lat="43.805313" lon="-123.766418">
        <ele>87.6</ele>
        <time>2023-06-10T23:04:18Z</time>
      </trkpt>
      <trkpt lat="43.805309" lon="-123.766182">
        <ele>87.6</ele>
        <time>2023-06-10T23:04:23Z</time>
      </trkpt>
      <trkpt lat="43.805508" lon="-123.766037">
        <ele>87.6</ele>
        <time>2023-06-10T23:04:29Z</time>
      </trkpt>
      <trkpt lat="43.805862" lon="-123.765854">
        <ele>87.7</ele>
        <time>2023-06-10T23:04:39Z</time>
      </trkpt>
      <trkpt lat="43.806068" lon="-123.765724">
        <ele>87.7</ele>
        <time>2023-06-10T23:04:44Z</time>
      </trkpt>
      <trkpt lat="43.806488" lon="-123.765373">
        <ele>87.6</ele>
        <time>2023-06-10T23:04:53Z</time>
      </trkpt>
      <trkpt lat="43.806652" lon="-123.765175">
        <ele>87.6</ele>
        <time>2023-06-10T23:04:58Z</time>
      </trkpt>
      <trkpt lat="43.80687" lon="-123.765015">
        <ele>87.6</ele>
        <time>2023-06-10T23:05:03Z</time>
      </trkpt>
      <trkpt lat="43.807156" lon="-123.764763">
        <ele>87.7</ele>
        <time>2023-06-10T23:05:10Z</time>
      </trkpt>
      <trkpt lat="43.807343" lon="-123.764648">
        <ele>88.2</ele>
        <time>2023-06-10T23:05:14Z</time>
      </trkpt>
      <trkpt lat="43.807781" lon="-123.764275">
        <ele>88.7</ele>
        <time>2023-06-10T23:05:24Z</time>
      </trkpt>
      <trkpt lat="43.808093" lon="-123.76387">
        <ele>89.0</ele>
        <time>2023-06-10T23:05:32Z</time>
      </trkpt>
      <trkpt lat="43.808186" lon="-123.763557">
        <ele>89.2</ele>
        <time>2023-06-10T23:05:37Z</time>
      </trkpt>
      <trkpt lat="43.808289" lon="-123.763084">
        <ele>89.3</ele>
        <time>2023-06-10T23:05:44Z</time>
      </trkpt>
      <trkpt lat="43.8083" lon="-123.762421">
        <ele>89.0</ele>
        <time>2023-06-10T23:05:53Z</time>
      </trkpt>
      <trkpt lat="43.80827" lon="-123.762192">
        <ele>89.0</ele>
        <time>2023-06-10T23:05:56Z</time>
      </trkpt>
      <trkpt lat="43.808174" lon="-123.761703">
        <ele>88.7</ele>
        <time>2023-06-10T23:06:04Z</time>
      </trkpt>
      <trkpt lat="43.80814" lon="-123.761597">
        <ele>88.6</ele>
        <time>2023-06-10T23:06:06Z</time>
      </trkpt>
      <trkpt lat="43.808044" lon="-123.761391">
        <ele>88.3</ele>
        <time>2023-06-10T23:06:10Z</time>
      </trkpt>
      <trkpt lat="43.807961" lon="-123.761162">
        <ele>88.3</ele>
        <time>2023-06-10T23:06:14Z</time>
      </trkpt>
      <trkpt lat="43.807903" lon="-123.761055">
        <ele>88.3</ele>
        <time>2023-06-10T23:06:16Z</time>
      </trkpt>
      <trkpt lat="43.8078" lon="-123.76078">
        <ele>88.3</ele>
        <time>2023-06-10T23:06:21Z</time>
      </trkpt>
      <trkpt lat="43.807713" lon="-123.76062">
        <ele>88.2</ele>
        <time>2023-06-10T23:06:23Z</time>
      </trkpt>
      <trkpt lat="43.807609" lon="-123.760529">
        <ele>88.2</ele>
        <time>2023-06-10T23:06:25Z</time>
      </trkpt>
      <trkpt lat="43.807502" lon="-123.760368">
        <ele>88.2</ele>
        <time>2023-06-10T23:06:27Z</time>
      </trkpt>
      <trkpt lat="43.807285" lon="-123.760109">
        <ele>88.2</ele>
        <time>2023-06-10T23:06:32Z</time>
      </trkpt>
      <trkpt lat="43.807018" lon="-123.759918">
        <ele>88.0</ele>
        <time>2023-06-10T23:06:38Z</time>
      </trkpt>
      <trkpt lat="43.806648" lon="-123.75972">
        <ele>87.7</ele>
        <time>2023-06-10T23:06:46Z</time>
      </trkpt>
      <trkpt lat="43.805767" lon="-123.759445">
        <ele>87.3</ele>
        <time>2023-06-10T23:07:04Z</time>
      </trkpt>
      <trkpt lat="43.805252" lon="-123.759369">
        <ele>87.3</ele>
        <time>2023-06-10T23:07:14Z</time>
      </trkpt>
      <trkpt lat="43.805079" lon="-123.759399">
        <ele>87.6</ele>
        <time>2023-06-10T23:07:17Z</time>
      </trkpt>
      <trkpt lat="43.804951" lon="-123.759262">
        <ele>87.6</ele>
        <time>2023-06-10T23:07:19Z</time>
      </trkpt>
      <trkpt lat="43.804722" lon="-123.759201">
        <ele>87.6</ele>
        <time>2023-06-10T23:07:23Z</time>
      </trkpt>
      <trkpt lat="43.804412" lon="-123.759193">
        <ele>87.7</ele>
        <time>2023-06-10T23:07:29Z</time>
      </trkpt>
      <trkpt lat="43.804138" lon="-123.759117">
        <ele>88.0</ele>
        <time>2023-06-10T23:07:34Z</time>
      </trkpt>
      <trkpt lat="43.803799" lon="-123.759071">
        <ele>88.2</ele>
        <time>2023-06-10T23:07:40Z</time>
      </trkpt>
      <trkpt lat="43.803234" lon="-123.759056">
        <ele>88.6</ele>
        <time>2023-06-10T23:07:50Z</time>
      </trkpt>
      <trkpt lat="43.803074" lon="-123.759079">
        <ele>88.6</ele>
        <time>2023-06-10T23:07:53Z</time>
      </trkpt>
      <trkpt lat="43.802677" lon="-123.759186">
        <ele>88.6</ele>
        <time>2023-06-10T23:08:00Z</time>
      </trkpt>
      <trkpt lat="43.802261" lon="-123.759369">
        <ele>88.6</ele>
        <time>2023-06-10T23:08:08Z</time>
      </trkpt>
      <trkpt lat="43.801792" lon="-123.759613">
        <ele>88.6</ele>
        <time>2023-06-10T23:08:17Z</time>
      </trkpt>
      <trkpt lat="43.801186" lon="-123.760056">
        <ele>88.6</ele>
        <time>2023-06-10T23:08:31Z</time>
      </trkpt>
      <trkpt lat="43.800953" lon="-123.760292">
        <ele>89.0</ele>
        <time>2023-06-10T23:08:37Z</time>
      </trkpt>
      <trkpt lat="43.800751" lon="-123.760567">
        <ele>89.6</ele>
        <time>2023-06-10T23:08:43Z</time>
      </trkpt>
      <trkpt lat="43.800441" lon="-123.760941">
        <ele>90.0</ele>
        <time>2023-06-10T23:08:51Z</time>
      </trkpt>
      <trkpt lat="43.800255" lon="-123.761253">
        <ele>90.3</ele>
        <time>2023-06-10T23:08:57Z</time>
      </trkpt>
      <trkpt lat="43.800205" lon="-123.761368">
        <ele>90.3</ele>
        <time>2023-06-10T23:08:59Z</time>
      </trkpt>
      <trkpt lat="43.799736" lon="-123.762077">
        <ele>90.6</ele>
        <time>2023-06-10T23:09:12Z</time>
      </trkpt>
      <trkpt lat="43.799618" lon="-123.762314">
        <ele>90.6</ele>
        <time>2023-06-10T23:09:16Z</time>
      </trkpt>
      <trkpt lat="43.799351" lon="-123.762642">
        <ele>90.7</ele>
        <time>2023-06-10T23:09:22Z</time>
      </trkpt>
      <trkpt lat="43.799191" lon="-123.76297">
        <ele>90.7</ele>
        <time>2023-06-10T23:09:27Z</time>
      </trkpt>
      <trkpt lat="43.798878" lon="-123.763435">
        <ele>91.0</ele>
        <time>2023-06-10T23:09:35Z</time>
      </trkpt>
      <trkpt lat="43.79858" lon="-123.763786">
        <ele>91.2</ele>
        <time>2023-06-10T23:09:42Z</time>
      </trkpt>
      <trkpt lat="43.798488" lon="-123.76387">
        <ele>91.2</ele>
        <time>2023-06-10T23:09:44Z</time>
      </trkpt>
      <trkpt lat="43.79835" lon="-123.763969">
        <ele>91.2</ele>
        <time>2023-06-10T23:09:47Z</time>
      </trkpt>
      <trkpt lat="43.797897" lon="-123.764214">
        <ele>91.7</ele>
        <time>2023-06-10T23:09:56Z</time>
      </trkpt>
      <trkpt lat="43.797508" lon="-123.76445">
        <ele>91.7</ele>
        <time>2023-06-10T23:10:03Z</time>
      </trkpt>
      <trkpt lat="43.796524" lon="-123.764847">
        <ele>91.2</ele>
        <time>2023-06-10T23:10:20Z</time>
      </trkpt>
      <trkpt lat="43.796124" lon="-123.764992">
        <ele>90.7</ele>
        <time>2023-06-10T23:10:27Z</time>
      </trkpt>
      <trkpt lat="43.795775" lon="-123.765053">
        <ele>90.7</ele>
        <time>2023-06-10T23:10:33Z</time>
      </trkpt>
      <trkpt lat="43.795502" lon="-123.765053">
        <ele>90.7</ele>
        <time>2023-06-10T23:10:38Z</time>
      </trkpt>
      <trkpt lat="43.795269" lon="-123.764938">
        <ele>91.2</ele>
        <time>2023-06-10T23:10:43Z</time>
      </trkpt>
      <trkpt lat="43.795059" lon="-123.764763">
        <ele>91.7</ele>
        <time>2023-06-10T23:10:48Z</time>
      </trkpt>
      <trkpt lat="43.795025" lon="-123.764717">
        <ele>92.0</ele>
        <time>2023-06-10T23:10:49Z</time>
      </trkpt>
      <trkpt lat="43.794787" lon="-123.764336">
        <ele>93.0</ele>
        <time>2023-06-10T23:10:57Z</time>
      </trkpt>
      <trkpt lat="43.794613" lon="-123.76387">
        <ele>94.0</ele>
        <time>2023-06-10T23:11:05Z</time>
      </trkpt>
      <trkpt lat="43.794582" lon="-123.763741">
        <ele>94.0</ele>
        <time>2023-06-10T23:11:07Z</time>
      </trkpt>
      <trkpt lat="43.794529" lon="-123.763359">
        <ele>94.6</ele>
        <time>2023-06-10T23:11:13Z</time>
      </trkpt>
      <trkpt lat="43.794529" lon="-123.762939">
        <ele>95.0</ele>
        <time>2023-06-10T23:11:20Z</time>
      </trkpt>
      <trkpt lat="43.794548" lon="-123.76281">
        <ele>95.0</ele>
        <time>2023-06-10T23:11:22Z</time>
      </trkpt>
      <trkpt lat="43.794617" lon="-123.76239">
        <ele>95.3</ele>
        <time>2023-06-10T23:11:28Z</time>
      </trkpt>
      <trkpt lat="43.794827" lon="-123.761589">
        <ele>95.3</ele>
        <time>2023-06-10T23:11:40Z</time>
      </trkpt>
      <trkpt lat="43.794979" lon="-123.761116">
        <ele>95.2</ele>
        <time>2023-06-10T23:11:47Z</time>
      </trkpt>
      <trkpt lat="43.795135" lon="-123.760666">
        <ele>95.2</ele>
        <time>2023-06-10T23:11:54Z</time>
      </trkpt>
      <trkpt lat="43.795284" lon="-123.7603">
        <ele>95.2</ele>
        <time>2023-06-10T23:12:00Z</time>
      </trkpt>
      <trkpt lat="43.795345" lon="-123.760193">
        <ele>95.2</ele>
        <time>2023-06-10T23:12:02Z</time>
      </trkpt>
      <trkpt lat="43.795639" lon="-123.75943">
        <ele>95.3</ele>
        <time>2023-06-10T23:12:13Z</time>
      </trkpt>
      <trkpt lat="43.795887" lon="-123.758919">
        <ele>95.2</ele>
        <time>2023-06-10T23:12:21Z</time>
      </trkpt>
      <trkpt lat="43.796135" lon="-123.758575">
        <ele>94.7</ele>
        <time>2023-06-10T23:12:27Z</time>
      </trkpt>
      <trkpt lat="43.796467" lon="-123.758194">
        <ele>94.7</ele>
        <time>2023-06-10T23:12:34Z</time>
      </trkpt>
      <trkpt lat="43.796883" lon="-123.757896">
        <ele>94.6</ele>
        <time>2023-06-10T23:12:42Z</time>
      </trkpt>
      <trkpt lat="43.797348" lon="-123.757706">
        <ele>94.6</ele>
        <time>2023-06-10T23:12:51Z</time>
      </trkpt>
      <trkpt lat="43.798004" lon="-123.757545">
        <ele>94.3</ele>
        <time>2023-06-10T23:13:02Z</time>
      </trkpt>
      <trkpt lat="43.79829" lon="-123.757454">
        <ele>94.2</ele>
        <time>2023-06-10T23:13:07Z</time>
      </trkpt>
      <trkpt lat="43.799007" lon="-123.757286">
        <ele>94.0</ele>
        <time>2023-06-10T23:13:19Z</time>
      </trkpt>
      <trkpt lat="43.799965" lon="-123.757019">
        <ele>93.7</ele>
        <time>2023-06-10T23:13:35Z</time>
      </trkpt>
      <trkpt lat="43.800303" lon="-123.756943">
        <ele>94.0</ele>
        <time>2023-06-10T23:13:41Z</time>
      </trkpt>
      <trkpt lat="43.800593" lon="-123.756828">
        <ele>94.3</ele>
        <time>2023-06-10T23:13:47Z</time>
      </trkpt>
      <trkpt lat="43.802055" lon="-123.756348">
        <ele>95.6</ele>
        <time>2023-06-10T23:14:14Z</time>
      </trkpt>
      <trkpt lat="43.802464" lon="-123.756187">
        <ele>95.3</ele>
        <time>2023-06-10T23:14:21Z</time>
      </trkpt>
      <trkpt lat="43.802879" lon="-123.755989">
        <ele>95.3</ele>
        <time>2023-06-10T23:14:29Z</time>
      </trkpt>
      <trkpt lat="43.803288" lon="-123.755707">
        <ele>95.2</ele>
        <time>2023-06-10T23:14:37Z</time>
      </trkpt>
      <trkpt lat="43.803547" lon="-123.755501">
        <ele>95.2</ele>
        <time>2023-06-10T23:14:42Z</time>
      </trkpt>
      <trkpt lat="43.803864" lon="-123.755219">
        <ele>95.2</ele>
        <time>2023-06-10T23:14:48Z</time>
      </trkpt>
      <trkpt lat="43.803982" lon="-123.75515">
        <ele>95.0</ele>
        <time>2023-06-10T23:14:50Z</time>
      </trkpt>
      <trkpt lat="43.804203" lon="-123.754944">
        <ele>95.0</ele>
        <time>2023-06-10T23:14:55Z</time>
      </trkpt>
      <trkpt lat="43.804485" lon="-123.754601">
        <ele>95.0</ele>
        <time>2023-06-10T23:15:02Z</time>
      </trkpt>
      <trkpt lat="43.804707" lon="-123.754379">
        <ele>95.0</ele>
        <time>2023-06-10T23:15:07Z</time>
      </trkpt>
      <trkpt lat="43.804974" lon="-123.753899">
        <ele>95.3</ele>
        <time>2023-06-10T23:15:15Z</time>
      </trkpt>
      <trkpt lat="43.805019" lon="-123.753769">
        <ele>95.3</ele>
        <time>2023-06-10T23:15:17Z</time>
      </trkpt>
      <trkpt lat="43.805061" lon="-123.753555">
        <ele>95.3</ele>
        <time>2023-06-10T23:15:20Z</time>
      </trkpt>
      <trkpt lat="43.805079" lon="-123.753326">
        <ele>95.3</ele>
        <time>2023-06-10T23:15:23Z</time>
      </trkpt>
      <trkpt lat="43.805069" lon="-123.753044">
        <ele>95.2</ele>
        <time>2023-06-10T23:15:27Z</time>
      </trkpt>
      <trkpt lat="43.804993" lon="-123.752808">
        <ele>95.0</ele>
        <time>2023-06-10T23:15:31Z</time>
      </trkpt>
      <trkpt lat="43.804787" lon="-123.752319">
        <ele>94.7</ele>
        <time>2023-06-10T23:15:39Z</time>
      </trkpt>
      <trkpt lat="43.804623" lon="-123.751999">
        <ele>94.7</ele>
        <time>2023-06-10T23:15:45Z</time>
      </trkpt>
      <trkpt lat="43.804356" lon="-123.751656">
        <ele>94.3</ele>
        <time>2023-06-10T23:15:53Z</time>
      </trkpt>
      <trkpt lat="43.804211" lon="-123.751442">
        <ele>94.3</ele>
        <time>2023-06-10T23:15:58Z</time>
      </trkpt>
      <trkpt lat="43.80415" lon="-123.751381">
        <ele>94.3</ele>
        <time>2023-06-10T23:16:00Z</time>
      </trkpt>
      <trkpt lat="43.80352" lon="-123.750832">
        <ele>94.7</ele>
        <time>2023-06-10T23:16:15Z</time>
      </trkpt>
      <trkpt lat="43.803368" lon="-123.750732">
        <ele>94.7</ele>
        <time>2023-06-10T23:16:18Z</time>
      </trkpt>
      <trkpt lat="43.803089" lon="-123.750504">
        <ele>94.7</ele>
        <time>2023-06-10T23:16:24Z</time>
      </trkpt>
      <trkpt lat="43.802765" lon="-123.750175">
        <ele>94.7</ele>
        <time>2023-06-10T23:16:32Z</time>
      </trkpt>
      <trkpt lat="43.802479" lon="-123.749969">
        <ele>95.0</ele>
        <time>2023-06-10T23:16:38Z</time>
      </trkpt>
      <trkpt lat="43.802074" lon="-123.749763">
        <ele>95.2</ele>
        <time>2023-06-10T23:16:48Z</time>
      </trkpt>
      <trkpt lat="43.801926" lon="-123.749664">
        <ele>95.3</ele>
        <time>2023-06-10T23:16:51Z</time>
      </trkpt>
      <trkpt lat="43.801563" lon="-123.749512">
        <ele>95.6</ele>
        <time>2023-06-10T23:16:58Z</time>
      </trkpt>
      <trkpt lat="43.801262" lon="-123.749428">
        <ele>95.6</ele>
        <time>2023-06-10T23:17:04Z</time>
      </trkpt>
      <trkpt lat="43.80109" lon="-123.749405">
        <ele>95.7</ele>
        <time>2023-06-10T23:17:07Z</time>
      </trkpt>
      <trkpt lat="43.800758" lon="-123.749435">
        <ele>96.2</ele>
        <time>2023-06-10T23:17:14Z</time>
      </trkpt>
      <trkpt lat="43.800109" lon="-123.749435">
        <ele>97.3</ele>
        <time>2023-06-10T23:17:29Z</time>
      </trkpt>
      <trkpt lat="43.799667" lon="-123.749458">
        <ele>98.2</ele>
        <time>2023-06-10T23:17:42Z</time>
      </trkpt>
      <trkpt lat="43.799286" lon="-123.749405">
        <ele>98.7</ele>
        <time>2023-06-10T23:17:50Z</time>
      </trkpt>
      <trkpt lat="43.798756" lon="-123.749435">
        <ele>98.7</ele>
        <time>2023-06-10T23:18:00Z</time>
      </trkpt>
      <trkpt lat="43.798664" lon="-123.749458">
        <ele>98.7</ele>
        <time>2023-06-10T23:18:02Z</time>
      </trkpt>
      <trkpt lat="43.798512" lon="-123.749428">
        <ele>98.7</ele>
        <time>2023-06-10T23:18:05Z</time>
      </trkpt>
      <trkpt lat="43.798195" lon="-123.749321">
        <ele>98.6</ele>
        <time>2023-06-10T23:18:11Z</time>
      </trkpt>
      <trkpt lat="43.798" lon="-123.749214">
        <ele>98.6</ele>
        <time>2023-06-10T23:18:16Z</time>
      </trkpt>
      <trkpt lat="43.797749" lon="-123.749031">
        <ele>98.6</ele>
        <time>2023-06-10T23:18:22Z</time>
      </trkpt>
      <trkpt lat="43.797554" lon="-123.74884">
        <ele>98.6</ele>
        <time>2023-06-10T23:18:27Z</time>
      </trkpt>
      <trkpt lat="43.797427" lon="-123.74868">
        <ele>98.6</ele>
        <time>2023-06-10T23:18:31Z</time>
      </trkpt>
      <trkpt lat="43.797249" lon="-123.74823">
        <ele>98.7</ele>
        <time>2023-06-10T23:18:38Z</time>
      </trkpt>
      <trkpt lat="43.797131" lon="-123.748001">
        <ele>98.7</ele>
        <time>2023-06-10T23:18:42Z</time>
      </trkpt>
      <trkpt lat="43.797092" lon="-123.74765">
        <ele>98.7</ele>
        <time>2023-06-10T23:18:47Z</time>
      </trkpt>
      <trkpt lat="43.797115" lon="-123.747307">
        <ele>98.7</ele>
        <time>2023-06-10T23:18:51Z</time>
      </trkpt>
      <trkpt lat="43.797424" lon="-123.746559">
        <ele>98.6</ele>
        <time>2023-06-10T23:19:01Z</time>
      </trkpt>
      <trkpt lat="43.797604" lon="-123.745872">
        <ele>98.6</ele>
        <time>2023-06-10T23:19:12Z</time>
      </trkpt>
      <trkpt lat="43.797756" lon="-123.745499">
        <ele>98.6</ele>
        <time>2023-06-10T23:19:18Z</time>
      </trkpt>
      <trkpt lat="43.797787" lon="-123.745354">
        <ele>98.7</ele>
        <time>2023-06-10T23:19:20Z</time>
      </trkpt>
      <trkpt lat="43.797771" lon="-123.745285">
        <ele>98.7</ele>
        <time>2023-06-10T23:19:21Z</time>
      </trkpt>
      <trkpt lat="43.797798" lon="-123.745094">
        <ele>98.7</ele>
        <time>2023-06-10T23:19:24Z</time>
      </trkpt>
      <trkpt lat="43.797794" lon="-123.744926">
        <ele>99.0</ele>
        <time>2023-06-10T23:19:26Z</time>
      </trkpt>
      <trkpt lat="43.797817" lon="-123.744789">
        <ele>99.0</ele>
        <time>2023-06-10T23:19:28Z</time>
      </trkpt>
      <trkpt lat="43.797932" lon="-123.744408">
        <ele>99.2</ele>
        <time>2023-06-10T23:19:33Z</time>
      </trkpt>
      <trkpt lat="43.797939" lon="-123.744247">
        <ele>99.2</ele>
        <time>2023-06-10T23:19:35Z</time>
      </trkpt>
      <trkpt lat="43.797989" lon="-123.744102">
        <ele>99.2</ele>
        <time>2023-06-10T23:19:37Z</time>
      </trkpt>
      <trkpt lat="43.798141" lon="-123.742844">
        <ele>99.2</ele>
        <time>2023-06-10T23:19:54Z</time>
      </trkpt>
      <trkpt lat="43.798096" lon="-123.742546">
        <ele>99.2</ele>
        <time>2023-06-10T23:19:58Z</time>
      </trkpt>
      <trkpt lat="43.798107" lon="-123.74221">
        <ele>99.2</ele>
        <time>2023-06-10T23:20:03Z</time>
      </trkpt>
      <trkpt lat="43.798157" lon="-123.741821">
        <ele>99.2</ele>
        <time>2023-06-10T23:20:09Z</time>
      </trkpt>
      <trkpt lat="43.798126" lon="-123.7416">
        <ele>99.2</ele>
        <time>2023-06-10T23:20:12Z</time>
      </trkpt>
      <trkpt lat="43.798061" lon="-123.741379">
        <ele>99.2</ele>
        <time>2023-06-10T23:20:15Z</time>
      </trkpt>
      <trkpt lat="43.798038" lon="-123.741089">
        <ele>99.2</ele>
        <time>2023-06-10T23:20:19Z</time>
      </trkpt>
      <trkpt lat="43.797894" lon="-123.740295">
        <ele>99.3</ele>
        <time>2023-06-10T23:20:30Z</time>
      </trkpt>
      <trkpt lat="43.797832" lon="-123.739624">
        <ele>99.3</ele>
        <time>2023-06-10T23:20:39Z</time>
      </trkpt>
      <trkpt lat="43.797886" lon="-123.738983">
        <ele>99.6</ele>
        <time>2023-06-10T23:20:48Z</time>
      </trkpt>
      <trkpt lat="43.797942" lon="-123.738602">
        <ele>99.6</ele>
        <time>2023-06-10T23:20:53Z</time>
      </trkpt>
      <trkpt lat="43.798038" lon="-123.738358">
        <ele>99.6</ele>
        <time>2023-06-10T23:20:57Z</time>
      </trkpt>
      <trkpt lat="43.798157" lon="-123.73793">
        <ele>99.7</ele>
        <time>2023-06-10T23:21:03Z</time>
      </trkpt>
      <trkpt lat="43.798271" lon="-123.737671">
        <ele>99.7</ele>
        <time>2023-06-10T23:21:07Z</time>
      </trkpt>
      <trkpt lat="43.79845" lon="-123.737358">
        <ele>99.7</ele>
        <time>2023-06-10T23:21:12Z</time>
      </trkpt>
      <trkpt lat="43.798496" lon="-123.737206">
        <ele>99.7</ele>
        <time>2023-06-10T23:21:14Z</time>
      </trkpt>
      <trkpt lat="43.798599" lon="-123.737">
        <ele>99.6</ele>
        <time>2023-06-10T23:21:17Z</time>
      </trkpt>
      <trkpt lat="43.798847" lon="-123.736259">
        <ele>99.2</ele>
        <time>2023-06-10T23:21:27Z</time>
      </trkpt>
      <trkpt lat="43.798962" lon="-123.735992">
        <ele>99.0</ele>
        <time>2023-06-10T23:21:31Z</time>
      </trkpt>
      <trkpt lat="43.799374" lon="-123.735176">
        <ele>98.3</ele>
        <time>2023-06-10T23:21:43Z</time>
      </trkpt>
      <trkpt lat="43.799622" lon="-123.734779">
        <ele>98.0</ele>
        <time>2023-06-10T23:21:49Z</time>
      </trkpt>
      <trkpt lat="43.799988" lon="-123.734283">
        <ele>97.0</ele>
        <time>2023-06-10T23:21:58Z</time>
      </trkpt>
      <trkpt lat="43.800261" lon="-123.733826">
        <ele>96.7</ele>
        <time>2023-06-10T23:22:05Z</time>
      </trkpt>
      <trkpt lat="43.800358" lon="-123.733711">
        <ele>96.7</ele>
        <time>2023-06-10T23:22:07Z</time>
      </trkpt>
      <trkpt lat="43.800964" lon="-123.732788">
        <ele>97.3</ele>
        <time>2023-06-10T23:22:22Z</time>
      </trkpt>
      <trkpt lat="43.801243" lon="-123.732224">
        <ele>97.7</ele>
        <time>2023-06-10T23:22:30Z</time>
      </trkpt>
      <trkpt lat="43.801331" lon="-123.732094">
        <ele>98.0</ele>
        <time>2023-06-10T23:22:32Z</time>
      </trkpt>
      <trkpt lat="43.801533" lon="-123.731697">
        <ele>98.3</ele>
        <time>2023-06-10T23:22:38Z</time>
      </trkpt>
      <trkpt lat="43.80173" lon="-123.731232">
        <ele>99.0</ele>
        <time>2023-06-10T23:22:45Z</time>
      </trkpt>
      <trkpt lat="43.801819" lon="-123.73101">
        <ele>99.3</ele>
        <time>2023-06-10T23:22:48Z</time>
      </trkpt>
      <trkpt lat="43.801891" lon="-123.730698">
        <ele>99.6</ele>
        <time>2023-06-10T23:22:52Z</time>
      </trkpt>
      <trkpt lat="43.801986" lon="-123.730408">
        <ele>99.6</ele>
        <time>2023-06-10T23:22:56Z</time>
      </trkpt>
      <trkpt lat="43.802036" lon="-123.730194">
        <ele>99.7</ele>
        <time>2023-06-10T23:22:59Z</time>
      </trkpt>
      <trkpt lat="43.802138" lon="-123.729935">
        <ele>100.0</ele>
        <time>2023-06-10T23:23:03Z</time>
      </trkpt>
      <trkpt lat="43.802242" lon="-123.729546">
        <ele>100.6</ele>
        <time>2023-06-10T23:23:09Z</time>
      </trkpt>
      <trkpt lat="43.802299" lon="-123.729233">
        <ele>100.7</ele>
        <time>2023-06-10T23:23:14Z</time>
      </trkpt>
      <trkpt lat="43.802299" lon="-123.729019">
        <ele>101.0</ele>
        <time>2023-06-10T23:23:17Z</time>
      </trkpt>
      <trkpt lat="43.802364" lon="-123.728668">
        <ele>101.0</ele>
        <time>2023-06-10T23:23:23Z</time>
      </trkpt>
      <trkpt lat="43.802425" lon="-123.728531">
        <ele>101.0</ele>
        <time>2023-06-10T23:23:26Z</time>
      </trkpt>
      <trkpt lat="43.802483" lon="-123.728287">
        <ele>101.2</ele>
        <time>2023-06-10T23:23:29Z</time>
      </trkpt>
      <trkpt lat="43.802544" lon="-123.728142">
        <ele>101.2</ele>
        <time>2023-06-10T23:23:31Z</time>
      </trkpt>
      <trkpt lat="43.802546" lon="-123.728081">
        <ele>101.2</ele>
        <time>2023-06-10T23:23:32Z</time>
      </trkpt>
      <trkpt lat="43.802631" lon="-123.72773">
        <ele>101.2</ele>
        <time>2023-06-10T23:23:37Z</time>
      </trkpt>
      <trkpt lat="43.802872" lon="-123.727142">
        <ele>101.6</ele>
        <time>2023-06-10T23:23:45Z</time>
      </trkpt>
      <trkpt lat="43.803005" lon="-123.726868">
        <ele>101.6</ele>
        <time>2023-06-10T23:23:49Z</time>
      </trkpt>
      <trkpt lat="43.803013" lon="-123.726685">
        <ele>101.6</ele>
        <time>2023-06-10T23:23:51Z</time>
      </trkpt>
      <trkpt lat="43.803223" lon="-123.726204">
        <ele>101.7</ele>
        <time>2023-06-10T23:23:58Z</time>
      </trkpt>
      <trkpt lat="43.803593" lon="-123.72551">
        <ele>102.0</ele>
        <time>2023-06-10T23:24:09Z</time>
      </trkpt>
      <trkpt lat="43.804333" lon="-123.72448">
        <ele>101.7</ele>
        <time>2023-06-10T23:24:28Z</time>
      </trkpt>
      <trkpt lat="43.804671" lon="-123.724075">
        <ele>101.6</ele>
        <time>2023-06-10T23:24:36Z</time>
      </trkpt>
      <trkpt lat="43.805034" lon="-123.723724">
        <ele>101.3</ele>
        <time>2023-06-10T23:24:43Z</time>
      </trkpt>
      <trkpt lat="43.805283" lon="-123.723518">
        <ele>101.6</ele>
        <time>2023-06-10T23:24:48Z</time>
      </trkpt>
      <trkpt lat="43.80579" lon="-123.723137">
        <ele>101.6</ele>
        <time>2023-06-10T23:24:57Z</time>
      </trkpt>
      <trkpt lat="43.806076" lon="-123.722977">
        <ele>101.3</ele>
        <time>2023-06-10T23:25:02Z</time>
      </trkpt>
      <trkpt lat="43.806396" lon="-123.722763">
        <ele>101.3</ele>
        <time>2023-06-10T23:25:08Z</time>
      </trkpt>
      <trkpt lat="43.806755" lon="-123.722557">
        <ele>101.3</ele>
        <time>2023-06-10T23:25:14Z</time>
      </trkpt>
      <trkpt lat="43.807106" lon="-123.72242">
        <ele>101.6</ele>
        <time>2023-06-10T23:25:20Z</time>
      </trkpt>
      <trkpt lat="43.80722" lon="-123.722359">
        <ele>101.7</ele>
        <time>2023-06-10T23:25:22Z</time>
      </trkpt>
      <trkpt lat="43.807468" lon="-123.722183">
        <ele>102.0</ele>
        <time>2023-06-10T23:25:27Z</time>
      </trkpt>
      <trkpt lat="43.807484" lon="-123.72213">
        <ele>102.0</ele>
        <time>2023-06-10T23:25:28Z</time>
      </trkpt>
      <trkpt lat="43.807629" lon="-123.721992">
        <ele>102.2</ele>
        <time>2023-06-10T23:25:31Z</time>
      </trkpt>
      <trkpt lat="43.80785" lon="-123.721725">
        <ele>102.3</ele>
        <time>2023-06-10T23:25:36Z</time>
      </trkpt>
      <trkpt lat="43.808014" lon="-123.721611">
        <ele>102.3</ele>
        <time>2023-06-10T23:25:39Z</time>
      </trkpt>
      <trkpt lat="43.808426" lon="-123.721207">
        <ele>102.6</ele>
        <time>2023-06-10T23:25:48Z</time>
      </trkpt>
      <trkpt lat="43.808552" lon="-123.720978">
        <ele>102.6</ele>
        <time>2023-06-10T23:25:52Z</time>
      </trkpt>
      <trkpt lat="43.808819" lon="-123.720581">
        <ele>102.6</ele>
        <time>2023-06-10T23:25:59Z</time>
      </trkpt>
      <trkpt lat="43.808849" lon="-123.72052">
        <ele>102.6</ele>
        <time>2023-06-10T23:26:00Z</time>
      </trkpt>
      <trkpt lat="43.808872" lon="-123.720406">
        <ele>102.6</ele>
        <time>2023-06-10T23:26:02Z</time>
      </trkpt>
      <trkpt lat="43.808968" lon="-123.720215">
        <ele>102.6</ele>
        <time>2023-06-10T23:26:05Z</time>
      </trkpt>
      <trkpt lat="43.809021" lon="-123.720039">
        <ele>102.7</ele>
        <time>2023-06-10T23:26:08Z</time>
      </trkpt>
      <trkpt lat="43.809052" lon="-123.71946">
        <ele>103.0</ele>
        <time>2023-06-10T23:26:15Z</time>
      </trkpt>
      <trkpt lat="43.808964" lon="-123.719055">
        <ele>103.2</ele>
        <time>2023-06-10T23:26:21Z</time>
      </trkpt>
      <trkpt lat="43.808426" lon="-123.71785">
        <ele>103.3</ele>
        <time>2023-06-10T23:26:40Z</time>
      </trkpt>
      <trkpt lat="43.808307" lon="-123.717751">
        <ele>103.3</ele>
        <time>2023-06-10T23:26:42Z</time>
      </trkpt>
      <trkpt lat="43.808193" lon="-123.717606">
        <ele>103.3</ele>
        <time>2023-06-10T23:26:46Z</time>
      </trkpt>
      <trkpt lat="43.807827" lon="-123.717369">
        <ele>103.6</ele>
        <time>2023-06-10T23:26:50Z</time>
      </trkpt>
      <trkpt lat="43.807796" lon="-123.717331">
        <ele>103.6</ele>
        <time>2023-06-10T23:26:51Z</time>
      </trkpt>
      <trkpt lat="43.807346" lon="-123.717094">
        <ele>104.0</ele>
        <time>2023-06-10T23:26:59Z</time>
      </trkpt>
      <trkpt lat="43.806927" lon="-123.717033">
        <ele>104.0</ele>
        <time>2023-06-10T23:27:06Z</time>
      </trkpt>
      <trkpt lat="43.806591" lon="-123.717026">
        <ele>104.0</ele>
        <time>2023-06-10T23:27:12Z</time>
      </trkpt>
      <trkpt lat="43.805893" lon="-123.716934">
        <ele>104.0</ele>
        <time>2023-06-10T23:27:24Z</time>
      </trkpt>
      <trkpt lat="43.805679" lon="-123.716949">
        <ele>104.2</ele>
        <time>2023-06-10T23:27:28Z</time>
      </trkpt>
      <trkpt lat="43.805428" lon="-123.716927">
        <ele>104.2</ele>
        <time>2023-06-10T23:27:32Z</time>
      </trkpt>
      <trkpt lat="43.804882" lon="-123.717064">
        <ele>104.3</ele>
        <time>2023-06-10T23:27:42Z</time>
      </trkpt>
      <trkpt lat="43.804333" lon="-123.717354">
        <ele>104.3</ele>
        <time>2023-06-10T23:27:53Z</time>
      </trkpt>
      <trkpt lat="43.803925" lon="-123.717651">
        <ele>104.6</ele>
        <time>2023-06-10T23:28:01Z</time>
      </trkpt>
      <trkpt lat="43.803467" lon="-123.718117">
        <ele>105.2</ele>
        <time>2023-06-10T23:28:12Z</time>
      </trkpt>
      <trkpt lat="43.803158" lon="-123.718384">
        <ele>105.6</ele>
        <time>2023-06-10T23:28:19Z</time>
      </trkpt>
      <trkpt lat="43.803092" lon="-123.718422">
        <ele>105.6</ele>
        <time>2023-06-10T23:28:20Z</time>
      </trkpt>
      <trkpt lat="43.802853" lon="-123.718666">
        <ele>106.0</ele>
        <time>2023-06-10T23:28:26Z</time>
      </trkpt>
      <trkpt lat="43.802193" lon="-123.719093">
        <ele>107.7</ele>
        <time>2023-06-10T23:28:41Z</time>
      </trkpt>
      <trkpt lat="43.801834" lon="-123.719177">
        <ele>108.0</ele>
        <time>2023-06-10T23:28:48Z</time>
      </trkpt>
      <trkpt lat="43.801521" lon="-123.719177">
        <ele>108.3</ele>
        <time>2023-06-10T23:28:54Z</time>
      </trkpt>
      <trkpt lat="43.801083" lon="-123.71907">
        <ele>108.6</ele>
        <time>2023-06-10T23:29:03Z</time>
      </trkpt>
      <trkpt lat="43.800907" lon="-123.718948">
        <ele>108.6</ele>
        <time>2023-06-10T23:29:07Z</time>
      </trkpt>
      <trkpt lat="43.80041" lon="-123.718445">
        <ele>108.3</ele>
        <time>2023-06-10T23:29:17Z</time>
      </trkpt>
      <trkpt lat="43.800343" lon="-123.718323">
        <ele>108.2</ele>
        <time>2023-06-10T23:29:19Z</time>
      </trkpt>
      <trkpt lat="43.800068" lon="-123.717766">
        <ele>108.0</ele>
        <time>2023-06-10T23:29:27Z</time>
      </trkpt>
      <trkpt lat="43.799911" lon="-123.717232">
        <ele>107.2</ele>
        <time>2023-06-10T23:29:34Z</time>
      </trkpt>
      <trkpt lat="43.79985" lon="-123.716904">
        <ele>107.2</ele>
        <time>2023-06-10T23:29:38Z</time>
      </trkpt>
      <trkpt lat="43.799805" lon="-123.716263">
        <ele>107.2</ele>
        <time>2023-06-10T23:29:46Z</time>
      </trkpt>
      <trkpt lat="43.799828" lon="-123.715912">
        <ele>107.0</ele>
        <time>2023-06-10T23:29:50Z</time>
      </trkpt>
      <trkpt lat="43.799767" lon="-123.71534">
        <ele>107.0</ele>
        <time>2023-06-10T23:29:57Z</time>
      </trkpt>
      <trkpt lat="43.799717" lon="-123.714226">
        <ele>106.6</ele>
        <time>2023-06-10T23:30:11Z</time>
      </trkpt>
      <trkpt lat="43.79969" lon="-123.714043">
        <ele>106.6</ele>
        <time>2023-06-10T23:30:13Z</time>
      </trkpt>
      <trkpt lat="43.799694" lon="-123.713722">
        <ele>106.3</ele>
        <time>2023-06-10T23:30:17Z</time>
      </trkpt>
      <trkpt lat="43.799629" lon="-123.712845">
        <ele>106.2</ele>
        <time>2023-06-10T23:30:29Z</time>
      </trkpt>
      <trkpt lat="43.799656" lon="-123.712532">
        <ele>106.2</ele>
        <time>2023-06-10T23:30:33Z</time>
      </trkpt>
      <trkpt lat="43.799641" lon="-123.712303">
        <ele>106.2</ele>
        <time>2023-06-10T23:30:36Z</time>
      </trkpt>
      <trkpt lat="43.799667" lon="-123.711693">
        <ele>106.2</ele>
        <time>2023-06-10T23:30:44Z</time>
      </trkpt>
      <trkpt lat="43.799712" lon="-123.711266">
        <ele>106.3</ele>
        <time>2023-06-10T23:30:50Z</time>
      </trkpt>
      <trkpt lat="43.799961" lon="-123.710579">
        <ele>106.7</ele>
        <time>2023-06-10T23:31:00Z</time>
      </trkpt>
      <trkpt lat="43.800018" lon="-123.710449">
        <ele>107.0</ele>
        <time>2023-06-10T23:31:02Z</time>
      </trkpt>
      <trkpt lat="43.800224" lon="-123.710091">
        <ele>107.3</ele>
        <time>2023-06-10T23:31:08Z</time>
      </trkpt>
      <trkpt lat="43.800297" lon="-123.709999">
        <ele>107.7</ele>
        <time>2023-06-10T23:31:10Z</time>
      </trkpt>
      <trkpt lat="43.800575" lon="-123.709755">
        <ele>108.0</ele>
        <time>2023-06-10T23:31:16Z</time>
      </trkpt>
      <trkpt lat="43.800739" lon="-123.709679">
        <ele>108.2</ele>
        <time>2023-06-10T23:31:19Z</time>
      </trkpt>
      <trkpt lat="43.800888" lon="-123.709587">
        <ele>108.2</ele>
        <time>2023-06-10T23:31:22Z</time>
      </trkpt>
      <trkpt lat="43.801067" lon="-123.709511">
        <ele>108.3</ele>
        <time>2023-06-10T23:31:25Z</time>
      </trkpt>
      <trkpt lat="43.801781" lon="-123.709335">
        <ele>108.6</ele>
        <time>2023-06-10T23:31:39Z</time>
      </trkpt>
      <trkpt lat="43.802143" lon="-123.709274">
        <ele>108.6</ele>
        <time>2023-06-10T23:31:46Z</time>
      </trkpt>
      <trkpt lat="43.802402" lon="-123.709251">
        <ele>108.7</ele>
        <time>2023-06-10T23:31:51Z</time>
      </trkpt>
      <trkpt lat="43.803108" lon="-123.709236">
        <ele>109.0</ele>
        <time>2023-06-10T23:32:04Z</time>
      </trkpt>
      <trkpt lat="43.803272" lon="-123.709213">
        <ele>109.2</ele>
        <time>2023-06-10T23:32:08Z</time>
      </trkpt>
      <trkpt lat="43.803436" lon="-123.709183">
        <ele>109.6</ele>
        <time>2023-06-10T23:32:12Z</time>
      </trkpt>
      <trkpt lat="43.803471" lon="-123.70916">
        <ele>109.6</ele>
        <time>2023-06-10T23:32:13Z</time>
      </trkpt>
      <trkpt lat="43.803787" lon="-123.709114">
        <ele>109.6</ele>
        <time>2023-06-10T23:32:19Z</time>
      </trkpt>
      <trkpt lat="43.803944" lon="-123.709045">
        <ele>109.6</ele>
        <time>2023-06-10T23:32:22Z</time>
      </trkpt>
      <trkpt lat="43.804295" lon="-123.708954">
        <ele>109.6</ele>
        <time>2023-06-10T23:32:28Z</time>
      </trkpt>
      <trkpt lat="43.804604" lon="-123.708916">
        <ele>109.6</ele>
        <time>2023-06-10T23:32:34Z</time>
      </trkpt>
      <trkpt lat="43.804871" lon="-123.708855">
        <ele>109.2</ele>
        <time>2023-06-10T23:32:39Z</time>
      </trkpt>
      <trkpt lat="43.805267" lon="-123.708801">
        <ele>109.0</ele>
        <time>2023-06-10T23:32:46Z</time>
      </trkpt>
      <trkpt lat="43.805904" lon="-123.708687">
        <ele>108.7</ele>
        <time>2023-06-10T23:32:57Z</time>
      </trkpt>
      <trkpt lat="43.806824" lon="-123.708565">
        <ele>108.6</ele>
        <time>2023-06-10T23:33:11Z</time>
      </trkpt>
      <trkpt lat="43.807507" lon="-123.708496">
        <ele>108.6</ele>
        <time>2023-06-10T23:33:22Z</time>
      </trkpt>
      <trkpt lat="43.807854" lon="-123.708481">
        <ele>108.3</ele>
        <time>2023-06-10T23:33:28Z</time>
      </trkpt>
      <trkpt lat="43.808186" lon="-123.708435">
        <ele>108.2</ele>
        <time>2023-06-10T23:33:34Z</time>
      </trkpt>
      <trkpt lat="43.808533" lon="-123.708366">
        <ele>108.0</ele>
        <time>2023-06-10T23:33:40Z</time>
      </trkpt>
      <trkpt lat="43.808872" lon="-123.708267">
        <ele>107.3</ele>
        <time>2023-06-10T23:33:46Z</time>
      </trkpt>
      <trkpt lat="43.809742" lon="-123.70787">
        <ele>108.0</ele>
        <time>2023-06-10T23:34:01Z</time>
      </trkpt>
      <trkpt lat="43.810443" lon="-123.707466">
        <ele>108.3</ele>
        <time>2023-06-10T23:34:15Z</time>
      </trkpt>
      <trkpt lat="43.810863" lon="-123.707123">
        <ele>109.0</ele>
        <time>2023-06-10T23:34:24Z</time>
      </trkpt>
      <trkpt lat="43.811039" lon="-123.707016">
        <ele>109.0</ele>
        <time>2023-06-10T23:34:28Z</time>
      </trkpt>
      <trkpt lat="43.811153" lon="-123.706871">
        <ele>109.2</ele>
        <time>2023-06-10T23:34:31Z</time>
      </trkpt>
      <trkpt lat="43.811592" lon="-123.706467">
        <ele>109.3</ele>
        <time>2023-06-10T23:34:41Z</time>
      </trkpt>
      <trkpt lat="43.811806" lon="-123.706192">
        <ele>109.6</ele>
        <time>2023-06-10T23:34:47Z</time>
      </trkpt>
      <trkpt lat="43.812149" lon="-123.705811">
        <ele>109.7</ele>
        <time>2023-06-10T23:34:55Z</time>
      </trkpt>
      <trkpt lat="43.812244" lon="-123.705658">
        <ele>110.0</ele>
        <time>2023-06-10T23:34:58Z</time>
      </trkpt>
      <trkpt lat="43.812374" lon="-123.705536">
        <ele>110.0</ele>
        <time>2023-06-10T23:35:01Z</time>
      </trkpt>
      <trkpt lat="43.812485" lon="-123.705383">
        <ele>110.0</ele>
        <time>2023-06-10T23:35:04Z</time>
      </trkpt>
      <trkpt lat="43.812572" lon="-123.7052">
        <ele>110.2</ele>
        <time>2023-06-10T23:35:07Z</time>
      </trkpt>
      <trkpt lat="43.812893" lon="-123.704788">
        <ele>110.3</ele>
        <time>2023-06-10T23:35:16Z</time>
      </trkpt>
      <trkpt lat="43.813267" lon="-123.704399">
        <ele>111.0</ele>
        <time>2023-06-10T23:35:25Z</time>
      </trkpt>
      <trkpt lat="43.813442" lon="-123.704277">
        <ele>111.0</ele>
        <time>2023-06-10T23:35:29Z</time>
      </trkpt>
      <trkpt lat="43.813675" lon="-123.704163">
        <ele>111.2</ele>
        <time>2023-06-10T23:35:34Z</time>
      </trkpt>
      <trkpt lat="43.814396" lon="-123.703712">
        <ele>111.6</ele>
        <time>2023-06-10T23:35:49Z</time>
      </trkpt>
      <trkpt lat="43.814575" lon="-123.703621">
        <ele>111.6</ele>
        <time>2023-06-10T23:35:53Z</time>
      </trkpt>
      <trkpt lat="43.814822" lon="-123.703468">
        <ele>111.7</ele>
        <time>2023-06-10T23:35:58Z</time>
      </trkpt>
      <trkpt lat="43.814987" lon="-123.703331">
        <ele>112.0</ele>
        <time>2023-06-10T23:36:02Z</time>
      </trkpt>
      <trkpt lat="43.815551" lon="-123.702988">
        <ele>112.2</ele>
        <time>2023-06-10T23:36:13Z</time>
      </trkpt>
      <trkpt lat="43.815662" lon="-123.702896">
        <ele>112.3</ele>
        <time>2023-06-10T23:36:16Z</time>
      </trkpt>
      <trkpt lat="43.815975" lon="-123.702705">
        <ele>112.3</ele>
        <time>2023-06-10T23:36:21Z</time>
      </trkpt>
      <trkpt lat="43.816479" lon="-123.702232">
        <ele>112.6</ele>
        <time>2023-06-10T23:36:32Z</time>
      </trkpt>
      <trkpt lat="43.817055" lon="-123.701729">
        <ele>113.2</ele>
        <time>2023-06-10T23:36:45Z</time>
      </trkpt>
      <trkpt lat="43.817375" lon="-123.701485">
        <ele>113.2</ele>
        <time>2023-06-10T23:36:52Z</time>
      </trkpt>
      <trkpt lat="43.817841" lon="-123.701263">
        <ele>113.2</ele>
        <time>2023-06-10T23:37:01Z</time>
      </trkpt>
      <trkpt lat="43.818336" lon="-123.701118">
        <ele>113.0</ele>
        <time>2023-06-10T23:37:10Z</time>
      </trkpt>
      <trkpt lat="43.818737" lon="-123.70105">
        <ele>112.7</ele>
        <time>2023-06-10T23:37:17Z</time>
      </trkpt>
      <trkpt lat="43.819626" lon="-123.700844">
        <ele>112.0</ele>
        <time>2023-06-10T23:37:33Z</time>
      </trkpt>
      <trkpt lat="43.819874" lon="-123.700821">
        <ele>112.0</ele>
        <time>2023-06-10T23:37:37Z</time>
      </trkpt>
      <trkpt lat="43.820118" lon="-123.700821">
        <ele>112.0</ele>
        <time>2023-06-10T23:37:41Z</time>
      </trkpt>
      <trkpt lat="43.820656" lon="-123.700943">
        <ele>113.0</ele>
        <time>2023-06-10T23:37:50Z</time>
      </trkpt>
      <trkpt lat="43.820827" lon="-123.701004">
        <ele>113.0</ele>
        <time>2023-06-10T23:37:53Z</time>
      </trkpt>
      <trkpt lat="43.821136" lon="-123.701065">
        <ele>113.2</ele>
        <time>2023-06-10T23:37:58Z</time>
      </trkpt>
      <trkpt lat="43.821602" lon="-123.701111">
        <ele>113.0</ele>
        <time>2023-06-10T23:38:06Z</time>
      </trkpt>
      <trkpt lat="43.822006" lon="-123.701073">
        <ele>112.7</ele>
        <time>2023-06-10T23:38:13Z</time>
      </trkpt>
      <trkpt lat="43.822342" lon="-123.700966">
        <ele>112.7</ele>
        <time>2023-06-10T23:38:20Z</time>
      </trkpt>
      <trkpt lat="43.822838" lon="-123.700706">
        <ele>113.0</ele>
        <time>2023-06-10T23:38:30Z</time>
      </trkpt>
      <trkpt lat="43.823956" lon="-123.70018">
        <ele>113.6</ele>
        <time>2023-06-10T23:38:50Z</time>
      </trkpt>
      <trkpt lat="43.824295" lon="-123.699936">
        <ele>113.3</ele>
        <time>2023-06-10T23:38:57Z</time>
      </trkpt>
      <trkpt lat="43.824547" lon="-123.699646">
        <ele>113.6</ele>
        <time>2023-06-10T23:39:03Z</time>
      </trkpt>
      <trkpt lat="43.82489" lon="-123.69915">
        <ele>113.7</ele>
        <time>2023-06-10T23:39:12Z</time>
      </trkpt>
      <trkpt lat="43.825138" lon="-123.698708">
        <ele>114.0</ele>
        <time>2023-06-10T23:39:19Z</time>
      </trkpt>
      <trkpt lat="43.825394" lon="-123.698143">
        <ele>114.0</ele>
        <time>2023-06-10T23:39:27Z</time>
      </trkpt>
      <trkpt lat="43.826118" lon="-123.696312">
        <ele>113.7</ele>
        <time>2023-06-10T23:39:51Z</time>
      </trkpt>
      <trkpt lat="43.826344" lon="-123.695824">
        <ele>113.7</ele>
        <time>2023-06-10T23:39:58Z</time>
      </trkpt>
      <trkpt lat="43.826735" lon="-123.694862">
        <ele>113.7</ele>
        <time>2023-06-10T23:40:11Z</time>
      </trkpt>
      <trkpt lat="43.827114" lon="-123.693573">
        <ele>114.0</ele>
        <time>2023-06-10T23:40:27Z</time>
      </trkpt>
      <trkpt lat="43.827324" lon="-123.692459">
        <ele>114.3</ele>
        <time>2023-06-10T23:40:41Z</time>
      </trkpt>
      <trkpt lat="43.827362" lon="-123.692009">
        <ele>115.2</ele>
        <time>2023-06-10T23:40:47Z</time>
      </trkpt>
      <trkpt lat="43.827412" lon="-123.691788">
        <ele>115.2</ele>
        <time>2023-06-10T23:40:50Z</time>
      </trkpt>
      <trkpt lat="43.827412" lon="-123.691315">
        <ele>115.2</ele>
        <time>2023-06-10T23:40:56Z</time>
      </trkpt>
      <trkpt lat="43.827377" lon="-123.69091">
        <ele>115.2</ele>
        <time>2023-06-10T23:41:01Z</time>
      </trkpt>
      <trkpt lat="43.827357" lon="-123.690117">
        <ele>115.2</ele>
        <time>2023-06-10T23:41:12Z</time>
      </trkpt>
      <trkpt lat="43.827332" lon="-123.689781">
        <ele>115.3</ele>
        <time>2023-06-10T23:41:17Z</time>
      </trkpt>
      <trkpt lat="43.827339" lon="-123.689224">
        <ele>115.6</ele>
        <time>2023-06-10T23:41:25Z</time>
      </trkpt>
      <trkpt lat="43.827305" lon="-123.688942">
        <ele>115.7</ele>
        <time>2023-06-10T23:41:29Z</time>
      </trkpt>
      <trkpt lat="43.827293" lon="-123.687141">
        <ele>116.2</ele>
        <time>2023-06-10T23:41:55Z</time>
      </trkpt>
      <trkpt lat="43.827217" lon="-123.68631">
        <ele>116.2</ele>
        <time>2023-06-10T23:42:06Z</time>
      </trkpt>
      <trkpt lat="43.827217" lon="-123.686111">
        <ele>116.3</ele>
        <time>2023-06-10T23:42:10Z</time>
      </trkpt>
      <trkpt lat="43.827183" lon="-123.685776">
        <ele>116.6</ele>
        <time>2023-06-10T23:42:15Z</time>
      </trkpt>
      <trkpt lat="43.827141" lon="-123.685577">
        <ele>117.0</ele>
        <time>2023-06-10T23:42:18Z</time>
      </trkpt>
      <trkpt lat="43.827148" lon="-123.684959">
        <ele>117.3</ele>
        <time>2023-06-10T23:42:27Z</time>
      </trkpt>
      <trkpt lat="43.827114" lon="-123.684372">
        <ele>117.3</ele>
        <time>2023-06-10T23:42:35Z</time>
      </trkpt>
      <trkpt lat="43.827209" lon="-123.683075">
        <ele>118.2</ele>
        <time>2023-06-10T23:42:53Z</time>
      </trkpt>
      <trkpt lat="43.82729" lon="-123.682503">
        <ele>118.6</ele>
        <time>2023-06-10T23:43:02Z</time>
      </trkpt>
      <trkpt lat="43.827515" lon="-123.681648">
        <ele>118.7</ele>
        <time>2023-06-10T23:43:15Z</time>
      </trkpt>
      <trkpt lat="43.827557" lon="-123.681602">
        <ele>119.3</ele>
        <time>2023-06-10T23:43:28Z</time>
      </trkpt>
      <trkpt lat="43.827564" lon="-123.681427">
        <ele>119.6</ele>
        <time>2023-06-10T23:43:34Z</time>
      </trkpt>
      <trkpt lat="43.827663" lon="-123.681213">
        <ele>119.3</ele>
        <time>2023-06-10T23:43:39Z</time>
      </trkpt>
      <trkpt lat="43.827835" lon="-123.680573">
        <ele>120.0</ele>
        <time>2023-06-10T23:43:53Z</time>
      </trkpt>
      <trkpt lat="43.827866" lon="-123.680351">
        <ele>120.3</ele>
        <time>2023-06-10T23:43:58Z</time>
      </trkpt>
      <trkpt lat="43.827872" lon="-123.680153">
        <ele>120.3</ele>
        <time>2023-06-10T23:44:03Z</time>
      </trkpt>
      <trkpt lat="43.827843" lon="-123.679901">
        <ele>120.6</ele>
        <time>2023-06-10T23:44:10Z</time>
      </trkpt>
      <trkpt lat="43.827827" lon="-123.679901">
        <ele>120.6</ele>
        <time>2023-06-10T23:44:11Z</time>
      </trkpt>
      <trkpt lat="43.827839" lon="-123.67981">
        <ele>120.2</ele>
        <time>2023-06-10T23:51:48Z</time>
      </trkpt>
      <trkpt lat="43.827765" lon="-123.679611">
        <ele>120.3</ele>
        <time>2023-06-10T23:51:53Z</time>
      </trkpt>
      <trkpt lat="43.827618" lon="-123.678848">
        <ele>120.3</ele>
        <time>2023-06-10T23:52:05Z</time>
      </trkpt>
      <trkpt lat="43.827526" lon="-123.678551">
        <ele>120.3</ele>
        <time>2023-06-10T23:52:10Z</time>
      </trkpt>
      <trkpt lat="43.827174" lon="-123.677147">
        <ele>120.6</ele>
        <time>2023-06-10T23:52:31Z</time>
      </trkpt>
      <trkpt lat="43.827042" lon="-123.676506">
        <ele>121.0</ele>
        <time>2023-06-10T23:52:42Z</time>
      </trkpt>
      <trkpt lat="43.82687" lon="-123.675789">
        <ele>121.6</ele>
        <time>2023-06-10T23:52:54Z</time>
      </trkpt>
      <trkpt lat="43.826778" lon="-123.675285">
        <ele>121.7</ele>
        <time>2023-06-10T23:53:02Z</time>
      </trkpt>
      <trkpt lat="43.826725" lon="-123.674789">
        <ele>122.2</ele>
        <time>2023-06-10T23:53:10Z</time>
      </trkpt>
      <trkpt lat="43.826552" lon="-123.672607">
        <ele>123.7</ele>
        <time>2023-06-10T23:53:45Z</time>
      </trkpt>
      <trkpt lat="43.826507" lon="-123.671814">
        <ele>124.7</ele>
        <time>2023-06-10T23:53:57Z</time>
      </trkpt>
      <trkpt lat="43.826481" lon="-123.671638">
        <ele>125.0</ele>
        <time>2023-06-10T23:54:00Z</time>
      </trkpt>
      <trkpt lat="43.826476" lon="-123.671326">
        <ele>125.3</ele>
        <time>2023-06-10T23:54:05Z</time>
      </trkpt>
      <trkpt lat="43.826434" lon="-123.670959">
        <ele>126.0</ele>
        <time>2023-06-10T23:54:11Z</time>
      </trkpt>
      <trkpt lat="43.826401" lon="-123.670204">
        <ele>127.7</ele>
        <time>2023-06-10T23:54:26Z</time>
      </trkpt>
      <trkpt lat="43.826427" lon="-123.669922">
        <ele>129.3</ele>
        <time>2023-06-10T23:54:34Z</time>
      </trkpt>
      <trkpt lat="43.826485" lon="-123.669556">
        <ele>130.3</ele>
        <time>2023-06-10T23:54:42Z</time>
      </trkpt>
      <trkpt lat="43.826641" lon="-123.669144">
        <ele>132.3</ele>
        <time>2023-06-10T23:54:53Z</time>
      </trkpt>
      <trkpt lat="43.826659" lon="-123.669029">
        <ele>133.2</ele>
        <time>2023-06-10T23:54:56Z</time>
      </trkpt>
      <trkpt lat="43.826721" lon="-123.668861">
        <ele>133.7</ele>
        <time>2023-06-10T23:55:01Z</time>
      </trkpt>
      <trkpt lat="43.826752" lon="-123.668602">
        <ele>135.0</ele>
        <time>2023-06-10T23:55:08Z</time>
      </trkpt>
      <trkpt lat="43.82674" lon="-123.668312">
        <ele>136.0</ele>
        <time>2023-06-10T23:55:15Z</time>
      </trkpt>
      <trkpt lat="43.826775" lon="-123.668098">
        <ele>137.0</ele>
        <time>2023-06-10T23:55:21Z</time>
      </trkpt>
      <trkpt lat="43.826752" lon="-123.667801">
        <ele>138.2</ele>
        <time>2023-06-10T23:55:29Z</time>
      </trkpt>
      <trkpt lat="43.826694" lon="-123.66761">
        <ele>139.2</ele>
        <time>2023-06-10T23:55:34Z</time>
      </trkpt>
      <trkpt lat="43.826583" lon="-123.667442">
        <ele>140.0</ele>
        <time>2023-06-10T23:55:40Z</time>
      </trkpt>
      <trkpt lat="43.826347" lon="-123.66732">
        <ele>140.3</ele>
        <time>2023-06-10T23:55:46Z</time>
      </trkpt>
      <trkpt lat="43.826138" lon="-123.66713">
        <ele>141.0</ele>
        <time>2023-06-10T23:55:54Z</time>
      </trkpt>
      <trkpt lat="43.826068" lon="-123.667084">
        <ele>141.6</ele>
        <time>2023-06-10T23:55:57Z</time>
      </trkpt>
      <trkpt lat="43.825916" lon="-123.667007">
        <ele>142.2</ele>
        <time>2023-06-10T23:56:03Z</time>
      </trkpt>
      <trkpt lat="43.825668" lon="-123.666939">
        <ele>142.6</ele>
        <time>2023-06-10T23:56:12Z</time>
      </trkpt>
      <trkpt lat="43.82468" lon="-123.666801">
        <ele>145.6</ele>
        <time>2023-06-10T23:56:41Z</time>
      </trkpt>
      <trkpt lat="43.824451" lon="-123.666626">
        <ele>146.0</ele>
        <time>2023-06-10T23:56:48Z</time>
      </trkpt>
      <trkpt lat="43.824432" lon="-123.666588">
        <ele>146.2</ele>
        <time>2023-06-10T23:56:49Z</time>
      </trkpt>
      <trkpt lat="43.824223" lon="-123.666397">
        <ele>146.7</ele>
        <time>2023-06-10T23:56:55Z</time>
      </trkpt>
      <trkpt lat="43.82407" lon="-123.666145">
        <ele>147.0</ele>
        <time>2023-06-10T23:57:00Z</time>
      </trkpt>
      <trkpt lat="43.824039" lon="-123.666016">
        <ele>147.0</ele>
        <time>2023-06-10T23:57:02Z</time>
      </trkpt>
      <trkpt lat="43.824028" lon="-123.665855">
        <ele>147.2</ele>
        <time>2023-06-10T23:57:04Z</time>
      </trkpt>
      <trkpt lat="43.823952" lon="-123.665535">
        <ele>147.2</ele>
        <time>2023-06-10T23:57:09Z</time>
      </trkpt>
      <trkpt lat="43.823891" lon="-123.665062">
        <ele>147.2</ele>
        <time>2023-06-10T23:57:15Z</time>
      </trkpt>
      <trkpt lat="43.823887" lon="-123.66478">
        <ele>147.0</ele>
        <time>2023-06-10T23:57:19Z</time>
      </trkpt>
      <trkpt lat="43.82391" lon="-123.664429">
        <ele>146.7</ele>
        <time>2023-06-10T23:57:24Z</time>
      </trkpt>
      <trkpt lat="43.823971" lon="-123.664154">
        <ele>146.6</ele>
        <time>2023-06-10T23:57:28Z</time>
      </trkpt>
      <trkpt lat="43.824062" lon="-123.663864">
        <ele>146.3</ele>
        <time>2023-06-10T23:57:32Z</time>
      </trkpt>
      <trkpt lat="43.824115" lon="-123.663734">
        <ele>146.2</ele>
        <time>2023-06-10T23:57:34Z</time>
      </trkpt>
      <trkpt lat="43.824249" lon="-123.663506">
        <ele>146.0</ele>
        <time>2023-06-10T23:57:38Z</time>
      </trkpt>
      <trkpt lat="43.824406" lon="-123.663071">
        <ele>145.7</ele>
        <time>2023-06-10T23:57:44Z</time>
      </trkpt>
      <trkpt lat="43.824429" lon="-123.662903">
        <ele>145.7</ele>
        <time>2023-06-10T23:57:46Z</time>
      </trkpt>
      <trkpt lat="43.824459" lon="-123.662369">
        <ele>145.3</ele>
        <time>2023-06-10T23:57:52Z</time>
      </trkpt>
      <trkpt lat="43.82444" lon="-123.662193">
        <ele>145.3</ele>
        <time>2023-06-10T23:57:54Z</time>
      </trkpt>
      <trkpt lat="43.82428" lon="-123.661819">
        <ele>145.0</ele>
        <time>2023-06-10T23:57:59Z</time>
      </trkpt>
      <trkpt lat="43.823605" lon="-123.661362">
        <ele>144.2</ele>
        <time>2023-06-10T23:58:11Z</time>
      </trkpt>
      <trkpt lat="43.823536" lon="-123.661293">
        <ele>144.0</ele>
        <time>2023-06-10T23:58:12Z</time>
      </trkpt>
      <trkpt lat="43.823151" lon="-123.660782">
        <ele>143.3</ele>
        <time>2023-06-10T23:58:21Z</time>
      </trkpt>
      <trkpt lat="43.823082" lon="-123.660652">
        <ele>143.3</ele>
        <time>2023-06-10T23:58:23Z</time>
      </trkpt>
      <trkpt lat="43.823013" lon="-123.660416">
        <ele>143.2</ele>
        <time>2023-06-10T23:58:26Z</time>
      </trkpt>
      <trkpt lat="43.822987" lon="-123.66024">
        <ele>143.2</ele>
        <time>2023-06-10T23:58:28Z</time>
      </trkpt>
      <trkpt lat="43.822975" lon="-123.659615">
        <ele>143.2</ele>
        <time>2023-06-10T23:58:35Z</time>
      </trkpt>
      <trkpt lat="43.822983" lon="-123.658928">
        <ele>143.3</ele>
        <time>2023-06-10T23:58:43Z</time>
      </trkpt>
      <trkpt lat="43.823009" lon="-123.658531">
        <ele>143.7</ele>
        <time>2023-06-10T23:58:48Z</time>
      </trkpt>
      <trkpt lat="43.822975" lon="-123.658142">
        <ele>144.2</ele>
        <time>2023-06-10T23:58:53Z</time>
      </trkpt>
      <trkpt lat="43.822871" lon="-123.6577">
        <ele>144.3</ele>
        <time>2023-06-10T23:59:00Z</time>
      </trkpt>
      <trkpt lat="43.822792" lon="-123.657448">
        <ele>144.3</ele>
        <time>2023-06-10T23:59:04Z</time>
      </trkpt>
      <trkpt lat="43.822742" lon="-123.657349">
        <ele>144.6</ele>
        <time>2023-06-10T23:59:06Z</time>
      </trkpt>
      <trkpt lat="43.822628" lon="-123.657028">
        <ele>145.0</ele>
        <time>2023-06-10T23:59:12Z</time>
      </trkpt>
      <trkpt lat="43.822445" lon="-123.656731">
        <ele>145.2</ele>
        <time>2023-06-10T23:59:17Z</time>
      </trkpt>
      <trkpt lat="43.822308" lon="-123.656395">
        <ele>145.7</ele>
        <time>2023-06-10T23:59:24Z</time>
      </trkpt>
      <trkpt lat="43.822204" lon="-123.656219">
        <ele>146.2</ele>
        <time>2023-06-10T23:59:28Z</time>
      </trkpt>
      <trkpt lat="43.822056" lon="-123.655861">
        <ele>146.2</ele>
        <time>2023-06-10T23:59:35Z</time>
      </trkpt>
      <trkpt lat="43.82201" lon="-123.655602">
        <ele>146.3</ele>
        <time>2023-06-10T23:59:40Z</time>
      </trkpt>
      <trkpt lat="43.821911" lon="-123.655327">
        <ele>146.6</ele>
        <time>2023-06-10T23:59:45Z</time>
      </trkpt>
      <trkpt lat="43.821884" lon="-123.655174">
        <ele>146.7</ele>
        <time>2023-06-10T23:59:47Z</time>
      </trkpt>
      <trkpt lat="43.821689" lon="-123.65464">
        <ele>146.7</ele>
        <time>2023-06-10T23:59:55Z</time>
      </trkpt>
      <trkpt lat="43.821686" lon="-123.654556">
        <ele>146.7</ele>
        <time>2023-06-10T23:59:56Z</time>
      </trkpt>
      <trkpt lat="43.821579" lon="-123.65432">
        <ele>146.7</ele>
        <time>2023-06-10T23:59:59Z</time>
      </trkpt>
      <trkpt lat="43.821453" lon="-123.65374">
        <ele>146.7</ele>
        <time>2023-06-11T00:00:07Z</time>
      </trkpt>
      <trkpt lat="43.821388" lon="-123.653168">
        <ele>146.7</ele>
        <time>2023-06-11T00:00:16Z</time>
      </trkpt>
      <trkpt lat="43.82127" lon="-123.652489">
        <ele>147.0</ele>
        <time>2023-06-11T00:00:27Z</time>
      </trkpt>
      <trkpt lat="43.821209" lon="-123.65239">
        <ele>147.0</ele>
        <time>2023-06-11T00:00:29Z</time>
      </trkpt>
      <trkpt lat="43.821036" lon="-123.652023">
        <ele>147.0</ele>
        <time>2023-06-11T00:00:36Z</time>
      </trkpt>
      <trkpt lat="43.820976" lon="-123.65184">
        <ele>147.2</ele>
        <time>2023-06-11T00:00:40Z</time>
      </trkpt>
      <trkpt lat="43.820923" lon="-123.651764">
        <ele>147.2</ele>
        <time>2023-06-11T00:00:42Z</time>
      </trkpt>
      <trkpt lat="43.820847" lon="-123.651596">
        <ele>147.3</ele>
        <time>2023-06-11T00:00:46Z</time>
      </trkpt>
      <trkpt lat="43.820811" lon="-123.651367">
        <ele>147.3</ele>
        <time>2023-06-11T00:00:50Z</time>
      </trkpt>
      <trkpt lat="43.82061" lon="-123.650879">
        <ele>147.3</ele>
        <time>2023-06-11T00:00:58Z</time>
      </trkpt>
      <trkpt lat="43.820521" lon="-123.650719">
        <ele>147.3</ele>
        <time>2023-06-11T00:01:01Z</time>
      </trkpt>
      <trkpt lat="43.820461" lon="-123.650566">
        <ele>147.3</ele>
        <time>2023-06-11T00:01:03Z</time>
      </trkpt>
      <trkpt lat="43.820347" lon="-123.650398">
        <ele>147.3</ele>
        <time>2023-06-11T00:01:05Z</time>
      </trkpt>
      <trkpt lat="43.820286" lon="-123.650246">
        <ele>147.3</ele>
        <time>2023-06-11T00:01:07Z</time>
      </trkpt>
      <trkpt lat="43.820175" lon="-123.649803">
        <ele>147.7</ele>
        <time>2023-06-11T00:01:14Z</time>
      </trkpt>
      <trkpt lat="43.820171" lon="-123.649635">
        <ele>148.2</ele>
        <time>2023-06-11T00:01:17Z</time>
      </trkpt>
      <trkpt lat="43.820206" lon="-123.649216">
        <ele>148.7</ele>
        <time>2023-06-11T00:01:24Z</time>
      </trkpt>
      <trkpt lat="43.820248" lon="-123.648979">
        <ele>149.0</ele>
        <time>2023-06-11T00:01:28Z</time>
      </trkpt>
      <trkpt lat="43.820324" lon="-123.648735">
        <ele>149.0</ele>
        <time>2023-06-11T00:01:32Z</time>
      </trkpt>
      <trkpt lat="43.820374" lon="-123.648369">
        <ele>149.7</ele>
        <time>2023-06-11T00:01:39Z</time>
      </trkpt>
      <trkpt lat="43.820648" lon="-123.647797">
        <ele>150.6</ele>
        <time>2023-06-11T00:01:49Z</time>
      </trkpt>
      <trkpt lat="43.820751" lon="-123.647636">
        <ele>150.7</ele>
        <time>2023-06-11T00:01:52Z</time>
      </trkpt>
      <trkpt lat="43.820892" lon="-123.647255">
        <ele>151.0</ele>
        <time>2023-06-11T00:01:58Z</time>
      </trkpt>
      <trkpt lat="43.821056" lon="-123.646919">
        <ele>151.0</ele>
        <time>2023-06-11T00:02:04Z</time>
      </trkpt>
      <trkpt lat="43.821331" lon="-123.645912">
        <ele>152.3</ele>
        <time>2023-06-11T00:02:21Z</time>
      </trkpt>
      <trkpt lat="43.821377" lon="-123.645424">
        <ele>152.6</ele>
        <time>2023-06-11T00:02:28Z</time>
      </trkpt>
      <trkpt lat="43.821373" lon="-123.64534">
        <ele>152.6</ele>
        <time>2023-06-11T00:02:29Z</time>
      </trkpt>
      <trkpt lat="43.821331" lon="-123.644897">
        <ele>152.7</ele>
        <time>2023-06-11T00:02:35Z</time>
      </trkpt>
      <trkpt lat="43.821316" lon="-123.644539">
        <ele>153.0</ele>
        <time>2023-06-11T00:02:41Z</time>
      </trkpt>
      <trkpt lat="43.821217" lon="-123.643936">
        <ele>153.0</ele>
        <time>2023-06-11T00:02:51Z</time>
      </trkpt>
      <trkpt lat="43.821205" lon="-123.643555">
        <ele>153.3</ele>
        <time>2023-06-11T00:02:57Z</time>
      </trkpt>
      <trkpt lat="43.821247" lon="-123.643044">
        <ele>153.6</ele>
        <time>2023-06-11T00:03:04Z</time>
      </trkpt>
      <trkpt lat="43.821293" lon="-123.642899">
        <ele>153.6</ele>
        <time>2023-06-11T00:03:06Z</time>
      </trkpt>
      <trkpt lat="43.821316" lon="-123.6427">
        <ele>153.7</ele>
        <time>2023-06-11T00:03:09Z</time>
      </trkpt>
      <trkpt lat="43.821548" lon="-123.642059">
        <ele>154.3</ele>
        <time>2023-06-11T00:03:20Z</time>
      </trkpt>
      <trkpt lat="43.821716" lon="-123.641701">
        <ele>154.6</ele>
        <time>2023-06-11T00:03:26Z</time>
      </trkpt>
      <trkpt lat="43.821796" lon="-123.641365">
        <ele>154.7</ele>
        <time>2023-06-11T00:03:31Z</time>
      </trkpt>
      <trkpt lat="43.821808" lon="-123.641243">
        <ele>155.0</ele>
        <time>2023-06-11T00:03:33Z</time>
      </trkpt>
      <trkpt lat="43.821705" lon="-123.640594">
        <ele>155.0</ele>
        <time>2023-06-11T00:03:42Z</time>
      </trkpt>
      <trkpt lat="43.821636" lon="-123.640404">
        <ele>155.0</ele>
        <time>2023-06-11T00:03:45Z</time>
      </trkpt>
      <trkpt lat="43.821487" lon="-123.640121">
        <ele>155.2</ele>
        <time>2023-06-11T00:03:50Z</time>
      </trkpt>
      <trkpt lat="43.821087" lon="-123.639565">
        <ele>155.3</ele>
        <time>2023-06-11T00:04:01Z</time>
      </trkpt>
      <trkpt lat="43.821014" lon="-123.639435">
        <ele>155.3</ele>
        <time>2023-06-11T00:04:04Z</time>
      </trkpt>
      <trkpt lat="43.820679" lon="-123.639091">
        <ele>155.6</ele>
        <time>2023-06-11T00:04:13Z</time>
      </trkpt>
      <trkpt lat="43.820423" lon="-123.638794">
        <ele>156.2</ele>
        <time>2023-06-11T00:04:20Z</time>
      </trkpt>
      <trkpt lat="43.820377" lon="-123.638763">
        <ele>156.3</ele>
        <time>2023-06-11T00:04:21Z</time>
      </trkpt>
      <trkpt lat="43.820263" lon="-123.638611">
        <ele>156.6</ele>
        <time>2023-06-11T00:04:25Z</time>
      </trkpt>
      <trkpt lat="43.819958" lon="-123.638351">
        <ele>156.7</ele>
        <time>2023-06-11T00:04:33Z</time>
      </trkpt>
      <trkpt lat="43.819781" lon="-123.638138">
        <ele>157.0</ele>
        <time>2023-06-11T00:04:39Z</time>
      </trkpt>
      <trkpt lat="43.819466" lon="-123.63784">
        <ele>157.2</ele>
        <time>2023-06-11T00:04:45Z</time>
      </trkpt>
      <trkpt lat="43.819305" lon="-123.637665">
        <ele>157.2</ele>
        <time>2023-06-11T00:04:50Z</time>
      </trkpt>
      <trkpt lat="43.818976" lon="-123.637421">
        <ele>157.6</ele>
        <time>2023-06-11T00:04:56Z</time>
      </trkpt>
      <trkpt lat="43.818793" lon="-123.637215">
        <ele>158.0</ele>
        <time>2023-06-11T00:05:02Z</time>
      </trkpt>
      <trkpt lat="43.818615" lon="-123.636894">
        <ele>158.2</ele>
        <time>2023-06-11T00:05:07Z</time>
      </trkpt>
      <trkpt lat="43.818568" lon="-123.636749">
        <ele>158.3</ele>
        <time>2023-06-11T00:05:09Z</time>
      </trkpt>
      <trkpt lat="43.818527" lon="-123.636322">
        <ele>158.3</ele>
        <time>2023-06-11T00:05:15Z</time>
      </trkpt>
      <trkpt lat="43.818523" lon="-123.636055">
        <ele>158.6</ele>
        <time>2023-06-11T00:05:19Z</time>
      </trkpt>
      <trkpt lat="43.818554" lon="-123.635574">
        <ele>158.6</ele>
        <time>2023-06-11T00:05:26Z</time>
      </trkpt>
      <trkpt lat="43.818546" lon="-123.635429">
        <ele>158.7</ele>
        <time>2023-06-11T00:05:28Z</time>
      </trkpt>
      <trkpt lat="43.818588" lon="-123.634377">
        <ele>160.0</ele>
        <time>2023-06-11T00:05:44Z</time>
      </trkpt>
      <trkpt lat="43.818573" lon="-123.634109">
        <ele>160.2</ele>
        <time>2023-06-11T00:05:48Z</time>
      </trkpt>
      <trkpt lat="43.818523" lon="-123.633919">
        <ele>160.6</ele>
        <time>2023-06-11T00:05:51Z</time>
      </trkpt>
      <trkpt lat="43.818474" lon="-123.633804">
        <ele>160.6</ele>
        <time>2023-06-11T00:05:53Z</time>
      </trkpt>
      <trkpt lat="43.81818" lon="-123.633278">
        <ele>161.2</ele>
        <time>2023-06-11T00:06:03Z</time>
      </trkpt>
      <trkpt lat="43.818047" lon="-123.633125">
        <ele>161.2</ele>
        <time>2023-06-11T00:06:07Z</time>
      </trkpt>
      <trkpt lat="43.817917" lon="-123.633011">
        <ele>161.3</ele>
        <time>2023-06-11T00:06:11Z</time>
      </trkpt>
      <trkpt lat="43.81787" lon="-123.632919">
        <ele>161.3</ele>
        <time>2023-06-11T00:06:13Z</time>
      </trkpt>
      <trkpt lat="43.817802" lon="-123.632843">
        <ele>161.3</ele>
        <time>2023-06-11T00:06:15Z</time>
      </trkpt>
      <trkpt lat="43.817661" lon="-123.632629">
        <ele>161.7</ele>
        <time>2023-06-11T00:06:19Z</time>
      </trkpt>
      <trkpt lat="43.817371" lon="-123.632339">
        <ele>162.0</ele>
        <time>2023-06-11T00:06:26Z</time>
      </trkpt>
      <trkpt lat="43.817326" lon="-123.632317">
        <ele>162.0</ele>
        <time>2023-06-11T00:06:27Z</time>
      </trkpt>
      <trkpt lat="43.817295" lon="-123.632263">
        <ele>162.0</ele>
        <time>2023-06-11T00:06:28Z</time>
      </trkpt>
      <trkpt lat="43.81712" lon="-123.632088">
        <ele>162.2</ele>
        <time>2023-06-11T00:06:33Z</time>
      </trkpt>
      <trkpt lat="43.816868" lon="-123.63179">
        <ele>162.3</ele>
        <time>2023-06-11T00:06:41Z</time>
      </trkpt>
      <trkpt lat="43.816708" lon="-123.631577">
        <ele>162.7</ele>
        <time>2023-06-11T00:06:46Z</time>
      </trkpt>
      <trkpt lat="43.816566" lon="-123.631348">
        <ele>163.0</ele>
        <time>2023-06-11T00:06:51Z</time>
      </trkpt>
      <trkpt lat="43.816364" lon="-123.63073">
        <ele>163.2</ele>
        <time>2023-06-11T00:07:02Z</time>
      </trkpt>
      <trkpt lat="43.816254" lon="-123.630157">
        <ele>163.3</ele>
        <time>2023-06-11T00:07:12Z</time>
      </trkpt>
      <trkpt lat="43.815922" lon="-123.627335">
        <ele>165.6</ele>
        <time>2023-06-11T00:08:00Z</time>
      </trkpt>
      <trkpt lat="43.815928" lon="-123.626839">
        <ele>165.7</ele>
        <time>2023-06-11T00:08:08Z</time>
      </trkpt>
      <trkpt lat="43.815975" lon="-123.62645">
        <ele>166.2</ele>
        <time>2023-06-11T00:08:15Z</time>
      </trkpt>
      <trkpt lat="43.81612" lon="-123.625984">
        <ele>166.6</ele>
        <time>2023-06-11T00:08:23Z</time>
      </trkpt>
      <trkpt lat="43.816254" lon="-123.625717">
        <ele>166.7</ele>
        <time>2023-06-11T00:08:28Z</time>
      </trkpt>
      <trkpt lat="43.81702" lon="-123.624344">
        <ele>168.0</ele>
        <time>2023-06-11T00:08:54Z</time>
      </trkpt>
      <trkpt lat="43.817966" lon="-123.622818">
        <ele>169.6</ele>
        <time>2023-06-11T00:09:25Z</time>
      </trkpt>
      <trkpt lat="43.818237" lon="-123.622528">
        <ele>170.2</ele>
        <time>2023-06-11T00:09:32Z</time>
      </trkpt>
      <trkpt lat="43.81855" lon="-123.622375">
        <ele>170.3</ele>
        <time>2023-06-11T00:09:39Z</time>
      </trkpt>
      <trkpt lat="43.8189" lon="-123.622284">
        <ele>171.0</ele>
        <time>2023-06-11T00:09:47Z</time>
      </trkpt>
      <trkpt lat="43.81908" lon="-123.622261">
        <ele>171.0</ele>
        <time>2023-06-11T00:09:51Z</time>
      </trkpt>
      <trkpt lat="43.819232" lon="-123.6222">
        <ele>171.0</ele>
        <time>2023-06-11T00:09:55Z</time>
      </trkpt>
      <trkpt lat="43.819637" lon="-123.621895">
        <ele>171.6</ele>
        <time>2023-06-11T00:10:06Z</time>
      </trkpt>
      <trkpt lat="43.820385" lon="-123.621216">
        <ele>172.7</ele>
        <time>2023-06-11T00:10:26Z</time>
      </trkpt>
      <trkpt lat="43.820724" lon="-123.620834">
        <ele>173.0</ele>
        <time>2023-06-11T00:10:36Z</time>
      </trkpt>
      <trkpt lat="43.820896" lon="-123.620483">
        <ele>173.3</ele>
        <time>2023-06-11T00:10:43Z</time>
      </trkpt>
      <trkpt lat="43.821102" lon="-123.619888">
        <ele>173.7</ele>
        <time>2023-06-11T00:10:54Z</time>
      </trkpt>
      <trkpt lat="43.821194" lon="-123.619743">
        <ele>174.0</ele>
        <time>2023-06-11T00:10:57Z</time>
      </trkpt>
      <trkpt lat="43.821262" lon="-123.619667">
        <ele>174.2</ele>
        <time>2023-06-11T00:10:59Z</time>
      </trkpt>
      <trkpt lat="43.821457" lon="-123.619492">
        <ele>174.6</ele>
        <time>2023-06-11T00:11:04Z</time>
      </trkpt>
      <trkpt lat="43.821571" lon="-123.619415">
        <ele>174.7</ele>
        <time>2023-06-11T00:11:07Z</time>
      </trkpt>
      <trkpt lat="43.822113" lon="-123.619209">
        <ele>175.2</ele>
        <time>2023-06-11T00:11:20Z</time>
      </trkpt>
      <trkpt lat="43.822269" lon="-123.619095">
        <ele>175.3</ele>
        <time>2023-06-11T00:11:24Z</time>
      </trkpt>
      <trkpt lat="43.822525" lon="-123.618866">
        <ele>175.6</ele>
        <time>2023-06-11T00:11:29Z</time>
      </trkpt>
      <trkpt lat="43.822598" lon="-123.618782">
        <ele>175.6</ele>
        <time>2023-06-11T00:11:31Z</time>
      </trkpt>
      <trkpt lat="43.822708" lon="-123.618622">
        <ele>175.6</ele>
        <time>2023-06-11T00:11:34Z</time>
      </trkpt>
      <trkpt lat="43.822826" lon="-123.618378">
        <ele>175.6</ele>
        <time>2023-06-11T00:11:38Z</time>
      </trkpt>
      <trkpt lat="43.823242" lon="-123.617813">
        <ele>176.0</ele>
        <time>2023-06-11T00:11:51Z</time>
      </trkpt>
      <trkpt lat="43.823582" lon="-123.617226">
        <ele>176.3</ele>
        <time>2023-06-11T00:12:03Z</time>
      </trkpt>
      <trkpt lat="43.823784" lon="-123.616783">
        <ele>176.7</ele>
        <time>2023-06-11T00:12:12Z</time>
      </trkpt>
      <trkpt lat="43.823914" lon="-123.616554">
        <ele>177.0</ele>
        <time>2023-06-11T00:12:17Z</time>
      </trkpt>
      <trkpt lat="43.82402" lon="-123.616272">
        <ele>177.0</ele>
        <time>2023-06-11T00:12:22Z</time>
      </trkpt>
      <trkpt lat="43.824097" lon="-123.615974">
        <ele>177.2</ele>
        <time>2023-06-11T00:12:27Z</time>
      </trkpt>
      <trkpt lat="43.824081" lon="-123.615891">
        <ele>177.3</ele>
        <time>2023-06-11T00:12:28Z</time>
      </trkpt>
      <trkpt lat="43.824093" lon="-123.615578">
        <ele>177.3</ele>
        <time>2023-06-11T00:12:33Z</time>
      </trkpt>
      <trkpt lat="43.824078" lon="-123.615463">
        <ele>177.3</ele>
        <time>2023-06-11T00:12:35Z</time>
      </trkpt>
      <trkpt lat="43.824093" lon="-123.615379">
        <ele>177.3</ele>
        <time>2023-06-11T00:12:36Z</time>
      </trkpt>
      <trkpt lat="43.824084" lon="-123.615013">
        <ele>177.6</ele>
        <time>2023-06-11T00:12:42Z</time>
      </trkpt>
      <trkpt lat="43.824123" lon="-123.614601">
        <ele>177.7</ele>
        <time>2023-06-11T00:12:49Z</time>
      </trkpt>
      <trkpt lat="43.824242" lon="-123.614258">
        <ele>177.7</ele>
        <time>2023-06-11T00:12:55Z</time>
      </trkpt>
      <trkpt lat="43.824409" lon="-123.613419">
        <ele>178.3</ele>
        <time>2023-06-11T00:13:09Z</time>
      </trkpt>
      <trkpt lat="43.824898" lon="-123.611458">
        <ele>180.2</ele>
        <time>2023-06-11T00:13:42Z</time>
      </trkpt>
      <trkpt lat="43.825031" lon="-123.61068">
        <ele>181.2</ele>
        <time>2023-06-11T00:13:56Z</time>
      </trkpt>
      <trkpt lat="43.825066" lon="-123.610191">
        <ele>182.2</ele>
        <time>2023-06-11T00:14:05Z</time>
      </trkpt>
      <trkpt lat="43.825043" lon="-123.609909">
        <ele>182.6</ele>
        <time>2023-06-11T00:14:11Z</time>
      </trkpt>
      <trkpt lat="43.824909" lon="-123.608932">
        <ele>184.3</ele>
        <time>2023-06-11T00:14:30Z</time>
      </trkpt>
      <trkpt lat="43.824871" lon="-123.608772">
        <ele>184.6</ele>
        <time>2023-06-11T00:14:33Z</time>
      </trkpt>
      <trkpt lat="43.824677" lon="-123.608231">
        <ele>185.0</ele>
        <time>2023-06-11T00:14:42Z</time>
      </trkpt>
      <trkpt lat="43.824677" lon="-123.608147">
        <ele>185.0</ele>
        <time>2023-06-11T00:14:44Z</time>
      </trkpt>
      <trkpt lat="43.824623" lon="-123.607872">
        <ele>185.2</ele>
        <time>2023-06-11T00:14:50Z</time>
      </trkpt>
      <trkpt lat="43.824627" lon="-123.607567">
        <ele>185.2</ele>
        <time>2023-06-11T00:14:55Z</time>
      </trkpt>
      <trkpt lat="43.824688" lon="-123.606987">
        <ele>185.3</ele>
        <time>2023-06-11T00:15:03Z</time>
      </trkpt>
      <trkpt lat="43.824703" lon="-123.606918">
        <ele>185.3</ele>
        <time>2023-06-11T00:15:04Z</time>
      </trkpt>
      <trkpt lat="43.825249" lon="-123.605507">
        <ele>186.0</ele>
        <time>2023-06-11T00:15:25Z</time>
      </trkpt>
      <trkpt lat="43.82571" lon="-123.604149">
        <ele>187.2</ele>
        <time>2023-06-11T00:15:47Z</time>
      </trkpt>
      <trkpt lat="43.826126" lon="-123.603149">
        <ele>188.0</ele>
        <time>2023-06-11T00:16:04Z</time>
      </trkpt>
      <trkpt lat="43.826443" lon="-123.602203">
        <ele>188.6</ele>
        <time>2023-06-11T00:16:20Z</time>
      </trkpt>
      <trkpt lat="43.826504" lon="-123.601952">
        <ele>188.7</ele>
        <time>2023-06-11T00:16:24Z</time>
      </trkpt>
      <trkpt lat="43.826538" lon="-123.601692">
        <ele>189.6</ele>
        <time>2023-06-11T00:16:28Z</time>
      </trkpt>
      <trkpt lat="43.826561" lon="-123.601463">
        <ele>189.6</ele>
        <time>2023-06-11T00:16:32Z</time>
      </trkpt>
      <trkpt lat="43.826565" lon="-123.601028">
        <ele>189.7</ele>
        <time>2023-06-11T00:16:39Z</time>
      </trkpt>
      <trkpt lat="43.826588" lon="-123.600769">
        <ele>189.6</ele>
        <time>2023-06-11T00:16:43Z</time>
      </trkpt>
      <trkpt lat="43.826683" lon="-123.600266">
        <ele>189.7</ele>
        <time>2023-06-11T00:16:51Z</time>
      </trkpt>
      <trkpt lat="43.826817" lon="-123.59993">
        <ele>189.7</ele>
        <time>2023-06-11T00:16:57Z</time>
      </trkpt>
      <trkpt lat="43.827106" lon="-123.599442">
        <ele>190.0</ele>
        <time>2023-06-11T00:17:07Z</time>
      </trkpt>
      <trkpt lat="43.827209" lon="-123.599335">
        <ele>190.2</ele>
        <time>2023-06-11T00:17:10Z</time>
      </trkpt>
      <trkpt lat="43.827457" lon="-123.599136">
        <ele>190.6</ele>
        <time>2023-06-11T00:17:16Z</time>
      </trkpt>
      <trkpt lat="43.828083" lon="-123.598747">
        <ele>191.3</ele>
        <time>2023-06-11T00:17:30Z</time>
      </trkpt>
      <trkpt lat="43.828354" lon="-123.598404">
        <ele>191.6</ele>
        <time>2023-06-11T00:17:37Z</time>
      </trkpt>
      <trkpt lat="43.82851" lon="-123.598152">
        <ele>191.6</ele>
        <time>2023-06-11T00:17:42Z</time>
      </trkpt>
      <trkpt lat="43.828625" lon="-123.598007">
        <ele>191.7</ele>
        <time>2023-06-11T00:17:45Z</time>
      </trkpt>
      <trkpt lat="43.828754" lon="-123.597748">
        <ele>192.0</ele>
        <time>2023-06-11T00:17:50Z</time>
      </trkpt>
      <trkpt lat="43.828884" lon="-123.597572">
        <ele>192.3</ele>
        <time>2023-06-11T00:17:54Z</time>
      </trkpt>
      <trkpt lat="43.829185" lon="-123.597298">
        <ele>193.2</ele>
        <time>2023-06-11T00:18:02Z</time>
      </trkpt>
      <trkpt lat="43.829754" lon="-123.596725">
        <ele>193.6</ele>
        <time>2023-06-11T00:18:17Z</time>
      </trkpt>
      <trkpt lat="43.829952" lon="-123.596497">
        <ele>194.2</ele>
        <time>2023-06-11T00:18:22Z</time>
      </trkpt>
      <trkpt lat="43.830139" lon="-123.596207">
        <ele>194.6</ele>
        <time>2023-06-11T00:18:28Z</time>
      </trkpt>
      <trkpt lat="43.830376" lon="-123.595444">
        <ele>195.0</ele>
        <time>2023-06-11T00:18:41Z</time>
      </trkpt>
      <trkpt lat="43.830566" lon="-123.594368">
        <ele>196.3</ele>
        <time>2023-06-11T00:19:00Z</time>
      </trkpt>
      <trkpt lat="43.830715" lon="-123.593979">
        <ele>196.7</ele>
        <time>2023-06-11T00:19:07Z</time>
      </trkpt>
      <trkpt lat="43.830795" lon="-123.593887">
        <ele>196.7</ele>
        <time>2023-06-11T00:19:09Z</time>
      </trkpt>
      <trkpt lat="43.83086" lon="-123.593727">
        <ele>197.2</ele>
        <time>2023-06-11T00:19:12Z</time>
      </trkpt>
      <trkpt lat="43.831097" lon="-123.592682">
        <ele>198.2</ele>
        <time>2023-06-11T00:19:32Z</time>
      </trkpt>
      <trkpt lat="43.831287" lon="-123.592064">
        <ele>199.2</ele>
        <time>2023-06-11T00:19:44Z</time>
      </trkpt>
      <trkpt lat="43.831421" lon="-123.591415">
        <ele>200.3</ele>
        <time>2023-06-11T00:19:56Z</time>
      </trkpt>
      <trkpt lat="43.831535" lon="-123.591087">
        <ele>200.7</ele>
        <time>2023-06-11T00:20:02Z</time>
      </trkpt>
      <trkpt lat="43.831684" lon="-123.590569">
        <ele>201.2</ele>
        <time>2023-06-11T00:20:11Z</time>
      </trkpt>
      <trkpt lat="43.831867" lon="-123.59021">
        <ele>201.3</ele>
        <time>2023-06-11T00:20:18Z</time>
      </trkpt>
      <trkpt lat="43.831898" lon="-123.590103">
        <ele>201.3</ele>
        <time>2023-06-11T00:20:20Z</time>
      </trkpt>
      <trkpt lat="43.831902" lon="-123.589966">
        <ele>201.6</ele>
        <time>2023-06-11T00:20:22Z</time>
      </trkpt>
      <trkpt lat="43.83218" lon="-123.588707">
        <ele>203.0</ele>
        <time>2023-06-11T00:20:45Z</time>
      </trkpt>
      <trkpt lat="43.83247" lon="-123.587753">
        <ele>204.3</ele>
        <time>2023-06-11T00:21:03Z</time>
      </trkpt>
      <trkpt lat="43.832523" lon="-123.587471">
        <ele>204.7</ele>
        <time>2023-06-11T00:21:08Z</time>
      </trkpt>
      <trkpt lat="43.832584" lon="-123.587311">
        <ele>204.7</ele>
        <time>2023-06-11T00:21:11Z</time>
      </trkpt>
      <trkpt lat="43.832737" lon="-123.586723">
        <ele>205.6</ele>
        <time>2023-06-11T00:21:22Z</time>
      </trkpt>
      <trkpt lat="43.832752" lon="-123.586395">
        <ele>206.2</ele>
        <time>2023-06-11T00:21:28Z</time>
      </trkpt>
      <trkpt lat="43.832737" lon="-123.586037">
        <ele>206.6</ele>
        <time>2023-06-11T00:21:34Z</time>
      </trkpt>
      <trkpt lat="43.8325" lon="-123.584778">
        <ele>208.3</ele>
        <time>2023-06-11T00:21:55Z</time>
      </trkpt>
      <trkpt lat="43.832485" lon="-123.584312">
        <ele>209.0</ele>
        <time>2023-06-11T00:22:03Z</time>
      </trkpt>
      <trkpt lat="43.832428" lon="-123.583771">
        <ele>209.6</ele>
        <time>2023-06-11T00:22:13Z</time>
      </trkpt>
      <trkpt lat="43.832465" lon="-123.583328">
        <ele>210.2</ele>
        <time>2023-06-11T00:22:21Z</time>
      </trkpt>
      <trkpt lat="43.832584" lon="-123.583038">
        <ele>210.6</ele>
        <time>2023-06-11T00:22:26Z</time>
      </trkpt>
      <trkpt lat="43.832596" lon="-123.582687">
        <ele>211.3</ele>
        <time>2023-06-11T00:22:32Z</time>
      </trkpt>
      <trkpt lat="43.832973" lon="-123.580727">
        <ele>213.3</ele>
        <time>2023-06-11T00:23:08Z</time>
      </trkpt>
      <trkpt lat="43.833176" lon="-123.580032">
        <ele>214.2</ele>
        <time>2023-06-11T00:23:21Z</time>
      </trkpt>
      <trkpt lat="43.833275" lon="-123.579521">
        <ele>215.2</ele>
        <time>2023-06-11T00:23:30Z</time>
      </trkpt>
      <trkpt lat="43.833481" lon="-123.578743">
        <ele>216.4</ele>
        <time>2023-06-11T00:23:45Z</time>
      </trkpt>
      <trkpt lat="43.833672" lon="-123.578163">
        <ele>217.2</ele>
        <time>2023-06-11T00:23:57Z</time>
      </trkpt>
      <trkpt lat="43.834045" lon="-123.576851">
        <ele>219.7</ele>
        <time>2023-06-11T00:24:26Z</time>
      </trkpt>
      <trkpt lat="43.834457" lon="-123.575607">
        <ele>221.7</ele>
        <time>2023-06-11T00:24:53Z</time>
      </trkpt>
      <trkpt lat="43.834708" lon="-123.574928">
        <ele>223.6</ele>
        <time>2023-06-11T00:25:10Z</time>
      </trkpt>
      <trkpt lat="43.834812" lon="-123.574524">
        <ele>224.2</ele>
        <time>2023-06-11T00:25:19Z</time>
      </trkpt>
      <trkpt lat="43.83493" lon="-123.574165">
        <ele>225.0</ele>
        <time>2023-06-11T00:25:27Z</time>
      </trkpt>
      <trkpt lat="43.835201" lon="-123.573517">
        <ele>226.6</ele>
        <time>2023-06-11T00:25:42Z</time>
      </trkpt>
      <trkpt lat="43.835361" lon="-123.573219">
        <ele>227.0</ele>
        <time>2023-06-11T00:25:50Z</time>
      </trkpt>
      <trkpt lat="43.835724" lon="-123.572372">
        <ele>229.0</ele>
        <time>2023-06-11T00:26:11Z</time>
      </trkpt>
      <trkpt lat="43.835938" lon="-123.571938">
        <ele>230.4</ele>
        <time>2023-06-11T00:26:21Z</time>
      </trkpt>
      <trkpt lat="43.836243" lon="-123.571198">
        <ele>231.0</ele>
        <time>2023-06-11T00:26:35Z</time>
      </trkpt>
      <trkpt lat="43.836571" lon="-123.570213">
        <ele>231.4</ele>
        <time>2023-06-11T00:26:54Z</time>
      </trkpt>
      <trkpt lat="43.836712" lon="-123.569855">
        <ele>231.6</ele>
        <time>2023-06-11T00:27:01Z</time>
      </trkpt>
      <trkpt lat="43.837009" lon="-123.568901">
        <ele>232.4</ele>
        <time>2023-06-11T00:27:18Z</time>
      </trkpt>
      <trkpt lat="43.837055" lon="-123.568726">
        <ele>232.6</ele>
        <time>2023-06-11T00:27:21Z</time>
      </trkpt>
      <trkpt lat="43.837078" lon="-123.568512">
        <ele>233.0</ele>
        <time>2023-06-11T00:27:25Z</time>
      </trkpt>
      <trkpt lat="43.837154" lon="-123.568123">
        <ele>234.0</ele>
        <time>2023-06-11T00:27:33Z</time>
      </trkpt>
      <trkpt lat="43.837181" lon="-123.567299">
        <ele>236.0</ele>
        <time>2023-06-11T00:27:50Z</time>
      </trkpt>
      <trkpt lat="43.837116" lon="-123.565529">
        <ele>241.7</ele>
        <time>2023-06-11T00:28:34Z</time>
      </trkpt>
      <trkpt lat="43.837139" lon="-123.564903">
        <ele>243.4</ele>
        <time>2023-06-11T00:28:50Z</time>
      </trkpt>
      <trkpt lat="43.837116" lon="-123.564346">
        <ele>245.6</ele>
        <time>2023-06-11T00:29:06Z</time>
      </trkpt>
      <trkpt lat="43.837131" lon="-123.564041">
        <ele>246.7</ele>
        <time>2023-06-11T00:29:14Z</time>
      </trkpt>
      <trkpt lat="43.83709" lon="-123.56337">
        <ele>248.6</ele>
        <time>2023-06-11T00:29:33Z</time>
      </trkpt>
      <trkpt lat="43.837059" lon="-123.563141">
        <ele>249.2</ele>
        <time>2023-06-11T00:29:39Z</time>
      </trkpt>
      <trkpt lat="43.836922" lon="-123.562599">
        <ele>251.4</ele>
        <time>2023-06-11T00:29:55Z</time>
      </trkpt>
      <trkpt lat="43.836692" lon="-123.562073">
        <ele>254.6</ele>
        <time>2023-06-11T00:30:13Z</time>
      </trkpt>
      <trkpt lat="43.836357" lon="-123.561646">
        <ele>257.2</ele>
        <time>2023-06-11T00:30:32Z</time>
      </trkpt>
      <trkpt lat="43.836304" lon="-123.561546">
        <ele>257.6</ele>
        <time>2023-06-11T00:30:35Z</time>
      </trkpt>
      <trkpt lat="43.836063" lon="-123.561249">
        <ele>258.7</ele>
        <time>2023-06-11T00:30:46Z</time>
      </trkpt>
      <trkpt lat="43.835876" lon="-123.561081">
        <ele>260.0</ele>
        <time>2023-06-11T00:30:54Z</time>
      </trkpt>
      <trkpt lat="43.835747" lon="-123.560768">
        <ele>261.7</ele>
        <time>2023-06-11T00:31:06Z</time>
      </trkpt>
      <trkpt lat="43.83572" lon="-123.559929">
        <ele>266.0</ele>
        <time>2023-06-11T00:31:31Z</time>
      </trkpt>
      <trkpt lat="43.835701" lon="-123.559875">
        <ele>266.2</ele>
        <time>2023-06-11T00:31:32Z</time>
      </trkpt>
      <trkpt lat="43.835667" lon="-123.559837">
        <ele>266.4</ele>
        <time>2023-06-11T00:31:33Z</time>
      </trkpt>
      <trkpt lat="43.83567" lon="-123.559624">
        <ele>267.6</ele>
        <time>2023-06-11T00:31:40Z</time>
      </trkpt>
      <trkpt lat="43.835648" lon="-123.559418">
        <ele>268.2</ele>
        <time>2023-06-11T00:31:44Z</time>
      </trkpt>
      <trkpt lat="43.835625" lon="-123.559341">
        <ele>268.7</ele>
        <time>2023-06-11T00:31:48Z</time>
      </trkpt>
      <trkpt lat="43.835621" lon="-123.559288">
        <ele>269.4</ele>
        <time>2023-06-11T00:31:52Z</time>
      </trkpt>
      <trkpt lat="43.83564" lon="-123.559219">
        <ele>269.7</ele>
        <time>2023-06-11T00:31:55Z</time>
      </trkpt>
      <trkpt lat="43.835609" lon="-123.55899">
        <ele>271.0</ele>
        <time>2023-06-11T00:32:05Z</time>
      </trkpt>
      <trkpt lat="43.835606" lon="-123.558792">
        <ele>272.2</ele>
        <time>2023-06-11T00:32:12Z</time>
      </trkpt>
      <trkpt lat="43.835552" lon="-123.55864">
        <ele>272.7</ele>
        <time>2023-06-11T00:32:16Z</time>
      </trkpt>
      <trkpt lat="43.83556" lon="-123.558533">
        <ele>273.2</ele>
        <time>2023-06-11T00:32:19Z</time>
      </trkpt>
      <trkpt lat="43.835529" lon="-123.558464">
        <ele>273.6</ele>
        <time>2023-06-11T00:32:22Z</time>
      </trkpt>
      <trkpt lat="43.83551" lon="-123.55835">
        <ele>273.7</ele>
        <time>2023-06-11T00:32:24Z</time>
      </trkpt>
      <trkpt lat="43.835529" lon="-123.558075">
        <ele>274.4</ele>
        <time>2023-06-11T00:32:31Z</time>
      </trkpt>
      <trkpt lat="43.835583" lon="-123.557877">
        <ele>275.6</ele>
        <time>2023-06-11T00:32:37Z</time>
      </trkpt>
      <trkpt lat="43.835571" lon="-123.557777">
        <ele>275.7</ele>
        <time>2023-06-11T00:32:40Z</time>
      </trkpt>
      <trkpt lat="43.835682" lon="-123.557388">
        <ele>278.0</ele>
        <time>2023-06-11T00:32:54Z</time>
      </trkpt>
      <trkpt lat="43.835766" lon="-123.557182">
        <ele>279.0</ele>
        <time>2023-06-11T00:33:00Z</time>
      </trkpt>
      <trkpt lat="43.835735" lon="-123.557167">
        <ele>279.2</ele>
        <time>2023-06-11T00:33:02Z</time>
      </trkpt>
      <trkpt lat="43.835728" lon="-123.557137">
        <ele>279.4</ele>
        <time>2023-06-11T00:33:03Z</time>
      </trkpt>
      <trkpt lat="43.835785" lon="-123.556778">
        <ele>280.7</ele>
        <time>2023-06-11T00:33:15Z</time>
      </trkpt>
      <trkpt lat="43.835773" lon="-123.556702">
        <ele>281.2</ele>
        <time>2023-06-11T00:33:18Z</time>
      </trkpt>
      <trkpt lat="43.83585" lon="-123.556351">
        <ele>282.0</ele>
        <time>2023-06-11T00:33:28Z</time>
      </trkpt>
      <trkpt lat="43.835854" lon="-123.556244">
        <ele>282.4</ele>
        <time>2023-06-11T00:33:31Z</time>
      </trkpt>
      <trkpt lat="43.835964" lon="-123.55603">
        <ele>283.0</ele>
        <time>2023-06-11T00:33:38Z</time>
      </trkpt>
      <trkpt lat="43.835941" lon="-123.555946">
        <ele>283.2</ele>
        <time>2023-06-11T00:33:40Z</time>
      </trkpt>
      <trkpt lat="43.835934" lon="-123.555763">
        <ele>283.7</ele>
        <time>2023-06-11T00:33:45Z</time>
      </trkpt>
      <trkpt lat="43.835964" lon="-123.555687">
        <ele>284.2</ele>
        <time>2023-06-11T00:33:48Z</time>
      </trkpt>
      <trkpt lat="43.835976" lon="-123.555588">
        <ele>284.4</ele>
        <time>2023-06-11T00:33:51Z</time>
      </trkpt>
      <trkpt lat="43.835938" lon="-123.555367">
        <ele>285.2</ele>
        <time>2023-06-11T00:33:57Z</time>
      </trkpt>
      <trkpt lat="43.835899" lon="-123.555298">
        <ele>285.4</ele>
        <time>2023-06-11T00:33:59Z</time>
      </trkpt>
      <trkpt lat="43.835758" lon="-123.554832">
        <ele>287.2</ele>
        <time>2023-06-11T00:34:12Z</time>
      </trkpt>
      <trkpt lat="43.835751" lon="-123.554672">
        <ele>288.4</ele>
        <time>2023-06-11T00:34:18Z</time>
      </trkpt>
      <trkpt lat="43.835728" lon="-123.554604">
        <ele>289.0</ele>
        <time>2023-06-11T00:34:21Z</time>
      </trkpt>
      <trkpt lat="43.835662" lon="-123.55452">
        <ele>289.2</ele>
        <time>2023-06-11T00:34:24Z</time>
      </trkpt>
      <trkpt lat="43.835545" lon="-123.554276">
        <ele>290.4</ele>
        <time>2023-06-11T00:34:31Z</time>
      </trkpt>
      <trkpt lat="43.835533" lon="-123.554138">
        <ele>291.0</ele>
        <time>2023-06-11T00:34:35Z</time>
      </trkpt>
      <trkpt lat="43.835506" lon="-123.554054">
        <ele>291.4</ele>
        <time>2023-06-11T00:34:38Z</time>
      </trkpt>
      <trkpt lat="43.835503" lon="-123.553879">
        <ele>292.2</ele>
        <time>2023-06-11T00:34:44Z</time>
      </trkpt>
      <trkpt lat="43.835438" lon="-123.553719">
        <ele>293.2</ele>
        <time>2023-06-11T00:34:49Z</time>
      </trkpt>
      <trkpt lat="43.835442" lon="-123.553566">
        <ele>293.6</ele>
        <time>2023-06-11T00:34:53Z</time>
      </trkpt>
      <trkpt lat="43.835377" lon="-123.553398">
        <ele>294.2</ele>
        <time>2023-06-11T00:34:58Z</time>
      </trkpt>
      <trkpt lat="43.835388" lon="-123.55323">
        <ele>294.4</ele>
        <time>2023-06-11T00:35:03Z</time>
      </trkpt>
      <trkpt lat="43.835438" lon="-123.553062">
        <ele>294.7</ele>
        <time>2023-06-11T00:35:08Z</time>
      </trkpt>
      <trkpt lat="43.835571" lon="-123.552917">
        <ele>295.4</ele>
        <time>2023-06-11T00:35:15Z</time>
      </trkpt>
      <trkpt lat="43.835629" lon="-123.552933">
        <ele>295.7</ele>
        <time>2023-06-11T00:35:18Z</time>
      </trkpt>
      <trkpt lat="43.835701" lon="-123.553001">
        <ele>296.4</ele>
        <time>2023-06-11T00:35:22Z</time>
      </trkpt>
      <trkpt lat="43.835819" lon="-123.553291">
        <ele>297.4</ele>
        <time>2023-06-11T00:35:28Z</time>
      </trkpt>
      <trkpt lat="43.83596" lon="-123.553551">
        <ele>298.6</ele>
        <time>2023-06-11T00:35:36Z</time>
      </trkpt>
      <trkpt lat="43.836039" lon="-123.55365">
        <ele>299.2</ele>
        <time>2023-06-11T00:35:40Z</time>
      </trkpt>
      <trkpt lat="43.836304" lon="-123.553917">
        <ele>300.6</ele>
        <time>2023-06-11T00:35:53Z</time>
      </trkpt>
      <trkpt lat="43.836601" lon="-123.554062">
        <ele>302.2</ele>
        <time>2023-06-11T00:36:05Z</time>
      </trkpt>
      <trkpt lat="43.836704" lon="-123.55407">
        <ele>302.6</ele>
        <time>2023-06-11T00:36:09Z</time>
      </trkpt>
      <trkpt lat="43.836807" lon="-123.554123">
        <ele>303.2</ele>
        <time>2023-06-11T00:36:12Z</time>
      </trkpt>
      <trkpt lat="43.836918" lon="-123.554123">
        <ele>303.6</ele>
        <time>2023-06-11T00:36:15Z</time>
      </trkpt>
      <trkpt lat="43.837173" lon="-123.554176">
        <ele>304.6</ele>
        <time>2023-06-11T00:36:23Z</time>
      </trkpt>
      <trkpt lat="43.83739" lon="-123.554245">
        <ele>305.7</ele>
        <time>2023-06-11T00:36:31Z</time>
      </trkpt>
      <trkpt lat="43.837509" lon="-123.554306">
        <ele>306.4</ele>
        <time>2023-06-11T00:36:36Z</time>
      </trkpt>
      <trkpt lat="43.837722" lon="-123.554382">
        <ele>307.6</ele>
        <time>2023-06-11T00:36:45Z</time>
      </trkpt>
      <trkpt lat="43.837795" lon="-123.554527">
        <ele>308.4</ele>
        <time>2023-06-11T00:36:50Z</time>
      </trkpt>
      <trkpt lat="43.837811" lon="-123.554756">
        <ele>309.4</ele>
        <time>2023-06-11T00:36:58Z</time>
      </trkpt>
      <trkpt lat="43.837669" lon="-123.555">
        <ele>311.0</ele>
        <time>2023-06-11T00:37:08Z</time>
      </trkpt>
      <trkpt lat="43.837482" lon="-123.555107">
        <ele>312.7</ele>
        <time>2023-06-11T00:37:17Z</time>
      </trkpt>
      <trkpt lat="43.837242" lon="-123.555183">
        <ele>315.0</ele>
        <time>2023-06-11T00:37:28Z</time>
      </trkpt>
      <trkpt lat="43.837025" lon="-123.555313">
        <ele>316.2</ele>
        <time>2023-06-11T00:37:38Z</time>
      </trkpt>
      <trkpt lat="43.836982" lon="-123.555359">
        <ele>316.4</ele>
        <time>2023-06-11T00:37:40Z</time>
      </trkpt>
      <trkpt lat="43.836903" lon="-123.555511">
        <ele>317.2</ele>
        <time>2023-06-11T00:37:46Z</time>
      </trkpt>
      <trkpt lat="43.836884" lon="-123.555573">
        <ele>317.6</ele>
        <time>2023-06-11T00:37:48Z</time>
      </trkpt>
      <trkpt lat="43.836872" lon="-123.555763">
        <ele>318.2</ele>
        <time>2023-06-11T00:37:54Z</time>
      </trkpt>
      <trkpt lat="43.836906" lon="-123.556145">
        <ele>320.7</ele>
        <time>2023-06-11T00:38:07Z</time>
      </trkpt>
      <trkpt lat="43.836945" lon="-123.556313">
        <ele>321.6</ele>
        <time>2023-06-11T00:38:13Z</time>
      </trkpt>
      <trkpt lat="43.837097" lon="-123.556755">
        <ele>323.4</ele>
        <time>2023-06-11T00:38:28Z</time>
      </trkpt>
      <trkpt lat="43.837299" lon="-123.557083">
        <ele>325.0</ele>
        <time>2023-06-11T00:38:42Z</time>
      </trkpt>
      <trkpt lat="43.837746" lon="-123.55764">
        <ele>328.6</ele>
        <time>2023-06-11T00:39:08Z</time>
      </trkpt>
      <trkpt lat="43.837887" lon="-123.557869">
        <ele>329.7</ele>
        <time>2023-06-11T00:39:17Z</time>
      </trkpt>
      <trkpt lat="43.837917" lon="-123.558006">
        <ele>330.2</ele>
        <time>2023-06-11T00:39:21Z</time>
      </trkpt>
      <trkpt lat="43.837894" lon="-123.558205">
        <ele>331.2</ele>
        <time>2023-06-11T00:39:27Z</time>
      </trkpt>
      <trkpt lat="43.837868" lon="-123.558258">
        <ele>331.6</ele>
        <time>2023-06-11T00:39:29Z</time>
      </trkpt>
      <trkpt lat="43.837798" lon="-123.55835">
        <ele>332.0</ele>
        <time>2023-06-11T00:39:33Z</time>
      </trkpt>
      <trkpt lat="43.837654" lon="-123.558479">
        <ele>332.4</ele>
        <time>2023-06-11T00:39:40Z</time>
      </trkpt>
      <trkpt lat="43.837463" lon="-123.558586">
        <ele>332.7</ele>
        <time>2023-06-11T00:39:48Z</time>
      </trkpt>
      <trkpt lat="43.837368" lon="-123.558731">
        <ele>333.6</ele>
        <time>2023-06-11T00:39:54Z</time>
      </trkpt>
      <trkpt lat="43.83728" lon="-123.558945">
        <ele>334.0</ele>
        <time>2023-06-11T00:40:02Z</time>
      </trkpt>
      <trkpt lat="43.837269" lon="-123.559036">
        <ele>334.6</ele>
        <time>2023-06-11T00:40:05Z</time>
      </trkpt>
      <trkpt lat="43.83728" lon="-123.559334">
        <ele>337.0</ele>
        <time>2023-06-11T00:40:14Z</time>
      </trkpt>
      <trkpt lat="43.837345" lon="-123.559517">
        <ele>338.2</ele>
        <time>2023-06-11T00:40:20Z</time>
      </trkpt>
      <trkpt lat="43.83744" lon="-123.559723">
        <ele>339.2</ele>
        <time>2023-06-11T00:40:27Z</time>
      </trkpt>
      <trkpt lat="43.837605" lon="-123.559937">
        <ele>340.6</ele>
        <time>2023-06-11T00:40:36Z</time>
      </trkpt>
      <trkpt lat="43.837708" lon="-123.560043">
        <ele>341.0</ele>
        <time>2023-06-11T00:40:41Z</time>
      </trkpt>
      <trkpt lat="43.837818" lon="-123.560127">
        <ele>341.6</ele>
        <time>2023-06-11T00:40:46Z</time>
      </trkpt>
      <trkpt lat="43.838093" lon="-123.560242">
        <ele>342.7</ele>
        <time>2023-06-11T00:40:57Z</time>
      </trkpt>
      <trkpt lat="43.838253" lon="-123.560234">
        <ele>344.0</ele>
        <time>2023-06-11T00:41:03Z</time>
      </trkpt>
      <trkpt lat="43.838417" lon="-123.560127">
        <ele>345.2</ele>
        <time>2023-06-11T00:41:11Z</time>
      </trkpt>
      <trkpt lat="43.838623" lon="-123.559792">
        <ele>347.4</ele>
        <time>2023-06-11T00:41:26Z</time>
      </trkpt>
      <trkpt lat="43.838745" lon="-123.559662">
        <ele>348.0</ele>
        <time>2023-06-11T00:41:32Z</time>
      </trkpt>
      <trkpt lat="43.838818" lon="-123.559631">
        <ele>348.4</ele>
        <time>2023-06-11T00:41:35Z</time>
      </trkpt>
      <trkpt lat="43.839001" lon="-123.559601">
        <ele>349.6</ele>
        <time>2023-06-11T00:41:43Z</time>
      </trkpt>
      <trkpt lat="43.839161" lon="-123.559677">
        <ele>350.6</ele>
        <time>2023-06-11T00:41:50Z</time>
      </trkpt>
      <trkpt lat="43.839314" lon="-123.559723">
        <ele>351.6</ele>
        <time>2023-06-11T00:41:57Z</time>
      </trkpt>
      <trkpt lat="43.839417" lon="-123.559731">
        <ele>352.0</ele>
        <time>2023-06-11T00:42:01Z</time>
      </trkpt>
      <trkpt lat="43.839512" lon="-123.559692">
        <ele>352.4</ele>
        <time>2023-06-11T00:42:05Z</time>
      </trkpt>
      <trkpt lat="43.839569" lon="-123.559647">
        <ele>352.7</ele>
        <time>2023-06-11T00:42:08Z</time>
      </trkpt>
      <trkpt lat="43.839645" lon="-123.55954">
        <ele>353.2</ele>
        <time>2023-06-11T00:42:13Z</time>
      </trkpt>
      <trkpt lat="43.840061" lon="-123.558861">
        <ele>357.4</ele>
        <time>2023-06-11T00:42:41Z</time>
      </trkpt>
      <trkpt lat="43.840298" lon="-123.558617">
        <ele>359.6</ele>
        <time>2023-06-11T00:42:54Z</time>
      </trkpt>
      <trkpt lat="43.840446" lon="-123.55822">
        <ele>361.7</ele>
        <time>2023-06-11T00:43:08Z</time>
      </trkpt>
      <trkpt lat="43.840556" lon="-123.558083">
        <ele>362.0</ele>
        <time>2023-06-11T00:43:14Z</time>
      </trkpt>
      <trkpt lat="43.840663" lon="-123.558037">
        <ele>362.6</ele>
        <time>2023-06-11T00:43:19Z</time>
      </trkpt>
      <trkpt lat="43.840702" lon="-123.558044">
        <ele>363.0</ele>
        <time>2023-06-11T00:43:21Z</time>
      </trkpt>
      <trkpt lat="43.840843" lon="-123.558128">
        <ele>364.0</ele>
        <time>2023-06-11T00:43:28Z</time>
      </trkpt>
      <trkpt lat="43.840977" lon="-123.558266">
        <ele>364.7</ele>
        <time>2023-06-11T00:43:35Z</time>
      </trkpt>
      <trkpt lat="43.841335" lon="-123.558464">
        <ele>366.4</ele>
        <time>2023-06-11T00:43:51Z</time>
      </trkpt>
      <trkpt lat="43.84153" lon="-123.558533">
        <ele>367.6</ele>
        <time>2023-06-11T00:44:00Z</time>
      </trkpt>
      <trkpt lat="43.841873" lon="-123.558578">
        <ele>369.6</ele>
        <time>2023-06-11T00:44:16Z</time>
      </trkpt>
      <trkpt lat="43.841988" lon="-123.558609">
        <ele>370.2</ele>
        <time>2023-06-11T00:44:21Z</time>
      </trkpt>
      <trkpt lat="43.842487" lon="-123.558777">
        <ele>372.4</ele>
        <time>2023-06-11T00:44:41Z</time>
      </trkpt>
      <trkpt lat="43.842728" lon="-123.558945">
        <ele>373.6</ele>
        <time>2023-06-11T00:44:51Z</time>
      </trkpt>
      <trkpt lat="43.842762" lon="-123.558998">
        <ele>373.7</ele>
        <time>2023-06-11T00:44:53Z</time>
      </trkpt>
      <trkpt lat="43.84283" lon="-123.559189">
        <ele>374.6</ele>
        <time>2023-06-11T00:44:59Z</time>
      </trkpt>
      <trkpt lat="43.842812" lon="-123.559326">
        <ele>375.0</ele>
        <time>2023-06-11T00:45:03Z</time>
      </trkpt>
      <trkpt lat="43.842762" lon="-123.559502">
        <ele>375.7</ele>
        <time>2023-06-11T00:45:08Z</time>
      </trkpt>
      <trkpt lat="43.84227" lon="-123.559898">
        <ele>378.6</ele>
        <time>2023-06-11T00:45:29Z</time>
      </trkpt>
      <trkpt lat="43.842136" lon="-123.560097">
        <ele>379.2</ele>
        <time>2023-06-11T00:45:36Z</time>
      </trkpt>
      <trkpt lat="43.842041" lon="-123.560394">
        <ele>379.7</ele>
        <time>2023-06-11T00:45:44Z</time>
      </trkpt>
      <trkpt lat="43.842049" lon="-123.560745">
        <ele>380.6</ele>
        <time>2023-06-11T00:45:53Z</time>
      </trkpt>
      <trkpt lat="43.842117" lon="-123.56105">
        <ele>381.2</ele>
        <time>2023-06-11T00:46:01Z</time>
      </trkpt>
      <trkpt lat="43.842129" lon="-123.561325">
        <ele>381.7</ele>
        <time>2023-06-11T00:46:09Z</time>
      </trkpt>
      <trkpt lat="43.842094" lon="-123.561569">
        <ele>382.4</ele>
        <time>2023-06-11T00:46:16Z</time>
      </trkpt>
      <trkpt lat="43.842022" lon="-123.561867">
        <ele>382.7</ele>
        <time>2023-06-11T00:46:24Z</time>
      </trkpt>
      <trkpt lat="43.841869" lon="-123.56221">
        <ele>383.4</ele>
        <time>2023-06-11T00:46:33Z</time>
      </trkpt>
      <trkpt lat="43.841888" lon="-123.562469">
        <ele>383.7</ele>
        <time>2023-06-11T00:46:39Z</time>
      </trkpt>
      <trkpt lat="43.841923" lon="-123.562538">
        <ele>383.7</ele>
        <time>2023-06-11T00:46:41Z</time>
      </trkpt>
      <trkpt lat="43.842026" lon="-123.562653">
        <ele>384.0</ele>
        <time>2023-06-11T00:46:45Z</time>
      </trkpt>
      <trkpt lat="43.842208" lon="-123.562729">
        <ele>384.6</ele>
        <time>2023-06-11T00:46:51Z</time>
      </trkpt>
      <trkpt lat="43.84243" lon="-123.562759">
        <ele>385.0</ele>
        <time>2023-06-11T00:46:59Z</time>
      </trkpt>
      <trkpt lat="43.842697" lon="-123.562752">
        <ele>386.0</ele>
        <time>2023-06-11T00:47:08Z</time>
      </trkpt>
      <trkpt lat="43.842873" lon="-123.562622">
        <ele>386.7</ele>
        <time>2023-06-11T00:47:15Z</time>
      </trkpt>
      <trkpt lat="43.843143" lon="-123.562325">
        <ele>388.6</ele>
        <time>2023-06-11T00:47:28Z</time>
      </trkpt>
      <trkpt lat="43.843296" lon="-123.562256">
        <ele>389.6</ele>
        <time>2023-06-11T00:47:35Z</time>
      </trkpt>
      <trkpt lat="43.84346" lon="-123.56221">
        <ele>390.6</ele>
        <time>2023-06-11T00:47:42Z</time>
      </trkpt>
      <trkpt lat="43.843651" lon="-123.562088">
        <ele>391.7</ele>
        <time>2023-06-11T00:47:51Z</time>
      </trkpt>
      <trkpt lat="43.8438" lon="-123.562065">
        <ele>392.7</ele>
        <time>2023-06-11T00:47:57Z</time>
      </trkpt>
      <trkpt lat="43.843964" lon="-123.562096">
        <ele>394.0</ele>
        <time>2023-06-11T00:48:04Z</time>
      </trkpt>
      <trkpt lat="43.843994" lon="-123.562141">
        <ele>394.2</ele>
        <time>2023-06-11T00:48:06Z</time>
      </trkpt>
      <trkpt lat="43.844101" lon="-123.562218">
        <ele>394.7</ele>
        <time>2023-06-11T00:48:11Z</time>
      </trkpt>
      <trkpt lat="43.844307" lon="-123.562332">
        <ele>396.0</ele>
        <time>2023-06-11T00:48:20Z</time>
      </trkpt>
      <trkpt lat="43.844555" lon="-123.562508">
        <ele>397.2</ele>
        <time>2023-06-11T00:48:30Z</time>
      </trkpt>
      <trkpt lat="43.8451" lon="-123.562775">
        <ele>399.4</ele>
        <time>2023-06-11T00:48:50Z</time>
      </trkpt>
      <trkpt lat="43.845581" lon="-123.563087">
        <ele>401.0</ele>
        <time>2023-06-11T00:49:08Z</time>
      </trkpt>
      <trkpt lat="43.84586" lon="-123.563179">
        <ele>402.2</ele>
        <time>2023-06-11T00:49:18Z</time>
      </trkpt>
      <trkpt lat="43.846148" lon="-123.563202">
        <ele>404.0</ele>
        <time>2023-06-11T00:49:29Z</time>
      </trkpt>
      <trkpt lat="43.846275" lon="-123.563194">
        <ele>404.6</ele>
        <time>2023-06-11T00:49:34Z</time>
      </trkpt>
      <trkpt lat="43.846443" lon="-123.563156">
        <ele>405.2</ele>
        <time>2023-06-11T00:49:41Z</time>
      </trkpt>
      <trkpt lat="43.846809" lon="-123.563019">
        <ele>407.0</ele>
        <time>2023-06-11T00:49:55Z</time>
      </trkpt>
      <trkpt lat="43.847316" lon="-123.56295">
        <ele>409.7</ele>
        <time>2023-06-11T00:50:14Z</time>
      </trkpt>
      <trkpt lat="43.847553" lon="-123.562881">
        <ele>410.6</ele>
        <time>2023-06-11T00:50:22Z</time>
      </trkpt>
      <trkpt lat="43.847717" lon="-123.562874">
        <ele>411.2</ele>
        <time>2023-06-11T00:50:29Z</time>
      </trkpt>
      <trkpt lat="43.847775" lon="-123.56292">
        <ele>411.7</ele>
        <time>2023-06-11T00:50:44Z</time>
      </trkpt>
      <trkpt lat="43.847983" lon="-123.562637">
        <ele>412.4</ele>
        <time>2023-06-11T01:01:35Z</time>
      </trkpt>
      <trkpt lat="43.848068" lon="-123.562561">
        <ele>412.4</ele>
        <time>2023-06-11T01:01:38Z</time>
      </trkpt>
      <trkpt lat="43.848175" lon="-123.562508">
        <ele>412.4</ele>
        <time>2023-06-11T01:01:41Z</time>
      </trkpt>
      <trkpt lat="43.848305" lon="-123.562477">
        <ele>412.2</ele>
        <time>2023-06-11T01:01:44Z</time>
      </trkpt>
      <trkpt lat="43.848484" lon="-123.562469">
        <ele>411.7</ele>
        <time>2023-06-11T01:01:48Z</time>
      </trkpt>
      <trkpt lat="43.848644" lon="-123.562408">
        <ele>411.4</ele>
        <time>2023-06-11T01:01:51Z</time>
      </trkpt>
      <trkpt lat="43.848743" lon="-123.562325">
        <ele>411.2</ele>
        <time>2023-06-11T01:01:53Z</time>
      </trkpt>
      <trkpt lat="43.848942" lon="-123.562027">
        <ele>410.0</ele>
        <time>2023-06-11T01:01:58Z</time>
      </trkpt>
      <trkpt lat="43.848972" lon="-123.561958">
        <ele>409.7</ele>
        <time>2023-06-11T01:01:59Z</time>
      </trkpt>
      <trkpt lat="43.849007" lon="-123.561813">
        <ele>409.0</ele>
        <time>2023-06-11T01:02:01Z</time>
      </trkpt>
      <trkpt lat="43.849018" lon="-123.561592">
        <ele>408.0</ele>
        <time>2023-06-11T01:02:04Z</time>
      </trkpt>
      <trkpt lat="43.848988" lon="-123.56144">
        <ele>407.4</ele>
        <time>2023-06-11T01:02:06Z</time>
      </trkpt>
      <trkpt lat="43.848763" lon="-123.560783">
        <ele>404.0</ele>
        <time>2023-06-11T01:02:13Z</time>
      </trkpt>
      <trkpt lat="43.848511" lon="-123.560211">
        <ele>401.6</ele>
        <time>2023-06-11T01:02:19Z</time>
      </trkpt>
      <trkpt lat="43.848362" lon="-123.559914">
        <ele>400.2</ele>
        <time>2023-06-11T01:02:22Z</time>
      </trkpt>
      <trkpt lat="43.848228" lon="-123.559525">
        <ele>397.2</ele>
        <time>2023-06-11T01:02:26Z</time>
      </trkpt>
      <trkpt lat="43.84816" lon="-123.559189">
        <ele>395.0</ele>
        <time>2023-06-11T01:02:29Z</time>
      </trkpt>
      <trkpt lat="43.848156" lon="-123.558701">
        <ele>393.0</ele>
        <time>2023-06-11T01:02:33Z</time>
      </trkpt>
      <trkpt lat="43.848197" lon="-123.558357">
        <ele>391.6</ele>
        <time>2023-06-11T01:02:36Z</time>
      </trkpt>
      <trkpt lat="43.848137" lon="-123.557762">
        <ele>387.7</ele>
        <time>2023-06-11T01:02:42Z</time>
      </trkpt>
      <trkpt lat="43.848152" lon="-123.557678">
        <ele>386.7</ele>
        <time>2023-06-11T01:02:43Z</time>
      </trkpt>
      <trkpt lat="43.848221" lon="-123.557541">
        <ele>385.7</ele>
        <time>2023-06-11T01:02:45Z</time>
      </trkpt>
      <trkpt lat="43.848278" lon="-123.557487">
        <ele>385.0</ele>
        <time>2023-06-11T01:02:46Z</time>
      </trkpt>
      <trkpt lat="43.848484" lon="-123.557381">
        <ele>383.6</ele>
        <time>2023-06-11T01:02:49Z</time>
      </trkpt>
      <trkpt lat="43.848633" lon="-123.557274">
        <ele>382.7</ele>
        <time>2023-06-11T01:02:51Z</time>
      </trkpt>
      <trkpt lat="43.848816" lon="-123.556992">
        <ele>381.6</ele>
        <time>2023-06-11T01:02:55Z</time>
      </trkpt>
      <trkpt lat="43.84885" lon="-123.5569">
        <ele>381.6</ele>
        <time>2023-06-11T01:02:56Z</time>
      </trkpt>
      <trkpt lat="43.848896" lon="-123.556686">
        <ele>380.0</ele>
        <time>2023-06-11T01:02:58Z</time>
      </trkpt>
      <trkpt lat="43.848915" lon="-123.556137">
        <ele>375.0</ele>
        <time>2023-06-11T01:03:03Z</time>
      </trkpt>
      <trkpt lat="43.848854" lon="-123.555771">
        <ele>372.4</ele>
        <time>2023-06-11T01:03:07Z</time>
      </trkpt>
      <trkpt lat="43.848747" lon="-123.555435">
        <ele>370.0</ele>
        <time>2023-06-11T01:03:11Z</time>
      </trkpt>
      <trkpt lat="43.848705" lon="-123.555183">
        <ele>366.6</ele>
        <time>2023-06-11T01:03:14Z</time>
      </trkpt>
      <trkpt lat="43.848717" lon="-123.555092">
        <ele>366.6</ele>
        <time>2023-06-11T01:03:15Z</time>
      </trkpt>
      <trkpt lat="43.848785" lon="-123.554932">
        <ele>365.0</ele>
        <time>2023-06-11T01:03:17Z</time>
      </trkpt>
      <trkpt lat="43.848896" lon="-123.554855">
        <ele>363.4</ele>
        <time>2023-06-11T01:03:19Z</time>
      </trkpt>
      <trkpt lat="43.848953" lon="-123.554848">
        <ele>362.6</ele>
        <time>2023-06-11T01:03:20Z</time>
      </trkpt>
      <trkpt lat="43.849018" lon="-123.554871">
        <ele>362.2</ele>
        <time>2023-06-11T01:03:21Z</time>
      </trkpt>
      <trkpt lat="43.849064" lon="-123.554924">
        <ele>361.7</ele>
        <time>2023-06-11T01:03:22Z</time>
      </trkpt>
      <trkpt lat="43.849159" lon="-123.555077">
        <ele>361.0</ele>
        <time>2023-06-11T01:03:24Z</time>
      </trkpt>
      <trkpt lat="43.849227" lon="-123.555252">
        <ele>360.2</ele>
        <time>2023-06-11T01:03:26Z</time>
      </trkpt>
      <trkpt lat="43.849277" lon="-123.555336">
        <ele>359.7</ele>
        <time>2023-06-11T01:03:27Z</time>
      </trkpt>
      <trkpt lat="43.849396" lon="-123.555473">
        <ele>359.2</ele>
        <time>2023-06-11T01:03:29Z</time>
      </trkpt>
      <trkpt lat="43.849648" lon="-123.555679">
        <ele>355.7</ele>
        <time>2023-06-11T01:03:33Z</time>
      </trkpt>
      <trkpt lat="43.849789" lon="-123.555862">
        <ele>353.0</ele>
        <time>2023-06-11T01:03:36Z</time>
      </trkpt>
      <trkpt lat="43.84985" lon="-123.556">
        <ele>351.6</ele>
        <time>2023-06-11T01:03:38Z</time>
      </trkpt>
      <trkpt lat="43.849865" lon="-123.556084">
        <ele>350.7</ele>
        <time>2023-06-11T01:03:39Z</time>
      </trkpt>
      <trkpt lat="43.849865" lon="-123.556267">
        <ele>349.4</ele>
        <time>2023-06-11T01:03:41Z</time>
      </trkpt>
      <trkpt lat="43.849831" lon="-123.556618">
        <ele>348.0</ele>
        <time>2023-06-11T01:03:45Z</time>
      </trkpt>
      <trkpt lat="43.849842" lon="-123.556816">
        <ele>347.0</ele>
        <time>2023-06-11T01:03:47Z</time>
      </trkpt>
      <trkpt lat="43.849894" lon="-123.556953">
        <ele>345.6</ele>
        <time>2023-06-11T01:03:49Z</time>
      </trkpt>
      <trkpt lat="43.850128" lon="-123.557213">
        <ele>342.0</ele>
        <time>2023-06-11T01:03:54Z</time>
      </trkpt>
      <trkpt lat="43.850159" lon="-123.557266">
        <ele>341.2</ele>
        <time>2023-06-11T01:03:55Z</time>
      </trkpt>
      <trkpt lat="43.850193" lon="-123.557419">
        <ele>339.7</ele>
        <time>2023-06-11T01:03:57Z</time>
      </trkpt>
      <trkpt lat="43.850178" lon="-123.557793">
        <ele>338.7</ele>
        <time>2023-06-11T01:04:01Z</time>
      </trkpt>
      <trkpt lat="43.850098" lon="-123.558289">
        <ele>337.4</ele>
        <time>2023-06-11T01:04:06Z</time>
      </trkpt>
      <trkpt lat="43.850037" lon="-123.558548">
        <ele>335.7</ele>
        <time>2023-06-11T01:04:09Z</time>
      </trkpt>
      <trkpt lat="43.850037" lon="-123.558746">
        <ele>335.4</ele>
        <time>2023-06-11T01:04:11Z</time>
      </trkpt>
      <trkpt lat="43.850094" lon="-123.558891">
        <ele>334.4</ele>
        <time>2023-06-11T01:04:13Z</time>
      </trkpt>
      <trkpt lat="43.850147" lon="-123.55896">
        <ele>334.0</ele>
        <time>2023-06-11T01:04:14Z</time>
      </trkpt>
      <trkpt lat="43.850204" lon="-123.559013">
        <ele>333.4</ele>
        <time>2023-06-11T01:04:15Z</time>
      </trkpt>
      <trkpt lat="43.850333" lon="-123.559067">
        <ele>332.7</ele>
        <time>2023-06-11T01:04:17Z</time>
      </trkpt>
      <trkpt lat="43.850399" lon="-123.559052">
        <ele>332.4</ele>
        <time>2023-06-11T01:04:18Z</time>
      </trkpt>
      <trkpt lat="43.85046" lon="-123.559021">
        <ele>332.0</ele>
        <time>2023-06-11T01:04:19Z</time>
      </trkpt>
      <trkpt lat="43.850632" lon="-123.558876">
        <ele>330.7</ele>
        <time>2023-06-11T01:04:22Z</time>
      </trkpt>
      <trkpt lat="43.850967" lon="-123.558479">
        <ele>328.0</ele>
        <time>2023-06-11T01:04:28Z</time>
      </trkpt>
      <trkpt lat="43.851116" lon="-123.558426">
        <ele>327.6</ele>
        <time>2023-06-11T01:04:30Z</time>
      </trkpt>
      <trkpt lat="43.851238" lon="-123.558426">
        <ele>327.0</ele>
        <time>2023-06-11T01:04:32Z</time>
      </trkpt>
      <trkpt lat="43.851456" lon="-123.558594">
        <ele>325.6</ele>
        <time>2023-06-11T01:04:36Z</time>
      </trkpt>
      <trkpt lat="43.85186" lon="-123.558998">
        <ele>324.4</ele>
        <time>2023-06-11T01:04:43Z</time>
      </trkpt>
      <trkpt lat="43.852364" lon="-123.559586">
        <ele>322.2</ele>
        <time>2023-06-11T01:04:51Z</time>
      </trkpt>
      <trkpt lat="43.852512" lon="-123.559654">
        <ele>322.0</ele>
        <time>2023-06-11T01:04:53Z</time>
      </trkpt>
      <trkpt lat="43.852642" lon="-123.559631">
        <ele>321.0</ele>
        <time>2023-06-11T01:04:55Z</time>
      </trkpt>
      <trkpt lat="43.852695" lon="-123.559578">
        <ele>320.2</ele>
        <time>2023-06-11T01:04:56Z</time>
      </trkpt>
      <trkpt lat="43.85273" lon="-123.559509">
        <ele>319.7</ele>
        <time>2023-06-11T01:04:57Z</time>
      </trkpt>
      <trkpt lat="43.852745" lon="-123.559433">
        <ele>319.2</ele>
        <time>2023-06-11T01:04:58Z</time>
      </trkpt>
      <trkpt lat="43.852741" lon="-123.559319">
        <ele>318.7</ele>
        <time>2023-06-11T01:04:59Z</time>
      </trkpt>
      <trkpt lat="43.852692" lon="-123.559113">
        <ele>317.6</ele>
        <time>2023-06-11T01:05:01Z</time>
      </trkpt>
      <trkpt lat="43.852589" lon="-123.558807">
        <ele>315.4</ele>
        <time>2023-06-11T01:05:04Z</time>
      </trkpt>
      <trkpt lat="43.852463" lon="-123.558479">
        <ele>314.4</ele>
        <time>2023-06-11T01:05:07Z</time>
      </trkpt>
      <trkpt lat="43.852184" lon="-123.558044">
        <ele>311.6</ele>
        <time>2023-06-11T01:05:11Z</time>
      </trkpt>
      <trkpt lat="43.851906" lon="-123.557503">
        <ele>309.2</ele>
        <time>2023-06-11T01:05:16Z</time>
      </trkpt>
      <trkpt lat="43.851765" lon="-123.557152">
        <ele>307.4</ele>
        <time>2023-06-11T01:05:19Z</time>
      </trkpt>
      <trkpt lat="43.851532" lon="-123.556488">
        <ele>304.4</ele>
        <time>2023-06-11T01:05:24Z</time>
      </trkpt>
      <trkpt lat="43.851383" lon="-123.555885">
        <ele>302.4</ele>
        <time>2023-06-11T01:05:29Z</time>
      </trkpt>
      <trkpt lat="43.851353" lon="-123.555687">
        <ele>301.0</ele>
        <time>2023-06-11T01:05:31Z</time>
      </trkpt>
      <trkpt lat="43.851363" lon="-123.555458">
        <ele>300.2</ele>
        <time>2023-06-11T01:05:33Z</time>
      </trkpt>
      <trkpt lat="43.851546" lon="-123.555069">
        <ele>298.4</ele>
        <time>2023-06-11T01:05:37Z</time>
      </trkpt>
      <trkpt lat="43.851664" lon="-123.554901">
        <ele>297.6</ele>
        <time>2023-06-11T01:05:39Z</time>
      </trkpt>
      <trkpt lat="43.8517" lon="-123.55481">
        <ele>297.4</ele>
        <time>2023-06-11T01:05:40Z</time>
      </trkpt>
      <trkpt lat="43.851711" lon="-123.554726">
        <ele>297.0</ele>
        <time>2023-06-11T01:05:41Z</time>
      </trkpt>
      <trkpt lat="43.851619" lon="-123.554573">
        <ele>296.4</ele>
        <time>2023-06-11T01:05:43Z</time>
      </trkpt>
      <trkpt lat="43.851482" lon="-123.554451">
        <ele>296.0</ele>
        <time>2023-06-11T01:05:45Z</time>
      </trkpt>
      <trkpt lat="43.851227" lon="-123.554375">
        <ele>294.6</ele>
        <time>2023-06-11T01:05:48Z</time>
      </trkpt>
      <trkpt lat="43.851147" lon="-123.554337">
        <ele>293.7</ele>
        <time>2023-06-11T01:05:49Z</time>
      </trkpt>
      <trkpt lat="43.85107" lon="-123.554276">
        <ele>293.2</ele>
        <time>2023-06-11T01:05:50Z</time>
      </trkpt>
      <trkpt lat="43.850899" lon="-123.553963">
        <ele>291.2</ele>
        <time>2023-06-11T01:05:53Z</time>
      </trkpt>
      <trkpt lat="43.850803" lon="-123.553734">
        <ele>289.6</ele>
        <time>2023-06-11T01:05:55Z</time>
      </trkpt>
      <trkpt lat="43.850681" lon="-123.553535">
        <ele>287.6</ele>
        <time>2023-06-11T01:05:57Z</time>
      </trkpt>
      <trkpt lat="43.850368" lon="-123.553192">
        <ele>284.7</ele>
        <time>2023-06-11T01:06:01Z</time>
      </trkpt>
      <trkpt lat="43.85022" lon="-123.553001">
        <ele>283.4</ele>
        <time>2023-06-11T01:06:03Z</time>
      </trkpt>
      <trkpt lat="43.850018" lon="-123.552666">
        <ele>281.7</ele>
        <time>2023-06-11T01:06:06Z</time>
      </trkpt>
      <trkpt lat="43.849789" lon="-123.552185">
        <ele>279.4</ele>
        <time>2023-06-11T01:06:10Z</time>
      </trkpt>
      <trkpt lat="43.849716" lon="-123.551941">
        <ele>277.4</ele>
        <time>2023-06-11T01:06:12Z</time>
      </trkpt>
      <trkpt lat="43.849693" lon="-123.551811">
        <ele>276.7</ele>
        <time>2023-06-11T01:06:13Z</time>
      </trkpt>
      <trkpt lat="43.849666" lon="-123.551537">
        <ele>275.6</ele>
        <time>2023-06-11T01:06:15Z</time>
      </trkpt>
      <trkpt lat="43.849659" lon="-123.551254">
        <ele>274.6</ele>
        <time>2023-06-11T01:06:17Z</time>
      </trkpt>
      <trkpt lat="43.849701" lon="-123.550186">
        <ele>270.4</ele>
        <time>2023-06-11T01:06:24Z</time>
      </trkpt>
      <trkpt lat="43.849888" lon="-123.548828">
        <ele>264.0</ele>
        <time>2023-06-11T01:06:33Z</time>
      </trkpt>
      <trkpt lat="43.849894" lon="-123.548309">
        <ele>260.4</ele>
        <time>2023-06-11T01:06:37Z</time>
      </trkpt>
      <trkpt lat="43.849869" lon="-123.548065">
        <ele>258.6</ele>
        <time>2023-06-11T01:06:39Z</time>
      </trkpt>
      <trkpt lat="43.849842" lon="-123.547951">
        <ele>257.6</ele>
        <time>2023-06-11T01:06:40Z</time>
      </trkpt>
      <trkpt lat="43.849635" lon="-123.547348">
        <ele>254.2</ele>
        <time>2023-06-11T01:06:45Z</time>
      </trkpt>
      <trkpt lat="43.849564" lon="-123.546829">
        <ele>251.6</ele>
        <time>2023-06-11T01:06:49Z</time>
      </trkpt>
      <trkpt lat="43.849575" lon="-123.546333">
        <ele>248.7</ele>
        <time>2023-06-11T01:06:53Z</time>
      </trkpt>
      <trkpt lat="43.849716" lon="-123.545471">
        <ele>244.6</ele>
        <time>2023-06-11T01:06:59Z</time>
      </trkpt>
      <trkpt lat="43.849888" lon="-123.544632">
        <ele>239.6</ele>
        <time>2023-06-11T01:07:06Z</time>
      </trkpt>
      <trkpt lat="43.849915" lon="-123.544167">
        <ele>236.7</ele>
        <time>2023-06-11T01:07:09Z</time>
      </trkpt>
      <trkpt lat="43.849995" lon="-123.543922">
        <ele>235.7</ele>
        <time>2023-06-11T01:07:11Z</time>
      </trkpt>
      <trkpt lat="43.850067" lon="-123.543495">
        <ele>233.6</ele>
        <time>2023-06-11T01:07:14Z</time>
      </trkpt>
      <trkpt lat="43.850098" lon="-123.543053">
        <ele>231.4</ele>
        <time>2023-06-11T01:07:17Z</time>
      </trkpt>
      <trkpt lat="43.850143" lon="-123.542732">
        <ele>230.2</ele>
        <time>2023-06-11T01:07:19Z</time>
      </trkpt>
      <trkpt lat="43.85015" lon="-123.541542">
        <ele>226.4</ele>
        <time>2023-06-11T01:07:26Z</time>
      </trkpt>
      <trkpt lat="43.850239" lon="-123.541168">
        <ele>223.6</ele>
        <time>2023-06-11T01:07:29Z</time>
      </trkpt>
      <trkpt lat="43.850414" lon="-123.54081">
        <ele>221.0</ele>
        <time>2023-06-11T01:07:32Z</time>
      </trkpt>
      <trkpt lat="43.850651" lon="-123.540459">
        <ele>219.0</ele>
        <time>2023-06-11T01:07:35Z</time>
      </trkpt>
      <trkpt lat="43.850842" lon="-123.540253">
        <ele>217.0</ele>
        <time>2023-06-11T01:07:37Z</time>
      </trkpt>
      <trkpt lat="43.851238" lon="-123.539871">
        <ele>213.3</ele>
        <time>2023-06-11T01:07:41Z</time>
      </trkpt>
      <trkpt lat="43.851723" lon="-123.53949">
        <ele>209.0</ele>
        <time>2023-06-11T01:07:46Z</time>
      </trkpt>
      <trkpt lat="43.852013" lon="-123.539207">
        <ele>207.3</ele>
        <time>2023-06-11T01:07:49Z</time>
      </trkpt>
      <trkpt lat="43.852192" lon="-123.539009">
        <ele>206.2</ele>
        <time>2023-06-11T01:07:51Z</time>
      </trkpt>
      <trkpt lat="43.852393" lon="-123.538712">
        <ele>205.3</ele>
        <time>2023-06-11T01:07:54Z</time>
      </trkpt>
      <trkpt lat="43.853058" lon="-123.537621">
        <ele>201.3</ele>
        <time>2023-06-11T01:08:05Z</time>
      </trkpt>
      <trkpt lat="43.853188" lon="-123.537285">
        <ele>201.0</ele>
        <time>2023-06-11T01:08:08Z</time>
      </trkpt>
      <trkpt lat="43.853271" lon="-123.537132">
        <ele>200.6</ele>
        <time>2023-06-11T01:08:10Z</time>
      </trkpt>
      <trkpt lat="43.85334" lon="-123.536926">
        <ele>200.2</ele>
        <time>2023-06-11T01:08:12Z</time>
      </trkpt>
      <trkpt lat="43.853606" lon="-123.53553">
        <ele>198.0</ele>
        <time>2023-06-11T01:08:24Z</time>
      </trkpt>
      <trkpt lat="43.853653" lon="-123.535202">
        <ele>197.6</ele>
        <time>2023-06-11T01:08:27Z</time>
      </trkpt>
      <trkpt lat="43.853752" lon="-123.534782">
        <ele>197.0</ele>
        <time>2023-06-11T01:08:31Z</time>
      </trkpt>
      <trkpt lat="43.853848" lon="-123.534515">
        <ele>196.6</ele>
        <time>2023-06-11T01:08:34Z</time>
      </trkpt>
      <trkpt lat="43.85424" lon="-123.53376">
        <ele>196.3</ele>
        <time>2023-06-11T01:08:43Z</time>
      </trkpt>
      <trkpt lat="43.854595" lon="-123.533249">
        <ele>196.3</ele>
        <time>2023-06-11T01:08:50Z</time>
      </trkpt>
      <trkpt lat="43.854892" lon="-123.532875">
        <ele>196.3</ele>
        <time>2023-06-11T01:08:56Z</time>
      </trkpt>
      <trkpt lat="43.855362" lon="-123.532341">
        <ele>195.3</ele>
        <time>2023-06-11T01:09:05Z</time>
      </trkpt>
      <trkpt lat="43.855736" lon="-123.531944">
        <ele>195.0</ele>
        <time>2023-06-11T01:09:12Z</time>
      </trkpt>
      <trkpt lat="43.856037" lon="-123.531708">
        <ele>195.0</ele>
        <time>2023-06-11T01:09:17Z</time>
      </trkpt>
      <trkpt lat="43.856323" lon="-123.531525">
        <ele>194.6</ele>
        <time>2023-06-11T01:09:21Z</time>
      </trkpt>
      <trkpt lat="43.856609" lon="-123.531403">
        <ele>193.7</ele>
        <time>2023-06-11T01:09:25Z</time>
      </trkpt>
      <trkpt lat="43.856781" lon="-123.531265">
        <ele>193.2</ele>
        <time>2023-06-11T01:09:28Z</time>
      </trkpt>
      <trkpt lat="43.857674" lon="-123.530754">
        <ele>190.0</ele>
        <time>2023-06-11T01:09:41Z</time>
      </trkpt>
      <trkpt lat="43.859314" lon="-123.529739">
        <ele>185.7</ele>
        <time>2023-06-11T01:10:05Z</time>
      </trkpt>
      <trkpt lat="43.859734" lon="-123.529579">
        <ele>185.2</ele>
        <time>2023-06-11T01:10:11Z</time>
      </trkpt>
      <trkpt lat="43.860214" lon="-123.52948">
        <ele>185.2</ele>
        <time>2023-06-11T01:10:18Z</time>
      </trkpt>
      <trkpt lat="43.860538" lon="-123.529358">
        <ele>185.2</ele>
        <time>2023-06-11T01:10:23Z</time>
      </trkpt>
      <trkpt lat="43.860844" lon="-123.529106">
        <ele>185.0</ele>
        <time>2023-06-11T01:10:28Z</time>
      </trkpt>
      <trkpt lat="43.860966" lon="-123.528992">
        <ele>184.7</ele>
        <time>2023-06-11T01:10:30Z</time>
      </trkpt>
      <trkpt lat="43.861126" lon="-123.52877">
        <ele>184.6</ele>
        <time>2023-06-11T01:10:33Z</time>
      </trkpt>
      <trkpt lat="43.861557" lon="-123.528061">
        <ele>184.2</ele>
        <time>2023-06-11T01:10:42Z</time>
      </trkpt>
      <trkpt lat="43.86245" lon="-123.526741">
        <ele>182.7</ele>
        <time>2023-06-11T01:11:01Z</time>
      </trkpt>
      <trkpt lat="43.86256" lon="-123.526604">
        <ele>182.6</ele>
        <time>2023-06-11T01:11:03Z</time>
      </trkpt>
      <trkpt lat="43.862743" lon="-123.526428">
        <ele>182.6</ele>
        <time>2023-06-11T01:11:06Z</time>
      </trkpt>
      <trkpt lat="43.862991" lon="-123.526108">
        <ele>181.7</ele>
        <time>2023-06-11T01:11:11Z</time>
      </trkpt>
      <trkpt lat="43.863239" lon="-123.525749">
        <ele>181.6</ele>
        <time>2023-06-11T01:11:16Z</time>
      </trkpt>
      <trkpt lat="43.8634" lon="-123.525627">
        <ele>181.3</ele>
        <time>2023-06-11T01:11:19Z</time>
      </trkpt>
      <trkpt lat="43.863655" lon="-123.525375">
        <ele>181.3</ele>
        <time>2023-06-11T01:11:24Z</time>
      </trkpt>
      <trkpt lat="43.863834" lon="-123.525116">
        <ele>181.2</ele>
        <time>2023-06-11T01:11:28Z</time>
      </trkpt>
      <trkpt lat="43.864098" lon="-123.524475">
        <ele>180.3</ele>
        <time>2023-06-11T01:11:36Z</time>
      </trkpt>
      <trkpt lat="43.86412" lon="-123.5243">
        <ele>180.0</ele>
        <time>2023-06-11T01:11:38Z</time>
      </trkpt>
      <trkpt lat="43.864136" lon="-123.523705">
        <ele>179.6</ele>
        <time>2023-06-11T01:11:44Z</time>
      </trkpt>
      <trkpt lat="43.864109" lon="-123.523315">
        <ele>179.0</ele>
        <time>2023-06-11T01:11:48Z</time>
      </trkpt>
      <trkpt lat="43.863949" lon="-123.522087">
        <ele>176.7</ele>
        <time>2023-06-11T01:12:01Z</time>
      </trkpt>
      <trkpt lat="43.863869" lon="-123.521667">
        <ele>176.2</ele>
        <time>2023-06-11T01:12:06Z</time>
      </trkpt>
      <trkpt lat="43.863602" lon="-123.520645">
        <ele>175.6</ele>
        <time>2023-06-11T01:12:18Z</time>
      </trkpt>
      <trkpt lat="43.863495" lon="-123.520088">
        <ele>175.6</ele>
        <time>2023-06-11T01:12:25Z</time>
      </trkpt>
      <trkpt lat="43.863419" lon="-123.519592">
        <ele>175.7</ele>
        <time>2023-06-11T01:12:32Z</time>
      </trkpt>
      <trkpt lat="43.863335" lon="-123.518578">
        <ele>176.7</ele>
        <time>2023-06-11T01:12:46Z</time>
      </trkpt>
      <trkpt lat="43.863312" lon="-123.518448">
        <ele>177.0</ele>
        <time>2023-06-11T01:12:48Z</time>
      </trkpt>
      <trkpt lat="43.8633" lon="-123.518166">
        <ele>177.2</ele>
        <time>2023-06-11T01:12:52Z</time>
      </trkpt>
      <trkpt lat="43.863262" lon="-123.517975">
        <ele>177.3</ele>
        <time>2023-06-11T01:12:55Z</time>
      </trkpt>
      <trkpt lat="43.863304" lon="-123.517838">
        <ele>177.3</ele>
        <time>2023-06-11T01:12:57Z</time>
      </trkpt>
      <trkpt lat="43.863323" lon="-123.517616">
        <ele>177.6</ele>
        <time>2023-06-11T01:13:00Z</time>
      </trkpt>
      <trkpt lat="43.863316" lon="-123.517311">
        <ele>177.7</ele>
        <time>2023-06-11T01:13:04Z</time>
      </trkpt>
      <trkpt lat="43.863384" lon="-123.516624">
        <ele>177.7</ele>
        <time>2023-06-11T01:13:12Z</time>
      </trkpt>
      <trkpt lat="43.863495" lon="-123.51638">
        <ele>177.7</ele>
        <time>2023-06-11T01:13:16Z</time>
      </trkpt>
      <trkpt lat="43.863663" lon="-123.515823">
        <ele>178.0</ele>
        <time>2023-06-11T01:13:23Z</time>
      </trkpt>
      <trkpt lat="43.863804" lon="-123.515457">
        <ele>178.2</ele>
        <time>2023-06-11T01:13:28Z</time>
      </trkpt>
      <trkpt lat="43.863998" lon="-123.514809">
        <ele>178.6</ele>
        <time>2023-06-11T01:13:39Z</time>
      </trkpt>
      <trkpt lat="43.864075" lon="-123.514481">
        <ele>179.3</ele>
        <time>2023-06-11T01:13:45Z</time>
      </trkpt>
      <trkpt lat="43.864185" lon="-123.514137">
        <ele>180.3</ele>
        <time>2023-06-11T01:13:51Z</time>
      </trkpt>
      <trkpt lat="43.864315" lon="-123.513817">
        <ele>181.2</ele>
        <time>2023-06-11T01:13:56Z</time>
      </trkpt>
      <trkpt lat="43.864357" lon="-123.513626">
        <ele>181.3</ele>
        <time>2023-06-11T01:13:59Z</time>
      </trkpt>
      <trkpt lat="43.864562" lon="-123.513229">
        <ele>181.7</ele>
        <time>2023-06-11T01:14:05Z</time>
      </trkpt>
      <trkpt lat="43.865021" lon="-123.5121">
        <ele>181.0</ele>
        <time>2023-06-11T01:14:20Z</time>
      </trkpt>
      <trkpt lat="43.865367" lon="-123.51136">
        <ele>180.7</ele>
        <time>2023-06-11T01:14:31Z</time>
      </trkpt>
      <trkpt lat="43.865921" lon="-123.510338">
        <ele>181.0</ele>
        <time>2023-06-11T01:14:48Z</time>
      </trkpt>
      <trkpt lat="43.866131" lon="-123.510002">
        <ele>181.2</ele>
        <time>2023-06-11T01:14:54Z</time>
      </trkpt>
      <trkpt lat="43.86713" lon="-123.508797">
        <ele>179.6</ele>
        <time>2023-06-11T01:15:15Z</time>
      </trkpt>
      <trkpt lat="43.867435" lon="-123.50853">
        <ele>179.3</ele>
        <time>2023-06-11T01:15:21Z</time>
      </trkpt>
      <trkpt lat="43.868622" lon="-123.507393">
        <ele>179.3</ele>
        <time>2023-06-11T01:15:48Z</time>
      </trkpt>
      <trkpt lat="43.869476" lon="-123.506607">
        <ele>180.0</ele>
        <time>2023-06-11T01:16:08Z</time>
      </trkpt>
      <trkpt lat="43.869793" lon="-123.506401">
        <ele>180.0</ele>
        <time>2023-06-11T01:16:15Z</time>
      </trkpt>
      <trkpt lat="43.870852" lon="-123.505768">
        <ele>180.6</ele>
        <time>2023-06-11T01:16:36Z</time>
      </trkpt>
      <trkpt lat="43.871738" lon="-123.505028">
        <ele>180.6</ele>
        <time>2023-06-11T01:16:55Z</time>
      </trkpt>
      <trkpt lat="43.872311" lon="-123.504593">
        <ele>180.6</ele>
        <time>2023-06-11T01:17:07Z</time>
      </trkpt>
      <trkpt lat="43.87236" lon="-123.50457">
        <ele>180.6</ele>
        <time>2023-06-11T01:17:08Z</time>
      </trkpt>
      <trkpt lat="43.872627" lon="-123.50428">
        <ele>180.7</ele>
        <time>2023-06-11T01:17:15Z</time>
      </trkpt>
      <trkpt lat="43.873165" lon="-123.503876">
        <ele>180.6</ele>
        <time>2023-06-11T01:17:26Z</time>
      </trkpt>
      <trkpt lat="43.873455" lon="-123.503578">
        <ele>180.3</ele>
        <time>2023-06-11T01:17:32Z</time>
      </trkpt>
      <trkpt lat="43.873726" lon="-123.503349">
        <ele>180.2</ele>
        <time>2023-06-11T01:17:38Z</time>
      </trkpt>
      <trkpt lat="43.874111" lon="-123.503128">
        <ele>179.3</ele>
        <time>2023-06-11T01:17:45Z</time>
      </trkpt>
      <trkpt lat="43.874199" lon="-123.503052">
        <ele>179.3</ele>
        <time>2023-06-11T01:17:47Z</time>
      </trkpt>
      <trkpt lat="43.874573" lon="-123.502823">
        <ele>179.2</ele>
        <time>2023-06-11T01:17:54Z</time>
      </trkpt>
      <trkpt lat="43.874882" lon="-123.502609">
        <ele>179.2</ele>
        <time>2023-06-11T01:18:00Z</time>
      </trkpt>
      <trkpt lat="43.87524" lon="-123.502312">
        <ele>179.0</ele>
        <time>2023-06-11T01:18:07Z</time>
      </trkpt>
      <trkpt lat="43.87571" lon="-123.501816">
        <ele>178.0</ele>
        <time>2023-06-11T01:18:17Z</time>
      </trkpt>
      <trkpt lat="43.876057" lon="-123.501389">
        <ele>178.2</ele>
        <time>2023-06-11T01:18:26Z</time>
      </trkpt>
      <trkpt lat="43.876148" lon="-123.501297">
        <ele>178.2</ele>
        <time>2023-06-11T01:18:28Z</time>
      </trkpt>
      <trkpt lat="43.876282" lon="-123.501114">
        <ele>178.6</ele>
        <time>2023-06-11T01:18:32Z</time>
      </trkpt>
      <trkpt lat="43.876411" lon="-123.500999">
        <ele>179.2</ele>
        <time>2023-06-11T01:18:36Z</time>
      </trkpt>
      <trkpt lat="43.876587" lon="-123.500801">
        <ele>179.7</ele>
        <time>2023-06-11T01:18:42Z</time>
      </trkpt>
      <trkpt lat="43.876883" lon="-123.500656">
        <ele>180.3</ele>
        <time>2023-06-11T01:18:50Z</time>
      </trkpt>
      <trkpt lat="43.876984" lon="-123.500572">
        <ele>180.6</ele>
        <time>2023-06-11T01:18:53Z</time>
      </trkpt>
      <trkpt lat="43.877232" lon="-123.500244">
        <ele>181.3</ele>
        <time>2023-06-11T01:19:02Z</time>
      </trkpt>
      <trkpt lat="43.877743" lon="-123.499664">
        <ele>182.0</ele>
        <time>2023-06-11T01:19:16Z</time>
      </trkpt>
      <trkpt lat="43.878109" lon="-123.499359">
        <ele>182.7</ele>
        <time>2023-06-11T01:19:25Z</time>
      </trkpt>
      <trkpt lat="43.87896" lon="-123.498367">
        <ele>183.0</ele>
        <time>2023-06-11T01:19:48Z</time>
      </trkpt>
      <trkpt lat="43.87907" lon="-123.498207">
        <ele>183.0</ele>
        <time>2023-06-11T01:19:51Z</time>
      </trkpt>
      <trkpt lat="43.879204" lon="-123.498055">
        <ele>183.2</ele>
        <time>2023-06-11T01:19:54Z</time>
      </trkpt>
      <trkpt lat="43.879551" lon="-123.497536">
        <ele>183.2</ele>
        <time>2023-06-11T01:20:04Z</time>
      </trkpt>
      <trkpt lat="43.879734" lon="-123.4972">
        <ele>183.2</ele>
        <time>2023-06-11T01:20:10Z</time>
      </trkpt>
      <trkpt lat="43.88068" lon="-123.495796">
        <ele>183.2</ele>
        <time>2023-06-11T01:20:35Z</time>
      </trkpt>
      <trkpt lat="43.880947" lon="-123.495354">
        <ele>183.2</ele>
        <time>2023-06-11T01:20:43Z</time>
      </trkpt>
      <trkpt lat="43.881031" lon="-123.495163">
        <ele>183.2</ele>
        <time>2023-06-11T01:20:46Z</time>
      </trkpt>
      <trkpt lat="43.881141" lon="-123.494843">
        <ele>183.0</ele>
        <time>2023-06-11T01:20:50Z</time>
      </trkpt>
      <trkpt lat="43.881229" lon="-123.494377">
        <ele>182.6</ele>
        <time>2023-06-11T01:20:56Z</time>
      </trkpt>
      <trkpt lat="43.881256" lon="-123.493973">
        <ele>182.2</ele>
        <time>2023-06-11T01:21:01Z</time>
      </trkpt>
      <trkpt lat="43.881279" lon="-123.493393">
        <ele>182.2</ele>
        <time>2023-06-11T01:21:08Z</time>
      </trkpt>
      <trkpt lat="43.881268" lon="-123.492523">
        <ele>181.7</ele>
        <time>2023-06-11T01:21:19Z</time>
      </trkpt>
      <trkpt lat="43.881248" lon="-123.492386">
        <ele>181.7</ele>
        <time>2023-06-11T01:21:21Z</time>
      </trkpt>
      <trkpt lat="43.881248" lon="-123.492004">
        <ele>182.0</ele>
        <time>2023-06-11T01:21:26Z</time>
      </trkpt>
      <trkpt lat="43.881203" lon="-123.491592">
        <ele>181.7</ele>
        <time>2023-06-11T01:21:31Z</time>
      </trkpt>
      <trkpt lat="43.881077" lon="-123.491119">
        <ele>182.2</ele>
        <time>2023-06-11T01:21:37Z</time>
      </trkpt>
      <trkpt lat="43.881031" lon="-123.490402">
        <ele>182.2</ele>
        <time>2023-06-11T01:21:46Z</time>
      </trkpt>
      <trkpt lat="43.881039" lon="-123.490234">
        <ele>182.3</ele>
        <time>2023-06-11T01:21:48Z</time>
      </trkpt>
      <trkpt lat="43.88113" lon="-123.489777">
        <ele>182.3</ele>
        <time>2023-06-11T01:21:54Z</time>
      </trkpt>
      <trkpt lat="43.881214" lon="-123.489594">
        <ele>182.3</ele>
        <time>2023-06-11T01:21:57Z</time>
      </trkpt>
      <trkpt lat="43.881378" lon="-123.489311">
        <ele>182.7</ele>
        <time>2023-06-11T01:22:03Z</time>
      </trkpt>
      <trkpt lat="43.881527" lon="-123.489105">
        <ele>183.0</ele>
        <time>2023-06-11T01:22:08Z</time>
      </trkpt>
      <trkpt lat="43.881839" lon="-123.488846">
        <ele>183.0</ele>
        <time>2023-06-11T01:22:15Z</time>
      </trkpt>
      <trkpt lat="43.882092" lon="-123.488602">
        <ele>183.0</ele>
        <time>2023-06-11T01:22:21Z</time>
      </trkpt>
      <trkpt lat="43.882202" lon="-123.488472">
        <ele>183.0</ele>
        <time>2023-06-11T01:22:24Z</time>
      </trkpt>
      <trkpt lat="43.882294" lon="-123.488403">
        <ele>183.0</ele>
        <time>2023-06-11T01:22:26Z</time>
      </trkpt>
      <trkpt lat="43.882553" lon="-123.488144">
        <ele>183.2</ele>
        <time>2023-06-11T01:22:33Z</time>
      </trkpt>
      <trkpt lat="43.882862" lon="-123.487808">
        <ele>184.2</ele>
        <time>2023-06-11T01:22:43Z</time>
      </trkpt>
      <trkpt lat="43.883392" lon="-123.487381">
        <ele>187.2</ele>
        <time>2023-06-11T01:23:01Z</time>
      </trkpt>
      <trkpt lat="43.884483" lon="-123.48629">
        <ele>190.0</ele>
        <time>2023-06-11T01:23:37Z</time>
      </trkpt>
      <trkpt lat="43.884708" lon="-123.486099">
        <ele>190.0</ele>
        <time>2023-06-11T01:23:44Z</time>
      </trkpt>
      <trkpt lat="43.886615" lon="-123.484238">
        <ele>184.6</ele>
        <time>2023-06-11T01:24:26Z</time>
      </trkpt>
      <trkpt lat="43.886715" lon="-123.484131">
        <ele>184.3</ele>
        <time>2023-06-11T01:24:28Z</time>
      </trkpt>
      <trkpt lat="43.887337" lon="-123.483292">
        <ele>182.7</ele>
        <time>2023-06-11T01:24:42Z</time>
      </trkpt>
      <trkpt lat="43.888069" lon="-123.482185">
        <ele>181.0</ele>
        <time>2023-06-11T01:25:00Z</time>
      </trkpt>
      <trkpt lat="43.888378" lon="-123.481743">
        <ele>180.6</ele>
        <time>2023-06-11T01:25:07Z</time>
      </trkpt>
      <trkpt lat="43.888767" lon="-123.481232">
        <ele>180.7</ele>
        <time>2023-06-11T01:25:18Z</time>
      </trkpt>
      <trkpt lat="43.888889" lon="-123.481125">
        <ele>180.7</ele>
        <time>2023-06-11T01:25:22Z</time>
      </trkpt>
      <trkpt lat="43.889057" lon="-123.480927">
        <ele>181.6</ele>
        <time>2023-06-11T01:25:28Z</time>
      </trkpt>
      <trkpt lat="43.889389" lon="-123.480713">
        <ele>183.3</ele>
        <time>2023-06-11T01:25:39Z</time>
      </trkpt>
      <trkpt lat="43.889462" lon="-123.480682">
        <ele>183.6</ele>
        <time>2023-06-11T01:25:41Z</time>
      </trkpt>
      <trkpt lat="43.889674" lon="-123.480499">
        <ele>184.2</ele>
        <time>2023-06-11T01:25:49Z</time>
      </trkpt>
      <trkpt lat="43.889816" lon="-123.480278">
        <ele>185.6</ele>
        <time>2023-06-11T01:25:57Z</time>
      </trkpt>
      <trkpt lat="43.889866" lon="-123.480225">
        <ele>186.0</ele>
        <time>2023-06-11T01:25:59Z</time>
      </trkpt>
      <trkpt lat="43.890106" lon="-123.480003">
        <ele>187.3</ele>
        <time>2023-06-11T01:26:08Z</time>
      </trkpt>
      <trkpt lat="43.890179" lon="-123.479958">
        <ele>187.7</ele>
        <time>2023-06-11T01:26:11Z</time>
      </trkpt>
      <trkpt lat="43.890403" lon="-123.479736">
        <ele>189.2</ele>
        <time>2023-06-11T01:26:19Z</time>
      </trkpt>
      <trkpt lat="43.890678" lon="-123.479546">
        <ele>190.3</ele>
        <time>2023-06-11T01:26:28Z</time>
      </trkpt>
      <trkpt lat="43.890999" lon="-123.479263">
        <ele>192.6</ele>
        <time>2023-06-11T01:26:42Z</time>
      </trkpt>
      <trkpt lat="43.89119" lon="-123.478989">
        <ele>193.7</ele>
        <time>2023-06-11T01:26:51Z</time>
      </trkpt>
      <trkpt lat="43.891308" lon="-123.478683">
        <ele>194.7</ele>
        <time>2023-06-11T01:26:59Z</time>
      </trkpt>
      <trkpt lat="43.891388" lon="-123.478394">
        <ele>196.0</ele>
        <time>2023-06-11T01:27:06Z</time>
      </trkpt>
      <trkpt lat="43.891487" lon="-123.477966">
        <ele>198.3</ele>
        <time>2023-06-11T01:27:17Z</time>
      </trkpt>
      <trkpt lat="43.891495" lon="-123.477829">
        <ele>199.0</ele>
        <time>2023-06-11T01:27:21Z</time>
      </trkpt>
      <trkpt lat="43.891468" lon="-123.477234">
        <ele>200.3</ele>
        <time>2023-06-11T01:27:36Z</time>
      </trkpt>
      <trkpt lat="43.891357" lon="-123.476006">
        <ele>202.7</ele>
        <time>2023-06-11T01:28:04Z</time>
      </trkpt>
      <trkpt lat="43.891346" lon="-123.475708">
        <ele>203.7</ele>
        <time>2023-06-11T01:28:11Z</time>
      </trkpt>
      <trkpt lat="43.891295" lon="-123.475327">
        <ele>205.2</ele>
        <time>2023-06-11T01:28:20Z</time>
      </trkpt>
      <trkpt lat="43.891285" lon="-123.475021">
        <ele>205.6</ele>
        <time>2023-06-11T01:28:27Z</time>
      </trkpt>
      <trkpt lat="43.891216" lon="-123.474487">
        <ele>207.7</ele>
        <time>2023-06-11T01:28:41Z</time>
      </trkpt>
      <trkpt lat="43.891106" lon="-123.474136">
        <ele>208.7</ele>
        <time>2023-06-11T01:28:50Z</time>
      </trkpt>
      <trkpt lat="43.890976" lon="-123.473793">
        <ele>210.0</ele>
        <time>2023-06-11T01:28:59Z</time>
      </trkpt>
      <trkpt lat="43.89077" lon="-123.473335">
        <ele>211.0</ele>
        <time>2023-06-11T01:29:10Z</time>
      </trkpt>
      <trkpt lat="43.890579" lon="-123.472824">
        <ele>211.2</ele>
        <time>2023-06-11T01:29:20Z</time>
      </trkpt>
      <trkpt lat="43.890457" lon="-123.472374">
        <ele>211.0</ele>
        <time>2023-06-11T01:29:29Z</time>
      </trkpt>
      <trkpt lat="43.890419" lon="-123.471931">
        <ele>210.6</ele>
        <time>2023-06-11T01:29:37Z</time>
      </trkpt>
      <trkpt lat="43.890423" lon="-123.471603">
        <ele>210.3</ele>
        <time>2023-06-11T01:29:42Z</time>
      </trkpt>
      <trkpt lat="43.890446" lon="-123.471291">
        <ele>210.3</ele>
        <time>2023-06-11T01:29:47Z</time>
      </trkpt>
      <trkpt lat="43.890484" lon="-123.471062">
        <ele>210.6</ele>
        <time>2023-06-11T01:29:51Z</time>
      </trkpt>
      <trkpt lat="43.89082" lon="-123.46949">
        <ele>212.0</ele>
        <time>2023-06-11T01:30:22Z</time>
      </trkpt>
      <trkpt lat="43.89098" lon="-123.46891">
        <ele>212.0</ele>
        <time>2023-06-11T01:30:32Z</time>
      </trkpt>
      <trkpt lat="43.891247" lon="-123.46769">
        <ele>210.3</ele>
        <time>2023-06-11T01:30:50Z</time>
      </trkpt>
      <trkpt lat="43.891453" lon="-123.466576">
        <ele>209.3</ele>
        <time>2023-06-11T01:31:05Z</time>
      </trkpt>
      <trkpt lat="43.891521" lon="-123.466324">
        <ele>209.0</ele>
        <time>2023-06-11T01:31:09Z</time>
      </trkpt>
      <trkpt lat="43.891739" lon="-123.465683">
        <ele>209.0</ele>
        <time>2023-06-11T01:31:19Z</time>
      </trkpt>
      <trkpt lat="43.891953" lon="-123.46521">
        <ele>209.3</ele>
        <time>2023-06-11T01:31:28Z</time>
      </trkpt>
      <trkpt lat="43.892258" lon="-123.4646">
        <ele>208.6</ele>
        <time>2023-06-11T01:31:38Z</time>
      </trkpt>
      <trkpt lat="43.892502" lon="-123.464256">
        <ele>208.2</ele>
        <time>2023-06-11T01:31:44Z</time>
      </trkpt>
      <trkpt lat="43.892712" lon="-123.464058">
        <ele>207.3</ele>
        <time>2023-06-11T01:31:48Z</time>
      </trkpt>
      <trkpt lat="43.893005" lon="-123.463707">
        <ele>206.7</ele>
        <time>2023-06-11T01:31:54Z</time>
      </trkpt>
      <trkpt lat="43.893101" lon="-123.463547">
        <ele>206.6</ele>
        <time>2023-06-11T01:31:56Z</time>
      </trkpt>
      <trkpt lat="43.893387" lon="-123.46302">
        <ele>204.7</ele>
        <time>2023-06-11T01:32:02Z</time>
      </trkpt>
      <trkpt lat="43.893462" lon="-123.462837">
        <ele>204.2</ele>
        <time>2023-06-11T01:32:04Z</time>
      </trkpt>
      <trkpt lat="43.893559" lon="-123.462563">
        <ele>203.0</ele>
        <time>2023-06-11T01:32:07Z</time>
      </trkpt>
      <trkpt lat="43.893734" lon="-123.461967">
        <ele>202.7</ele>
        <time>2023-06-11T01:32:15Z</time>
      </trkpt>
      <trkpt lat="43.89378" lon="-123.461868">
        <ele>202.7</ele>
        <time>2023-06-11T01:32:17Z</time>
      </trkpt>
      <trkpt lat="43.894157" lon="-123.461288">
        <ele>206.6</ele>
        <time>2023-06-11T01:32:32Z</time>
      </trkpt>
      <trkpt lat="43.894455" lon="-123.460899">
        <ele>207.3</ele>
        <time>2023-06-11T01:32:41Z</time>
      </trkpt>
      <trkpt lat="43.894661" lon="-123.460419">
        <ele>207.7</ele>
        <time>2023-06-11T01:32:50Z</time>
      </trkpt>
      <trkpt lat="43.894722" lon="-123.46032">
        <ele>207.7</ele>
        <time>2023-06-11T01:32:52Z</time>
      </trkpt>
      <trkpt lat="43.895126" lon="-123.458778">
        <ele>211.2</ele>
        <time>2023-06-11T01:33:24Z</time>
      </trkpt>
      <trkpt lat="43.895271" lon="-123.457779">
        <ele>213.6</ele>
        <time>2023-06-11T01:33:44Z</time>
      </trkpt>
      <trkpt lat="43.895336" lon="-123.457558">
        <ele>214.0</ele>
        <time>2023-06-11T01:33:48Z</time>
      </trkpt>
      <trkpt lat="43.895397" lon="-123.457161">
        <ele>214.3</ele>
        <time>2023-06-11T01:33:55Z</time>
      </trkpt>
      <trkpt lat="43.895409" lon="-123.456909">
        <ele>214.3</ele>
        <time>2023-06-11T01:33:59Z</time>
      </trkpt>
      <trkpt lat="43.895496" lon="-123.456161">
        <ele>214.3</ele>
        <time>2023-06-11T01:34:11Z</time>
      </trkpt>
      <trkpt lat="43.895493" lon="-123.455956">
        <ele>214.3</ele>
        <time>2023-06-11T01:34:14Z</time>
      </trkpt>
      <trkpt lat="43.895401" lon="-123.45533">
        <ele>215.7</ele>
        <time>2023-06-11T01:34:29Z</time>
      </trkpt>
      <trkpt lat="43.895306" lon="-123.454422">
        <ele>221.0</ele>
        <time>2023-06-11T01:34:52Z</time>
      </trkpt>
      <trkpt lat="43.895378" lon="-123.453873">
        <ele>223.6</ele>
        <time>2023-06-11T01:35:06Z</time>
      </trkpt>
      <trkpt lat="43.89547" lon="-123.453499">
        <ele>226.0</ele>
        <time>2023-06-11T01:35:16Z</time>
      </trkpt>
      <trkpt lat="43.895508" lon="-123.453232">
        <ele>227.0</ele>
        <time>2023-06-11T01:35:23Z</time>
      </trkpt>
      <trkpt lat="43.895515" lon="-123.452675">
        <ele>229.4</ele>
        <time>2023-06-11T01:35:39Z</time>
      </trkpt>
      <trkpt lat="43.895485" lon="-123.452209">
        <ele>231.6</ele>
        <time>2023-06-11T01:35:52Z</time>
      </trkpt>
      <trkpt lat="43.895424" lon="-123.45192">
        <ele>232.7</ele>
        <time>2023-06-11T01:36:00Z</time>
      </trkpt>
      <trkpt lat="43.895271" lon="-123.45163">
        <ele>234.6</ele>
        <time>2023-06-11T01:36:11Z</time>
      </trkpt>
      <trkpt lat="43.895161" lon="-123.451477">
        <ele>235.6</ele>
        <time>2023-06-11T01:36:17Z</time>
      </trkpt>
      <trkpt lat="43.895012" lon="-123.451172">
        <ele>236.6</ele>
        <time>2023-06-11T01:36:28Z</time>
      </trkpt>
      <trkpt lat="43.894939" lon="-123.450768">
        <ele>238.6</ele>
        <time>2023-06-11T01:36:43Z</time>
      </trkpt>
      <trkpt lat="43.894901" lon="-123.450661">
        <ele>239.0</ele>
        <time>2023-06-11T01:36:48Z</time>
      </trkpt>
      <trkpt lat="43.894844" lon="-123.450539">
        <ele>239.2</ele>
        <time>2023-06-11T01:36:54Z</time>
      </trkpt>
      <trkpt lat="43.89481" lon="-123.450562">
        <ele>240.0</ele>
        <time>2023-06-11T01:40:53Z</time>
      </trkpt>
      <trkpt lat="43.894772" lon="-123.450447">
        <ele>240.0</ele>
        <time>2023-06-11T01:41:01Z</time>
      </trkpt>
      <trkpt lat="43.894634" lon="-123.450203">
        <ele>239.7</ele>
        <time>2023-06-11T01:41:06Z</time>
      </trkpt>
      <trkpt lat="43.894405" lon="-123.449608">
        <ele>238.6</ele>
        <time>2023-06-11T01:41:13Z</time>
      </trkpt>
      <trkpt lat="43.894343" lon="-123.449371">
        <ele>237.7</ele>
        <time>2023-06-11T01:41:15Z</time>
      </trkpt>
      <trkpt lat="43.894325" lon="-123.448975">
        <ele>236.0</ele>
        <time>2023-06-11T01:41:18Z</time>
      </trkpt>
      <trkpt lat="43.894363" lon="-123.448685">
        <ele>234.6</ele>
        <time>2023-06-11T01:41:20Z</time>
      </trkpt>
      <trkpt lat="43.894402" lon="-123.44854">
        <ele>233.6</ele>
        <time>2023-06-11T01:41:21Z</time>
      </trkpt>
      <trkpt lat="43.894512" lon="-123.44828">
        <ele>232.7</ele>
        <time>2023-06-11T01:41:23Z</time>
      </trkpt>
      <trkpt lat="43.894577" lon="-123.448158">
        <ele>232.2</ele>
        <time>2023-06-11T01:41:24Z</time>
      </trkpt>
      <trkpt lat="43.894913" lon="-123.447716">
        <ele>229.6</ele>
        <time>2023-06-11T01:41:28Z</time>
      </trkpt>
      <trkpt lat="43.895252" lon="-123.447205">
        <ele>225.7</ele>
        <time>2023-06-11T01:41:32Z</time>
      </trkpt>
      <trkpt lat="43.895409" lon="-123.446892">
        <ele>224.6</ele>
        <time>2023-06-11T01:41:34Z</time>
      </trkpt>
      <trkpt lat="43.895554" lon="-123.446526">
        <ele>223.2</ele>
        <time>2023-06-11T01:41:36Z</time>
      </trkpt>
      <trkpt lat="43.895645" lon="-123.44622">
        <ele>221.2</ele>
        <time>2023-06-11T01:41:38Z</time>
      </trkpt>
      <trkpt lat="43.895805" lon="-123.44548">
        <ele>217.2</ele>
        <time>2023-06-11T01:41:42Z</time>
      </trkpt>
      <trkpt lat="43.895832" lon="-123.445122">
        <ele>214.6</ele>
        <time>2023-06-11T01:41:44Z</time>
      </trkpt>
      <trkpt lat="43.895817" lon="-123.444733">
        <ele>212.2</ele>
        <time>2023-06-11T01:41:46Z</time>
      </trkpt>
      <trkpt lat="43.895687" lon="-123.443863">
        <ele>207.7</ele>
        <time>2023-06-11T01:41:51Z</time>
      </trkpt>
      <trkpt lat="43.895607" lon="-123.443504">
        <ele>206.0</ele>
        <time>2023-06-11T01:41:53Z</time>
      </trkpt>
      <trkpt lat="43.89555" lon="-123.443352">
        <ele>205.0</ele>
        <time>2023-06-11T01:41:54Z</time>
      </trkpt>
      <trkpt lat="43.895393" lon="-123.443077">
        <ele>203.0</ele>
        <time>2023-06-11T01:41:56Z</time>
      </trkpt>
      <trkpt lat="43.89529" lon="-123.442947">
        <ele>202.0</ele>
        <time>2023-06-11T01:41:57Z</time>
      </trkpt>
      <trkpt lat="43.894599" lon="-123.442215">
        <ele>196.0</ele>
        <time>2023-06-11T01:42:03Z</time>
      </trkpt>
      <trkpt lat="43.894238" lon="-123.441673">
        <ele>190.6</ele>
        <time>2023-06-11T01:42:07Z</time>
      </trkpt>
      <trkpt lat="43.894066" lon="-123.441437">
        <ele>189.3</ele>
        <time>2023-06-11T01:42:09Z</time>
      </trkpt>
      <trkpt lat="43.893864" lon="-123.4412">
        <ele>188.3</ele>
        <time>2023-06-11T01:42:11Z</time>
      </trkpt>
      <trkpt lat="43.893436" lon="-123.440804">
        <ele>187.0</ele>
        <time>2023-06-11T01:42:16Z</time>
      </trkpt>
      <trkpt lat="43.893059" lon="-123.440536">
        <ele>186.0</ele>
        <time>2023-06-11T01:42:20Z</time>
      </trkpt>
      <trkpt lat="43.892967" lon="-123.440491">
        <ele>186.0</ele>
        <time>2023-06-11T01:42:21Z</time>
      </trkpt>
      <trkpt lat="43.892612" lon="-123.440399">
        <ele>185.0</ele>
        <time>2023-06-11T01:42:25Z</time>
      </trkpt>
      <trkpt lat="43.892283" lon="-123.440338">
        <ele>184.6</ele>
        <time>2023-06-11T01:42:29Z</time>
      </trkpt>
      <trkpt lat="43.892131" lon="-123.440285">
        <ele>184.6</ele>
        <time>2023-06-11T01:42:31Z</time>
      </trkpt>
      <trkpt lat="43.891678" lon="-123.44017">
        <ele>184.3</ele>
        <time>2023-06-11T01:42:38Z</time>
      </trkpt>
      <trkpt lat="43.891495" lon="-123.440147">
        <ele>184.3</ele>
        <time>2023-06-11T01:42:41Z</time>
      </trkpt>
      <trkpt lat="43.891029" lon="-123.440018">
        <ele>184.3</ele>
        <time>2023-06-11T01:42:48Z</time>
      </trkpt>
      <trkpt lat="43.890625" lon="-123.43988">
        <ele>184.2</ele>
        <time>2023-06-11T01:42:54Z</time>
      </trkpt>
      <trkpt lat="43.890182" lon="-123.439804">
        <ele>184.7</ele>
        <time>2023-06-11T01:43:03Z</time>
      </trkpt>
      <trkpt lat="43.889854" lon="-123.439827">
        <ele>185.6</ele>
        <time>2023-06-11T01:43:09Z</time>
      </trkpt>
      <trkpt lat="43.889767" lon="-123.439819">
        <ele>185.6</ele>
        <time>2023-06-11T01:43:11Z</time>
      </trkpt>
      <trkpt lat="43.889477" lon="-123.439865">
        <ele>186.2</ele>
        <time>2023-06-11T01:43:19Z</time>
      </trkpt>
      <trkpt lat="43.88929" lon="-123.439857">
        <ele>187.2</ele>
        <time>2023-06-11T01:43:25Z</time>
      </trkpt>
      <trkpt lat="43.889114" lon="-123.439873">
        <ele>188.0</ele>
        <time>2023-06-11T01:43:30Z</time>
      </trkpt>
      <trkpt lat="43.888924" lon="-123.439957">
        <ele>188.3</ele>
        <time>2023-06-11T01:43:36Z</time>
      </trkpt>
      <trkpt lat="43.888767" lon="-123.43998">
        <ele>189.0</ele>
        <time>2023-06-11T01:43:41Z</time>
      </trkpt>
      <trkpt lat="43.888466" lon="-123.439964">
        <ele>190.0</ele>
        <time>2023-06-11T01:43:49Z</time>
      </trkpt>
      <trkpt lat="43.888252" lon="-123.439911">
        <ele>191.2</ele>
        <time>2023-06-11T01:43:55Z</time>
      </trkpt>
      <trkpt lat="43.887943" lon="-123.43998">
        <ele>191.3</ele>
        <time>2023-06-11T01:44:01Z</time>
      </trkpt>
      <trkpt lat="43.88739" lon="-123.439842">
        <ele>190.3</ele>
        <time>2023-06-11T01:44:10Z</time>
      </trkpt>
      <trkpt lat="43.887173" lon="-123.439857">
        <ele>189.2</ele>
        <time>2023-06-11T01:44:13Z</time>
      </trkpt>
      <trkpt lat="43.887099" lon="-123.43988">
        <ele>188.7</ele>
        <time>2023-06-11T01:44:14Z</time>
      </trkpt>
      <trkpt lat="43.886925" lon="-123.439987">
        <ele>187.6</ele>
        <time>2023-06-11T01:44:17Z</time>
      </trkpt>
      <trkpt lat="43.88665" lon="-123.440277">
        <ele>187.2</ele>
        <time>2023-06-11T01:44:22Z</time>
      </trkpt>
      <trkpt lat="43.886398" lon="-123.440506">
        <ele>187.0</ele>
        <time>2023-06-11T01:44:26Z</time>
      </trkpt>
      <trkpt lat="43.885826" lon="-123.440933">
        <ele>186.2</ele>
        <time>2023-06-11T01:44:36Z</time>
      </trkpt>
      <trkpt lat="43.885703" lon="-123.441071">
        <ele>186.2</ele>
        <time>2023-06-11T01:44:39Z</time>
      </trkpt>
      <trkpt lat="43.885201" lon="-123.441734">
        <ele>186.7</ele>
        <time>2023-06-11T01:44:51Z</time>
      </trkpt>
      <trkpt lat="43.88493" lon="-123.441956">
        <ele>186.7</ele>
        <time>2023-06-11T01:44:57Z</time>
      </trkpt>
      <trkpt lat="43.884163" lon="-123.442429">
        <ele>187.2</ele>
        <time>2023-06-11T01:45:14Z</time>
      </trkpt>
      <trkpt lat="43.883995" lon="-123.44252">
        <ele>187.7</ele>
        <time>2023-06-11T01:45:18Z</time>
      </trkpt>
      <trkpt lat="43.883839" lon="-123.442581">
        <ele>188.6</ele>
        <time>2023-06-11T01:45:22Z</time>
      </trkpt>
      <trkpt lat="43.883804" lon="-123.442627">
        <ele>188.6</ele>
        <time>2023-06-11T01:45:23Z</time>
      </trkpt>
      <trkpt lat="43.883572" lon="-123.442764">
        <ele>189.3</ele>
        <time>2023-06-11T01:45:29Z</time>
      </trkpt>
      <trkpt lat="43.88306" lon="-123.443016">
        <ele>191.0</ele>
        <time>2023-06-11T01:45:42Z</time>
      </trkpt>
      <trkpt lat="43.882664" lon="-123.443161">
        <ele>191.6</ele>
        <time>2023-06-11T01:45:51Z</time>
      </trkpt>
      <trkpt lat="43.882389" lon="-123.443214">
        <ele>191.6</ele>
        <time>2023-06-11T01:45:56Z</time>
      </trkpt>
      <trkpt lat="43.88216" lon="-123.443169">
        <ele>191.6</ele>
        <time>2023-06-11T01:46:00Z</time>
      </trkpt>
      <trkpt lat="43.882008" lon="-123.443077">
        <ele>191.6</ele>
        <time>2023-06-11T01:46:03Z</time>
      </trkpt>
      <trkpt lat="43.881927" lon="-123.443001">
        <ele>191.6</ele>
        <time>2023-06-11T01:46:05Z</time>
      </trkpt>
      <trkpt lat="43.881447" lon="-123.442406">
        <ele>191.6</ele>
        <time>2023-06-11T01:46:17Z</time>
      </trkpt>
      <trkpt lat="43.881149" lon="-123.44207">
        <ele>191.2</ele>
        <time>2023-06-11T01:46:24Z</time>
      </trkpt>
      <trkpt lat="43.880764" lon="-123.441528">
        <ele>191.0</ele>
        <time>2023-06-11T01:46:33Z</time>
      </trkpt>
      <trkpt lat="43.880119" lon="-123.440407">
        <ele>189.3</ele>
        <time>2023-06-11T01:46:48Z</time>
      </trkpt>
      <trkpt lat="43.879452" lon="-123.438629">
        <ele>189.7</ele>
        <time>2023-06-11T01:47:10Z</time>
      </trkpt>
      <trkpt lat="43.879177" lon="-123.43811">
        <ele>190.0</ele>
        <time>2023-06-11T01:47:18Z</time>
      </trkpt>
      <trkpt lat="43.878459" lon="-123.437035">
        <ele>192.0</ele>
        <time>2023-06-11T01:47:41Z</time>
      </trkpt>
      <trkpt lat="43.878158" lon="-123.436501">
        <ele>193.0</ele>
        <time>2023-06-11T01:47:53Z</time>
      </trkpt>
      <trkpt lat="43.878051" lon="-123.436264">
        <ele>193.7</ele>
        <time>2023-06-11T01:47:59Z</time>
      </trkpt>
      <trkpt lat="43.877643" lon="-123.43557">
        <ele>196.3</ele>
        <time>2023-06-11T01:48:18Z</time>
      </trkpt>
      <trkpt lat="43.877071" lon="-123.434784">
        <ele>199.6</ele>
        <time>2023-06-11T01:48:44Z</time>
      </trkpt>
      <trkpt lat="43.876755" lon="-123.434433">
        <ele>201.7</ele>
        <time>2023-06-11T01:48:58Z</time>
      </trkpt>
      <trkpt lat="43.876625" lon="-123.434326">
        <ele>202.0</ele>
        <time>2023-06-11T01:49:02Z</time>
      </trkpt>
      <trkpt lat="43.87635" lon="-123.434212">
        <ele>202.3</ele>
        <time>2023-06-11T01:49:10Z</time>
      </trkpt>
      <trkpt lat="43.876186" lon="-123.434174">
        <ele>202.7</ele>
        <time>2023-06-11T01:49:14Z</time>
      </trkpt>
      <trkpt lat="43.876007" lon="-123.43409">
        <ele>203.0</ele>
        <time>2023-06-11T01:49:19Z</time>
      </trkpt>
      <trkpt lat="43.874996" lon="-123.433327">
        <ele>200.3</ele>
        <time>2023-06-11T01:49:38Z</time>
      </trkpt>
      <trkpt lat="43.874775" lon="-123.433189">
        <ele>199.2</ele>
        <time>2023-06-11T01:49:41Z</time>
      </trkpt>
      <trkpt lat="43.874622" lon="-123.433128">
        <ele>198.7</ele>
        <time>2023-06-11T01:49:43Z</time>
      </trkpt>
      <trkpt lat="43.874458" lon="-123.433098">
        <ele>197.7</ele>
        <time>2023-06-11T01:49:45Z</time>
      </trkpt>
      <trkpt lat="43.874287" lon="-123.433121">
        <ele>196.6</ele>
        <time>2023-06-11T01:49:47Z</time>
      </trkpt>
      <trkpt lat="43.874065" lon="-123.433258">
        <ele>195.6</ele>
        <time>2023-06-11T01:49:50Z</time>
      </trkpt>
      <trkpt lat="43.87355" lon="-123.433739">
        <ele>196.6</ele>
        <time>2023-06-11T01:50:05Z</time>
      </trkpt>
      <trkpt lat="43.873173" lon="-123.434052">
        <ele>199.7</ele>
        <time>2023-06-11T01:50:20Z</time>
      </trkpt>
      <trkpt lat="43.873058" lon="-123.434181">
        <ele>200.3</ele>
        <time>2023-06-11T01:50:25Z</time>
      </trkpt>
      <trkpt lat="43.873001" lon="-123.43428">
        <ele>201.0</ele>
        <time>2023-06-11T01:50:28Z</time>
      </trkpt>
      <trkpt lat="43.872898" lon="-123.434532">
        <ele>202.0</ele>
        <time>2023-06-11T01:50:34Z</time>
      </trkpt>
      <trkpt lat="43.872826" lon="-123.434875">
        <ele>203.0</ele>
        <time>2023-06-11T01:50:41Z</time>
      </trkpt>
      <trkpt lat="43.872665" lon="-123.43586">
        <ele>204.3</ele>
        <time>2023-06-11T01:50:59Z</time>
      </trkpt>
      <trkpt lat="43.872528" lon="-123.436432">
        <ele>205.0</ele>
        <time>2023-06-11T01:51:09Z</time>
      </trkpt>
      <trkpt lat="43.872397" lon="-123.436821">
        <ele>205.3</ele>
        <time>2023-06-11T01:51:16Z</time>
      </trkpt>
      <trkpt lat="43.872303" lon="-123.437073">
        <ele>205.7</ele>
        <time>2023-06-11T01:51:22Z</time>
      </trkpt>
      <trkpt lat="43.872242" lon="-123.437164">
        <ele>206.3</ele>
        <time>2023-06-11T01:51:25Z</time>
      </trkpt>
      <trkpt lat="43.872166" lon="-123.437241">
        <ele>206.7</ele>
        <time>2023-06-11T01:51:28Z</time>
      </trkpt>
      <trkpt lat="43.872082" lon="-123.437271">
        <ele>207.3</ele>
        <time>2023-06-11T01:51:31Z</time>
      </trkpt>
      <trkpt lat="43.871983" lon="-123.437248">
        <ele>207.7</ele>
        <time>2023-06-11T01:51:34Z</time>
      </trkpt>
      <trkpt lat="43.871899" lon="-123.437149">
        <ele>208.3</ele>
        <time>2023-06-11T01:51:38Z</time>
      </trkpt>
      <trkpt lat="43.871811" lon="-123.436958">
        <ele>209.6</ele>
        <time>2023-06-11T01:51:44Z</time>
      </trkpt>
      <trkpt lat="43.871769" lon="-123.436623">
        <ele>212.0</ele>
        <time>2023-06-11T01:51:54Z</time>
      </trkpt>
      <trkpt lat="43.871792" lon="-123.436104">
        <ele>214.6</ele>
        <time>2023-06-11T01:52:11Z</time>
      </trkpt>
      <trkpt lat="43.871811" lon="-123.435997">
        <ele>215.2</ele>
        <time>2023-06-11T01:52:15Z</time>
      </trkpt>
      <trkpt lat="43.871803" lon="-123.43573">
        <ele>217.4</ele>
        <time>2023-06-11T01:52:25Z</time>
      </trkpt>
      <trkpt lat="43.871822" lon="-123.435539">
        <ele>218.4</ele>
        <time>2023-06-11T01:52:32Z</time>
      </trkpt>
      <trkpt lat="43.871826" lon="-123.434944">
        <ele>222.0</ele>
        <time>2023-06-11T01:52:51Z</time>
      </trkpt>
      <trkpt lat="43.871769" lon="-123.43428">
        <ele>224.6</ele>
        <time>2023-06-11T01:53:14Z</time>
      </trkpt>
      <trkpt lat="43.871777" lon="-123.433586">
        <ele>226.4</ele>
        <time>2023-06-11T01:53:38Z</time>
      </trkpt>
      <trkpt lat="43.871754" lon="-123.433319">
        <ele>227.7</ele>
        <time>2023-06-11T01:53:47Z</time>
      </trkpt>
      <trkpt lat="43.871784" lon="-123.432938">
        <ele>230.6</ele>
        <time>2023-06-11T01:53:59Z</time>
      </trkpt>
      <trkpt lat="43.871815" lon="-123.432739">
        <ele>231.6</ele>
        <time>2023-06-11T01:54:06Z</time>
      </trkpt>
      <trkpt lat="43.871819" lon="-123.43235">
        <ele>233.2</ele>
        <time>2023-06-11T01:54:19Z</time>
      </trkpt>
      <trkpt lat="43.871815" lon="-123.432198">
        <ele>234.4</ele>
        <time>2023-06-11T01:54:24Z</time>
      </trkpt>
      <trkpt lat="43.871716" lon="-123.431458">
        <ele>239.0</ele>
        <time>2023-06-11T01:54:49Z</time>
      </trkpt>
      <trkpt lat="43.871681" lon="-123.431305">
        <ele>240.0</ele>
        <time>2023-06-11T01:54:54Z</time>
      </trkpt>
      <trkpt lat="43.871632" lon="-123.431175">
        <ele>240.2</ele>
        <time>2023-06-11T01:54:59Z</time>
      </trkpt>
      <trkpt lat="43.871555" lon="-123.431046">
        <ele>240.2</ele>
        <time>2023-06-11T01:55:05Z</time>
      </trkpt>
      <trkpt lat="43.871464" lon="-123.430946">
        <ele>241.2</ele>
        <time>2023-06-11T01:55:10Z</time>
      </trkpt>
      <trkpt lat="43.871105" lon="-123.43071">
        <ele>244.7</ele>
        <time>2023-06-11T01:55:28Z</time>
      </trkpt>
      <trkpt lat="43.870907" lon="-123.430679">
        <ele>247.0</ele>
        <time>2023-06-11T01:55:38Z</time>
      </trkpt>
      <trkpt lat="43.87035" lon="-123.430641">
        <ele>252.6</ele>
        <time>2023-06-11T01:56:05Z</time>
      </trkpt>
      <trkpt lat="43.870274" lon="-123.430595">
        <ele>253.6</ele>
        <time>2023-06-11T01:56:09Z</time>
      </trkpt>
      <trkpt lat="43.870159" lon="-123.430435">
        <ele>254.4</ele>
        <time>2023-06-11T01:56:16Z</time>
      </trkpt>
      <trkpt lat="43.870144" lon="-123.430214">
        <ele>255.2</ele>
        <time>2023-06-11T01:56:22Z</time>
      </trkpt>
      <trkpt lat="43.870216" lon="-123.429939">
        <ele>255.6</ele>
        <time>2023-06-11T01:56:29Z</time>
      </trkpt>
      <trkpt lat="43.870422" lon="-123.429482">
        <ele>257.0</ele>
        <time>2023-06-11T01:56:44Z</time>
      </trkpt>
      <trkpt lat="43.870449" lon="-123.429298">
        <ele>258.4</ele>
        <time>2023-06-11T01:56:49Z</time>
      </trkpt>
      <trkpt lat="43.870468" lon="-123.428963">
        <ele>260.6</ele>
        <time>2023-06-11T01:56:59Z</time>
      </trkpt>
      <trkpt lat="43.870255" lon="-123.427795">
        <ele>266.2</ele>
        <time>2023-06-11T01:57:33Z</time>
      </trkpt>
      <trkpt lat="43.87022" lon="-123.427467">
        <ele>266.7</ele>
        <time>2023-06-11T01:57:44Z</time>
      </trkpt>
      <trkpt lat="43.87009" lon="-123.426819">
        <ele>270.6</ele>
        <time>2023-06-11T01:58:07Z</time>
      </trkpt>
      <trkpt lat="43.870041" lon="-123.426674">
        <ele>271.6</ele>
        <time>2023-06-11T01:58:12Z</time>
      </trkpt>
      <trkpt lat="43.870022" lon="-123.426491">
        <ele>272.6</ele>
        <time>2023-06-11T01:58:17Z</time>
      </trkpt>
      <trkpt lat="43.869892" lon="-123.42614">
        <ele>274.4</ele>
        <time>2023-06-11T01:58:28Z</time>
      </trkpt>
      <trkpt lat="43.869853" lon="-123.425934">
        <ele>275.0</ele>
        <time>2023-06-11T01:58:34Z</time>
      </trkpt>
      <trkpt lat="43.869487" lon="-123.425354">
        <ele>275.4</ele>
        <time>2023-06-11T01:58:55Z</time>
      </trkpt>
      <trkpt lat="43.869476" lon="-123.425339">
        <ele>275.4</ele>
        <time>2023-06-11T01:58:56Z</time>
      </trkpt>
      <trkpt lat="43.86945" lon="-123.425354">
        <ele>274.4</ele>
        <time>2023-06-11T02:01:49Z</time>
      </trkpt>
      <trkpt lat="43.869316" lon="-123.425102">
        <ele>274.2</ele>
        <time>2023-06-11T02:01:56Z</time>
      </trkpt>
      <trkpt lat="43.868889" lon="-123.424477">
        <ele>272.7</ele>
        <time>2023-06-11T02:02:04Z</time>
      </trkpt>
      <trkpt lat="43.868504" lon="-123.423859">
        <ele>268.2</ele>
        <time>2023-06-11T02:02:11Z</time>
      </trkpt>
      <trkpt lat="43.868366" lon="-123.423744">
        <ele>267.0</ele>
        <time>2023-06-11T02:02:13Z</time>
      </trkpt>
      <trkpt lat="43.868282" lon="-123.423706">
        <ele>266.6</ele>
        <time>2023-06-11T02:02:14Z</time>
      </trkpt>
      <trkpt lat="43.868198" lon="-123.423698">
        <ele>266.2</ele>
        <time>2023-06-11T02:02:15Z</time>
      </trkpt>
      <trkpt lat="43.868114" lon="-123.423714">
        <ele>266.0</ele>
        <time>2023-06-11T02:02:16Z</time>
      </trkpt>
      <trkpt lat="43.86779" lon="-123.423859">
        <ele>264.7</ele>
        <time>2023-06-11T02:02:20Z</time>
      </trkpt>
      <trkpt lat="43.86731" lon="-123.424164">
        <ele>263.6</ele>
        <time>2023-06-11T02:02:26Z</time>
      </trkpt>
      <trkpt lat="43.866802" lon="-123.424423">
        <ele>262.7</ele>
        <time>2023-06-11T02:02:34Z</time>
      </trkpt>
      <trkpt lat="43.866577" lon="-123.424614">
        <ele>263.0</ele>
        <time>2023-06-11T02:02:39Z</time>
      </trkpt>
      <trkpt lat="43.866062" lon="-123.425209">
        <ele>269.4</ele>
        <time>2023-06-11T02:02:59Z</time>
      </trkpt>
      <trkpt lat="43.865608" lon="-123.425659">
        <ele>272.7</ele>
        <time>2023-06-11T02:03:17Z</time>
      </trkpt>
      <trkpt lat="43.86549" lon="-123.425804">
        <ele>273.4</ele>
        <time>2023-06-11T02:03:22Z</time>
      </trkpt>
      <trkpt lat="43.865307" lon="-123.426079">
        <ele>275.0</ele>
        <time>2023-06-11T02:03:32Z</time>
      </trkpt>
      <trkpt lat="43.865177" lon="-123.426224">
        <ele>276.0</ele>
        <time>2023-06-11T02:03:38Z</time>
      </trkpt>
      <trkpt lat="43.864983" lon="-123.426353">
        <ele>277.2</ele>
        <time>2023-06-11T02:03:45Z</time>
      </trkpt>
      <trkpt lat="43.864902" lon="-123.426353">
        <ele>277.2</ele>
        <time>2023-06-11T02:03:47Z</time>
      </trkpt>
      <trkpt lat="43.864811" lon="-123.426315">
        <ele>277.4</ele>
        <time>2023-06-11T02:03:49Z</time>
      </trkpt>
      <trkpt lat="43.864491" lon="-123.426071">
        <ele>277.4</ele>
        <time>2023-06-11T02:03:55Z</time>
      </trkpt>
      <trkpt lat="43.864117" lon="-123.42569">
        <ele>275.0</ele>
        <time>2023-06-11T02:04:01Z</time>
      </trkpt>
      <trkpt lat="43.863892" lon="-123.425362">
        <ele>273.2</ele>
        <time>2023-06-11T02:04:05Z</time>
      </trkpt>
      <trkpt lat="43.863525" lon="-123.424774">
        <ele>271.6</ele>
        <time>2023-06-11T02:04:12Z</time>
      </trkpt>
      <trkpt lat="43.863449" lon="-123.424614">
        <ele>271.2</ele>
        <time>2023-06-11T02:04:14Z</time>
      </trkpt>
      <trkpt lat="43.863425" lon="-123.424522">
        <ele>271.0</ele>
        <time>2023-06-11T02:04:15Z</time>
      </trkpt>
      <trkpt lat="43.863358" lon="-123.42392">
        <ele>270.6</ele>
        <time>2023-06-11T02:04:21Z</time>
      </trkpt>
      <trkpt lat="43.863266" lon="-123.423668">
        <ele>270.6</ele>
        <time>2023-06-11T02:04:24Z</time>
      </trkpt>
      <trkpt lat="43.863071" lon="-123.423378">
        <ele>270.6</ele>
        <time>2023-06-11T02:04:29Z</time>
      </trkpt>
      <trkpt lat="43.862991" lon="-123.423218">
        <ele>270.7</ele>
        <time>2023-06-11T02:04:32Z</time>
      </trkpt>
      <trkpt lat="43.862816" lon="-123.422752">
        <ele>272.2</ele>
        <time>2023-06-11T02:04:39Z</time>
      </trkpt>
      <trkpt lat="43.862488" lon="-123.422173">
        <ele>272.6</ele>
        <time>2023-06-11T02:04:48Z</time>
      </trkpt>
      <trkpt lat="43.862411" lon="-123.421974">
        <ele>272.7</ele>
        <time>2023-06-11T02:04:51Z</time>
      </trkpt>
      <trkpt lat="43.862267" lon="-123.421501">
        <ele>273.0</ele>
        <time>2023-06-11T02:04:57Z</time>
      </trkpt>
      <trkpt lat="43.862076" lon="-123.421036">
        <ele>273.0</ele>
        <time>2023-06-11T02:05:02Z</time>
      </trkpt>
      <trkpt lat="43.861782" lon="-123.420601">
        <ele>271.7</ele>
        <time>2023-06-11T02:05:07Z</time>
      </trkpt>
      <trkpt lat="43.861649" lon="-123.420471">
        <ele>270.4</ele>
        <time>2023-06-11T02:05:09Z</time>
      </trkpt>
      <trkpt lat="43.861568" lon="-123.420433">
        <ele>269.6</ele>
        <time>2023-06-11T02:05:10Z</time>
      </trkpt>
      <trkpt lat="43.861485" lon="-123.420418">
        <ele>269.2</ele>
        <time>2023-06-11T02:05:11Z</time>
      </trkpt>
      <trkpt lat="43.861393" lon="-123.420418">
        <ele>268.7</ele>
        <time>2023-06-11T02:05:12Z</time>
      </trkpt>
      <trkpt lat="43.860931" lon="-123.420601">
        <ele>267.0</ele>
        <time>2023-06-11T02:05:17Z</time>
      </trkpt>
      <trkpt lat="43.860518" lon="-123.420639">
        <ele>265.4</ele>
        <time>2023-06-11T02:05:21Z</time>
      </trkpt>
      <trkpt lat="43.860302" lon="-123.420631">
        <ele>264.6</ele>
        <time>2023-06-11T02:05:23Z</time>
      </trkpt>
      <trkpt lat="43.860207" lon="-123.420601">
        <ele>264.0</ele>
        <time>2023-06-11T02:05:24Z</time>
      </trkpt>
      <trkpt lat="43.860123" lon="-123.420547">
        <ele>263.2</ele>
        <time>2023-06-11T02:05:25Z</time>
      </trkpt>
      <trkpt lat="43.860058" lon="-123.420456">
        <ele>262.6</ele>
        <time>2023-06-11T02:05:26Z</time>
      </trkpt>
      <trkpt lat="43.860031" lon="-123.420364">
        <ele>262.0</ele>
        <time>2023-06-11T02:05:27Z</time>
      </trkpt>
      <trkpt lat="43.860031" lon="-123.420258">
        <ele>261.4</ele>
        <time>2023-06-11T02:05:28Z</time>
      </trkpt>
      <trkpt lat="43.860054" lon="-123.420166">
        <ele>260.6</ele>
        <time>2023-06-11T02:05:29Z</time>
      </trkpt>
      <trkpt lat="43.860152" lon="-123.419968">
        <ele>259.7</ele>
        <time>2023-06-11T02:05:31Z</time>
      </trkpt>
      <trkpt lat="43.860378" lon="-123.419655">
        <ele>258.0</ele>
        <time>2023-06-11T02:05:34Z</time>
      </trkpt>
      <trkpt lat="43.860634" lon="-123.419373">
        <ele>256.2</ele>
        <time>2023-06-11T02:05:37Z</time>
      </trkpt>
      <trkpt lat="43.860722" lon="-123.419304">
        <ele>255.2</ele>
        <time>2023-06-11T02:05:38Z</time>
      </trkpt>
      <trkpt lat="43.860825" lon="-123.419243">
        <ele>254.0</ele>
        <time>2023-06-11T02:05:39Z</time>
      </trkpt>
      <trkpt lat="43.860928" lon="-123.419212">
        <ele>252.6</ele>
        <time>2023-06-11T02:05:40Z</time>
      </trkpt>
      <trkpt lat="43.861725" lon="-123.419228">
        <ele>244.2</ele>
        <time>2023-06-11T02:05:47Z</time>
      </trkpt>
      <trkpt lat="43.86182" lon="-123.41922">
        <ele>243.6</ele>
        <time>2023-06-11T02:05:48Z</time>
      </trkpt>
      <trkpt lat="43.861916" lon="-123.419189">
        <ele>242.7</ele>
        <time>2023-06-11T02:05:49Z</time>
      </trkpt>
      <trkpt lat="43.862076" lon="-123.419052">
        <ele>241.4</ele>
        <time>2023-06-11T02:05:51Z</time>
      </trkpt>
      <trkpt lat="43.862183" lon="-123.418831">
        <ele>239.6</ele>
        <time>2023-06-11T02:05:53Z</time>
      </trkpt>
      <trkpt lat="43.86217" lon="-123.418709">
        <ele>239.0</ele>
        <time>2023-06-11T02:05:54Z</time>
      </trkpt>
      <trkpt lat="43.862137" lon="-123.418602">
        <ele>238.2</ele>
        <time>2023-06-11T02:05:55Z</time>
      </trkpt>
      <trkpt lat="43.862087" lon="-123.41851">
        <ele>237.4</ele>
        <time>2023-06-11T02:05:56Z</time>
      </trkpt>
      <trkpt lat="43.861874" lon="-123.418282">
        <ele>235.7</ele>
        <time>2023-06-11T02:05:59Z</time>
      </trkpt>
      <trkpt lat="43.861797" lon="-123.418228">
        <ele>235.0</ele>
        <time>2023-06-11T02:06:00Z</time>
      </trkpt>
      <trkpt lat="43.860878" lon="-123.417786">
        <ele>230.6</ele>
        <time>2023-06-11T02:06:09Z</time>
      </trkpt>
      <trkpt lat="43.860752" lon="-123.417671">
        <ele>229.6</ele>
        <time>2023-06-11T02:06:11Z</time>
      </trkpt>
      <trkpt lat="43.860703" lon="-123.417587">
        <ele>229.0</ele>
        <time>2023-06-11T02:06:12Z</time>
      </trkpt>
      <trkpt lat="43.860661" lon="-123.417404">
        <ele>227.7</ele>
        <time>2023-06-11T02:06:14Z</time>
      </trkpt>
      <trkpt lat="43.860798" lon="-123.417114">
        <ele>226.4</ele>
        <time>2023-06-11T02:06:17Z</time>
      </trkpt>
      <trkpt lat="43.860859" lon="-123.416878">
        <ele>225.6</ele>
        <time>2023-06-11T02:06:19Z</time>
      </trkpt>
      <trkpt lat="43.860859" lon="-123.416359">
        <ele>224.6</ele>
        <time>2023-06-11T02:06:23Z</time>
      </trkpt>
      <trkpt lat="43.860916" lon="-123.416077">
        <ele>223.4</ele>
        <time>2023-06-11T02:06:25Z</time>
      </trkpt>
      <trkpt lat="43.86105" lon="-123.415619">
        <ele>220.4</ele>
        <time>2023-06-11T02:06:28Z</time>
      </trkpt>
      <trkpt lat="43.861172" lon="-123.414886">
        <ele>215.6</ele>
        <time>2023-06-11T02:06:33Z</time>
      </trkpt>
      <trkpt lat="43.861164" lon="-123.41478">
        <ele>214.3</ele>
        <time>2023-06-11T02:06:34Z</time>
      </trkpt>
      <trkpt lat="43.86113" lon="-123.414696">
        <ele>213.2</ele>
        <time>2023-06-11T02:06:35Z</time>
      </trkpt>
      <trkpt lat="43.86108" lon="-123.414627">
        <ele>211.7</ele>
        <time>2023-06-11T02:06:36Z</time>
      </trkpt>
      <trkpt lat="43.860947" lon="-123.414551">
        <ele>209.3</ele>
        <time>2023-06-11T02:06:38Z</time>
      </trkpt>
      <trkpt lat="43.860817" lon="-123.414597">
        <ele>208.2</ele>
        <time>2023-06-11T02:06:40Z</time>
      </trkpt>
      <trkpt lat="43.86068" lon="-123.414703">
        <ele>207.6</ele>
        <time>2023-06-11T02:06:43Z</time>
      </trkpt>
      <trkpt lat="43.8605" lon="-123.414917">
        <ele>207.6</ele>
        <time>2023-06-11T02:06:49Z</time>
      </trkpt>
      <trkpt lat="43.860371" lon="-123.415138">
        <ele>209.6</ele>
        <time>2023-06-11T02:06:55Z</time>
      </trkpt>
      <trkpt lat="43.860222" lon="-123.415283">
        <ele>210.7</ele>
        <time>2023-06-11T02:06:59Z</time>
      </trkpt>
      <trkpt lat="43.860004" lon="-123.415596">
        <ele>213.6</ele>
        <time>2023-06-11T02:07:10Z</time>
      </trkpt>
      <trkpt lat="43.85982" lon="-123.415764">
        <ele>214.7</ele>
        <time>2023-06-11T02:07:16Z</time>
      </trkpt>
      <trkpt lat="43.859783" lon="-123.415871">
        <ele>215.4</ele>
        <time>2023-06-11T02:07:18Z</time>
      </trkpt>
      <trkpt lat="43.859741" lon="-123.415901">
        <ele>216.0</ele>
        <time>2023-06-11T02:07:20Z</time>
      </trkpt>
      <trkpt lat="43.859482" lon="-123.415985">
        <ele>218.0</ele>
        <time>2023-06-11T02:07:30Z</time>
      </trkpt>
      <trkpt lat="43.859333" lon="-123.416054">
        <ele>219.0</ele>
        <time>2023-06-11T02:07:35Z</time>
      </trkpt>
      <trkpt lat="43.859173" lon="-123.416183">
        <ele>219.7</ele>
        <time>2023-06-11T02:07:42Z</time>
      </trkpt>
      <trkpt lat="43.858833" lon="-123.416573">
        <ele>224.2</ele>
        <time>2023-06-11T02:08:04Z</time>
      </trkpt>
      <trkpt lat="43.858658" lon="-123.416824">
        <ele>226.2</ele>
        <time>2023-06-11T02:08:16Z</time>
      </trkpt>
      <trkpt lat="43.858517" lon="-123.416954">
        <ele>228.6</ele>
        <time>2023-06-11T02:08:24Z</time>
      </trkpt>
      <trkpt lat="43.858421" lon="-123.417015">
        <ele>229.6</ele>
        <time>2023-06-11T02:08:29Z</time>
      </trkpt>
      <trkpt lat="43.858105" lon="-123.417015">
        <ele>231.7</ele>
        <time>2023-06-11T02:08:43Z</time>
      </trkpt>
      <trkpt lat="43.857994" lon="-123.417038">
        <ele>232.4</ele>
        <time>2023-06-11T02:08:48Z</time>
      </trkpt>
      <trkpt lat="43.857838" lon="-123.417137">
        <ele>233.2</ele>
        <time>2023-06-11T02:08:55Z</time>
      </trkpt>
      <trkpt lat="43.857567" lon="-123.417374">
        <ele>235.2</ele>
        <time>2023-06-11T02:09:08Z</time>
      </trkpt>
      <trkpt lat="43.857304" lon="-123.417542">
        <ele>237.0</ele>
        <time>2023-06-11T02:09:19Z</time>
      </trkpt>
      <trkpt lat="43.856953" lon="-123.417618">
        <ele>238.7</ele>
        <time>2023-06-11T02:09:34Z</time>
      </trkpt>
      <trkpt lat="43.856689" lon="-123.417618">
        <ele>240.7</ele>
        <time>2023-06-11T02:09:45Z</time>
      </trkpt>
      <trkpt lat="43.856491" lon="-123.417595">
        <ele>241.7</ele>
        <time>2023-06-11T02:09:53Z</time>
      </trkpt>
      <trkpt lat="43.855801" lon="-123.41745">
        <ele>243.2</ele>
        <time>2023-06-11T02:10:13Z</time>
      </trkpt>
      <trkpt lat="43.855694" lon="-123.417374">
        <ele>243.2</ele>
        <time>2023-06-11T02:10:15Z</time>
      </trkpt>
      <trkpt lat="43.855556" lon="-123.417191">
        <ele>242.7</ele>
        <time>2023-06-11T02:10:18Z</time>
      </trkpt>
      <trkpt lat="43.855434" lon="-123.416954">
        <ele>242.0</ele>
        <time>2023-06-11T02:10:21Z</time>
      </trkpt>
      <trkpt lat="43.855365" lon="-123.416649">
        <ele>241.4</ele>
        <time>2023-06-11T02:10:24Z</time>
      </trkpt>
      <trkpt lat="43.855373" lon="-123.41642">
        <ele>240.7</ele>
        <time>2023-06-11T02:10:26Z</time>
      </trkpt>
      <trkpt lat="43.855419" lon="-123.416176">
        <ele>240.2</ele>
        <time>2023-06-11T02:10:28Z</time>
      </trkpt>
      <trkpt lat="43.855633" lon="-123.415543">
        <ele>237.6</ele>
        <time>2023-06-11T02:10:33Z</time>
      </trkpt>
      <trkpt lat="43.85569" lon="-123.41523">
        <ele>236.6</ele>
        <time>2023-06-11T02:10:35Z</time>
      </trkpt>
      <trkpt lat="43.855721" lon="-123.414726">
        <ele>234.4</ele>
        <time>2023-06-11T02:10:38Z</time>
      </trkpt>
      <trkpt lat="43.855713" lon="-123.413925">
        <ele>230.2</ele>
        <time>2023-06-11T02:10:43Z</time>
      </trkpt>
      <trkpt lat="43.855742" lon="-123.413666">
        <ele>228.0</ele>
        <time>2023-06-11T02:10:45Z</time>
      </trkpt>
      <trkpt lat="43.855785" lon="-123.413551">
        <ele>227.0</ele>
        <time>2023-06-11T02:10:46Z</time>
      </trkpt>
      <trkpt lat="43.855846" lon="-123.413452">
        <ele>225.7</ele>
        <time>2023-06-11T02:10:47Z</time>
      </trkpt>
      <trkpt lat="43.856087" lon="-123.4132">
        <ele>223.2</ele>
        <time>2023-06-11T02:10:50Z</time>
      </trkpt>
      <trkpt lat="43.856152" lon="-123.413101">
        <ele>222.6</ele>
        <time>2023-06-11T02:10:51Z</time>
      </trkpt>
      <trkpt lat="43.856186" lon="-123.412979">
        <ele>222.2</ele>
        <time>2023-06-11T02:10:52Z</time>
      </trkpt>
      <trkpt lat="43.856155" lon="-123.41272">
        <ele>221.6</ele>
        <time>2023-06-11T02:10:54Z</time>
      </trkpt>
      <trkpt lat="43.855991" lon="-123.412346">
        <ele>219.4</ele>
        <time>2023-06-11T02:10:57Z</time>
      </trkpt>
      <trkpt lat="43.855949" lon="-123.412216">
        <ele>218.6</ele>
        <time>2023-06-11T02:10:58Z</time>
      </trkpt>
      <trkpt lat="43.85593" lon="-123.412086">
        <ele>217.7</ele>
        <time>2023-06-11T02:10:59Z</time>
      </trkpt>
      <trkpt lat="43.855942" lon="-123.411964">
        <ele>216.7</ele>
        <time>2023-06-11T02:11:00Z</time>
      </trkpt>
      <trkpt lat="43.855976" lon="-123.41185">
        <ele>215.7</ele>
        <time>2023-06-11T02:11:01Z</time>
      </trkpt>
      <trkpt lat="43.856032" lon="-123.411743">
        <ele>214.6</ele>
        <time>2023-06-11T02:11:02Z</time>
      </trkpt>
      <trkpt lat="43.856178" lon="-123.41153">
        <ele>212.7</ele>
        <time>2023-06-11T02:11:04Z</time>
      </trkpt>
      <trkpt lat="43.856461" lon="-123.411186">
        <ele>211.2</ele>
        <time>2023-06-11T02:11:07Z</time>
      </trkpt>
      <trkpt lat="43.85662" lon="-123.410965">
        <ele>209.6</ele>
        <time>2023-06-11T02:11:09Z</time>
      </trkpt>
      <trkpt lat="43.856785" lon="-123.410652">
        <ele>207.3</ele>
        <time>2023-06-11T02:11:11Z</time>
      </trkpt>
      <trkpt lat="43.857242" lon="-123.40963">
        <ele>198.7</ele>
        <time>2023-06-11T02:11:19Z</time>
      </trkpt>
      <trkpt lat="43.857887" lon="-123.40789">
        <ele>197.2</ele>
        <time>2023-06-11T02:11:35Z</time>
      </trkpt>
      <trkpt lat="43.857906" lon="-123.407784">
        <ele>197.0</ele>
        <time>2023-06-11T02:11:36Z</time>
      </trkpt>
      <trkpt lat="43.85788" lon="-123.407494">
        <ele>196.7</ele>
        <time>2023-06-11T02:11:39Z</time>
      </trkpt>
      <trkpt lat="43.857765" lon="-123.406967">
        <ele>196.6</ele>
        <time>2023-06-11T02:11:44Z</time>
      </trkpt>
      <trkpt lat="43.857681" lon="-123.40638">
        <ele>196.2</ele>
        <time>2023-06-11T02:11:50Z</time>
      </trkpt>
      <trkpt lat="43.85759" lon="-123.405914">
        <ele>196.0</ele>
        <time>2023-06-11T02:11:55Z</time>
      </trkpt>
      <trkpt lat="43.857586" lon="-123.405685">
        <ele>196.2</ele>
        <time>2023-06-11T02:11:58Z</time>
      </trkpt>
      <trkpt lat="43.857658" lon="-123.404968">
        <ele>198.6</ele>
        <time>2023-06-11T02:12:11Z</time>
      </trkpt>
      <trkpt lat="43.857658" lon="-123.404869">
        <ele>199.0</ele>
        <time>2023-06-11T02:12:14Z</time>
      </trkpt>
      <trkpt lat="43.857635" lon="-123.404747">
        <ele>199.7</ele>
        <time>2023-06-11T02:12:17Z</time>
      </trkpt>
      <trkpt lat="43.857704" lon="-123.404457">
        <ele>201.3</ele>
        <time>2023-06-11T02:12:24Z</time>
      </trkpt>
      <trkpt lat="43.857731" lon="-123.40406">
        <ele>203.0</ele>
        <time>2023-06-11T02:12:33Z</time>
      </trkpt>
      <trkpt lat="43.857681" lon="-123.403618">
        <ele>203.3</ele>
        <time>2023-06-11T02:12:43Z</time>
      </trkpt>
      <trkpt lat="43.857716" lon="-123.403328">
        <ele>204.0</ele>
        <time>2023-06-11T02:12:49Z</time>
      </trkpt>
      <trkpt lat="43.857689" lon="-123.403183">
        <ele>204.6</ele>
        <time>2023-06-11T02:12:53Z</time>
      </trkpt>
      <trkpt lat="43.857635" lon="-123.403114">
        <ele>205.0</ele>
        <time>2023-06-11T02:12:55Z</time>
      </trkpt>
      <trkpt lat="43.857628" lon="-123.403053">
        <ele>205.2</ele>
        <time>2023-06-11T02:12:56Z</time>
      </trkpt>
      <trkpt lat="43.857501" lon="-123.402794">
        <ele>206.0</ele>
        <time>2023-06-11T02:13:01Z</time>
      </trkpt>
      <trkpt lat="43.857372" lon="-123.402657">
        <ele>206.7</ele>
        <time>2023-06-11T02:13:06Z</time>
      </trkpt>
      <trkpt lat="43.857197" lon="-123.402565">
        <ele>207.0</ele>
        <time>2023-06-11T02:13:10Z</time>
      </trkpt>
      <trkpt lat="43.857128" lon="-123.402542">
        <ele>207.0</ele>
        <time>2023-06-11T02:13:12Z</time>
      </trkpt>
      <trkpt lat="43.856682" lon="-123.402512">
        <ele>207.0</ele>
        <time>2023-06-11T02:13:19Z</time>
      </trkpt>
      <trkpt lat="43.856403" lon="-123.402573">
        <ele>206.0</ele>
        <time>2023-06-11T02:13:22Z</time>
      </trkpt>
      <trkpt lat="43.855827" lon="-123.40284">
        <ele>202.2</ele>
        <time>2023-06-11T02:13:28Z</time>
      </trkpt>
      <trkpt lat="43.855492" lon="-123.402969">
        <ele>199.0</ele>
        <time>2023-06-11T02:13:32Z</time>
      </trkpt>
      <trkpt lat="43.854824" lon="-123.403145">
        <ele>198.2</ele>
        <time>2023-06-11T02:13:43Z</time>
      </trkpt>
      <trkpt lat="43.854591" lon="-123.403305">
        <ele>200.2</ele>
        <time>2023-06-11T02:13:49Z</time>
      </trkpt>
      <trkpt lat="43.85442" lon="-123.403488">
        <ele>201.6</ele>
        <time>2023-06-11T02:13:56Z</time>
      </trkpt>
      <trkpt lat="43.854065" lon="-123.403908">
        <ele>203.6</ele>
        <time>2023-06-11T02:14:11Z</time>
      </trkpt>
      <trkpt lat="43.853867" lon="-123.404182">
        <ele>203.7</ele>
        <time>2023-06-11T02:14:18Z</time>
      </trkpt>
      <trkpt lat="43.853615" lon="-123.404472">
        <ele>203.7</ele>
        <time>2023-06-11T02:14:25Z</time>
      </trkpt>
      <trkpt lat="43.853451" lon="-123.404633">
        <ele>203.6</ele>
        <time>2023-06-11T02:14:29Z</time>
      </trkpt>
      <trkpt lat="43.853122" lon="-123.404877">
        <ele>203.7</ele>
        <time>2023-06-11T02:14:37Z</time>
      </trkpt>
      <trkpt lat="43.853015" lon="-123.404915">
        <ele>204.0</ele>
        <time>2023-06-11T02:14:40Z</time>
      </trkpt>
      <trkpt lat="43.852901" lon="-123.40493">
        <ele>204.2</ele>
        <time>2023-06-11T02:14:43Z</time>
      </trkpt>
      <trkpt lat="43.852695" lon="-123.404861">
        <ele>204.7</ele>
        <time>2023-06-11T02:14:48Z</time>
      </trkpt>
      <trkpt lat="43.852581" lon="-123.404678">
        <ele>205.3</ele>
        <time>2023-06-11T02:14:52Z</time>
      </trkpt>
      <trkpt lat="43.852539" lon="-123.404549">
        <ele>205.3</ele>
        <time>2023-06-11T02:14:54Z</time>
      </trkpt>
      <trkpt lat="43.852448" lon="-123.403915">
        <ele>205.6</ele>
        <time>2023-06-11T02:15:01Z</time>
      </trkpt>
      <trkpt lat="43.852345" lon="-123.403427">
        <ele>204.7</ele>
        <time>2023-06-11T02:15:05Z</time>
      </trkpt>
      <trkpt lat="43.85221" lon="-123.403061">
        <ele>202.7</ele>
        <time>2023-06-11T02:15:08Z</time>
      </trkpt>
      <trkpt lat="43.852131" lon="-123.402786">
        <ele>201.3</ele>
        <time>2023-06-11T02:15:10Z</time>
      </trkpt>
      <trkpt lat="43.851959" lon="-123.402069">
        <ele>197.6</ele>
        <time>2023-06-11T02:15:16Z</time>
      </trkpt>
      <trkpt lat="43.851822" lon="-123.401596">
        <ele>196.7</ele>
        <time>2023-06-11T02:15:21Z</time>
      </trkpt>
      <trkpt lat="43.851624" lon="-123.401237">
        <ele>196.7</ele>
        <time>2023-06-11T02:15:26Z</time>
      </trkpt>
      <trkpt lat="43.851429" lon="-123.401024">
        <ele>197.6</ele>
        <time>2023-06-11T02:15:31Z</time>
      </trkpt>
      <trkpt lat="43.851261" lon="-123.400909">
        <ele>198.6</ele>
        <time>2023-06-11T02:15:36Z</time>
      </trkpt>
      <trkpt lat="43.851158" lon="-123.400871">
        <ele>199.7</ele>
        <time>2023-06-11T02:15:39Z</time>
      </trkpt>
      <trkpt lat="43.850822" lon="-123.400841">
        <ele>202.0</ele>
        <time>2023-06-11T02:15:49Z</time>
      </trkpt>
      <trkpt lat="43.850739" lon="-123.400848">
        <ele>202.3</ele>
        <time>2023-06-11T02:15:52Z</time>
      </trkpt>
      <trkpt lat="43.850277" lon="-123.400787">
        <ele>204.7</ele>
        <time>2023-06-11T02:16:06Z</time>
      </trkpt>
      <trkpt lat="43.849949" lon="-123.400711">
        <ele>206.0</ele>
        <time>2023-06-11T02:16:15Z</time>
      </trkpt>
      <trkpt lat="43.84977" lon="-123.400589">
        <ele>206.3</ele>
        <time>2023-06-11T02:16:20Z</time>
      </trkpt>
      <trkpt lat="43.84967" lon="-123.400497">
        <ele>206.3</ele>
        <time>2023-06-11T02:16:23Z</time>
      </trkpt>
      <trkpt lat="43.849194" lon="-123.400002">
        <ele>206.3</ele>
        <time>2023-06-11T02:16:36Z</time>
      </trkpt>
      <trkpt lat="43.849072" lon="-123.39994">
        <ele>206.2</ele>
        <time>2023-06-11T02:16:39Z</time>
      </trkpt>
      <trkpt lat="43.848816" lon="-123.399872">
        <ele>206.2</ele>
        <time>2023-06-11T02:16:46Z</time>
      </trkpt>
      <trkpt lat="43.848412" lon="-123.399818">
        <ele>208.3</ele>
        <time>2023-06-11T02:16:59Z</time>
      </trkpt>
      <trkpt lat="43.848171" lon="-123.399734">
        <ele>209.6</ele>
        <time>2023-06-11T02:17:06Z</time>
      </trkpt>
      <trkpt lat="43.84782" lon="-123.399567">
        <ele>210.2</ele>
        <time>2023-06-11T02:17:15Z</time>
      </trkpt>
      <trkpt lat="43.847572" lon="-123.399414">
        <ele>210.3</ele>
        <time>2023-06-11T02:17:21Z</time>
      </trkpt>
      <trkpt lat="43.846775" lon="-123.398773">
        <ele>210.3</ele>
        <time>2023-06-11T02:17:40Z</time>
      </trkpt>
      <trkpt lat="43.8465" lon="-123.398506">
        <ele>210.2</ele>
        <time>2023-06-11T02:17:47Z</time>
      </trkpt>
      <trkpt lat="43.84623" lon="-123.398293">
        <ele>210.2</ele>
        <time>2023-06-11T02:17:53Z</time>
      </trkpt>
      <trkpt lat="43.845737" lon="-123.398148">
        <ele>209.2</ele>
        <time>2023-06-11T02:18:01Z</time>
      </trkpt>
      <trkpt lat="43.845512" lon="-123.398064">
        <ele>208.6</ele>
        <time>2023-06-11T02:18:05Z</time>
      </trkpt>
      <trkpt lat="43.845314" lon="-123.397964">
        <ele>208.2</ele>
        <time>2023-06-11T02:18:09Z</time>
      </trkpt>
      <trkpt lat="43.845066" lon="-123.397736">
        <ele>208.2</ele>
        <time>2023-06-11T02:18:15Z</time>
      </trkpt>
      <trkpt lat="43.844788" lon="-123.397346">
        <ele>208.7</ele>
        <time>2023-06-11T02:18:22Z</time>
      </trkpt>
      <trkpt lat="43.844517" lon="-123.396896">
        <ele>209.0</ele>
        <time>2023-06-11T02:18:28Z</time>
      </trkpt>
      <trkpt lat="43.844311" lon="-123.396477">
        <ele>208.0</ele>
        <time>2023-06-11T02:18:33Z</time>
      </trkpt>
      <trkpt lat="43.844139" lon="-123.395973">
        <ele>207.0</ele>
        <time>2023-06-11T02:18:38Z</time>
      </trkpt>
      <trkpt lat="43.843796" lon="-123.394348">
        <ele>204.3</ele>
        <time>2023-06-11T02:18:56Z</time>
      </trkpt>
      <trkpt lat="43.843689" lon="-123.393959">
        <ele>204.3</ele>
        <time>2023-06-11T02:19:01Z</time>
      </trkpt>
      <trkpt lat="43.843658" lon="-123.3937">
        <ele>204.0</ele>
        <time>2023-06-11T02:19:04Z</time>
      </trkpt>
      <trkpt lat="43.843662" lon="-123.39344">
        <ele>204.0</ele>
        <time>2023-06-11T02:19:07Z</time>
      </trkpt>
      <trkpt lat="43.843753" lon="-123.392891">
        <ele>204.0</ele>
        <time>2023-06-11T02:19:14Z</time>
      </trkpt>
      <trkpt lat="43.843975" lon="-123.39222">
        <ele>205.0</ele>
        <time>2023-06-11T02:19:24Z</time>
      </trkpt>
      <trkpt lat="43.84396" lon="-123.391998">
        <ele>205.0</ele>
        <time>2023-06-11T02:19:27Z</time>
      </trkpt>
      <trkpt lat="43.843853" lon="-123.391838">
        <ele>205.0</ele>
        <time>2023-06-11T02:19:29Z</time>
      </trkpt>
      <trkpt lat="43.84375" lon="-123.391441">
        <ele>205.3</ele>
        <time>2023-06-11T02:19:34Z</time>
      </trkpt>
      <trkpt lat="43.842995" lon="-123.389145">
        <ele>199.6</ele>
        <time>2023-06-11T02:19:56Z</time>
      </trkpt>
      <trkpt lat="43.842674" lon="-123.388306">
        <ele>198.3</ele>
        <time>2023-06-11T02:20:06Z</time>
      </trkpt>
      <trkpt lat="43.842606" lon="-123.388069">
        <ele>198.6</ele>
        <time>2023-06-11T02:20:09Z</time>
      </trkpt>
      <trkpt lat="43.842533" lon="-123.387726">
        <ele>199.0</ele>
        <time>2023-06-11T02:20:13Z</time>
      </trkpt>
      <trkpt lat="43.842522" lon="-123.387283">
        <ele>199.2</ele>
        <time>2023-06-11T02:20:18Z</time>
      </trkpt>
      <trkpt lat="43.842545" lon="-123.386696">
        <ele>199.2</ele>
        <time>2023-06-11T02:20:25Z</time>
      </trkpt>
      <trkpt lat="43.84259" lon="-123.386169">
        <ele>199.2</ele>
        <time>2023-06-11T02:20:31Z</time>
      </trkpt>
      <trkpt lat="43.842655" lon="-123.385872">
        <ele>198.7</ele>
        <time>2023-06-11T02:20:34Z</time>
      </trkpt>
      <trkpt lat="43.842678" lon="-123.385605">
        <ele>198.3</ele>
        <time>2023-06-11T02:20:37Z</time>
      </trkpt>
      <trkpt lat="43.842731" lon="-123.385323">
        <ele>197.7</ele>
        <time>2023-06-11T02:20:40Z</time>
      </trkpt>
      <trkpt lat="43.842869" lon="-123.384735">
        <ele>197.3</ele>
        <time>2023-06-11T02:20:47Z</time>
      </trkpt>
      <trkpt lat="43.842968" lon="-123.384209">
        <ele>197.7</ele>
        <time>2023-06-11T02:20:54Z</time>
      </trkpt>
      <trkpt lat="43.843025" lon="-123.383713">
        <ele>198.3</ele>
        <time>2023-06-11T02:21:01Z</time>
      </trkpt>
      <trkpt lat="43.843037" lon="-123.383354">
        <ele>198.7</ele>
        <time>2023-06-11T02:21:07Z</time>
      </trkpt>
      <trkpt lat="43.843124" lon="-123.382233">
        <ele>199.7</ele>
        <time>2023-06-11T02:21:23Z</time>
      </trkpt>
      <trkpt lat="43.843224" lon="-123.38166">
        <ele>200.2</ele>
        <time>2023-06-11T02:21:31Z</time>
      </trkpt>
      <trkpt lat="43.843269" lon="-123.381485">
        <ele>200.3</ele>
        <time>2023-06-11T02:21:33Z</time>
      </trkpt>
      <trkpt lat="43.843288" lon="-123.381264">
        <ele>200.6</ele>
        <time>2023-06-11T02:21:36Z</time>
      </trkpt>
      <trkpt lat="43.843319" lon="-123.381111">
        <ele>200.6</ele>
        <time>2023-06-11T02:21:38Z</time>
      </trkpt>
      <trkpt lat="43.843258" lon="-123.380737">
        <ele>200.6</ele>
        <time>2023-06-11T02:21:43Z</time>
      </trkpt>
      <trkpt lat="43.843033" lon="-123.380096">
        <ele>200.0</ele>
        <time>2023-06-11T02:21:52Z</time>
      </trkpt>
      <trkpt lat="43.842949" lon="-123.379684">
        <ele>200.0</ele>
        <time>2023-06-11T02:21:58Z</time>
      </trkpt>
      <trkpt lat="43.842945" lon="-123.379082">
        <ele>199.7</ele>
        <time>2023-06-11T02:22:06Z</time>
      </trkpt>
      <trkpt lat="43.84296" lon="-123.37896">
        <ele>199.7</ele>
        <time>2023-06-11T02:22:08Z</time>
      </trkpt>
      <trkpt lat="43.843018" lon="-123.378731">
        <ele>200.6</ele>
        <time>2023-06-11T02:22:12Z</time>
      </trkpt>
      <trkpt lat="43.843117" lon="-123.378525">
        <ele>200.7</ele>
        <time>2023-06-11T02:22:15Z</time>
      </trkpt>
      <trkpt lat="43.843353" lon="-123.378159">
        <ele>201.0</ele>
        <time>2023-06-11T02:22:21Z</time>
      </trkpt>
      <trkpt lat="43.843552" lon="-123.377991">
        <ele>201.0</ele>
        <time>2023-06-11T02:22:25Z</time>
      </trkpt>
      <trkpt lat="43.844119" lon="-123.377617">
        <ele>200.3</ele>
        <time>2023-06-11T02:22:35Z</time>
      </trkpt>
      <trkpt lat="43.844673" lon="-123.377296">
        <ele>200.3</ele>
        <time>2023-06-11T02:22:46Z</time>
      </trkpt>
      <trkpt lat="43.844933" lon="-123.377182">
        <ele>200.3</ele>
        <time>2023-06-11T02:22:51Z</time>
      </trkpt>
      <trkpt lat="43.8452" lon="-123.377121">
        <ele>200.6</ele>
        <time>2023-06-11T02:22:56Z</time>
      </trkpt>
      <trkpt lat="43.84552" lon="-123.377129">
        <ele>200.7</ele>
        <time>2023-06-11T02:23:03Z</time>
      </trkpt>
      <trkpt lat="43.845837" lon="-123.377159">
        <ele>201.7</ele>
        <time>2023-06-11T02:23:10Z</time>
      </trkpt>
      <trkpt lat="43.846199" lon="-123.377136">
        <ele>203.0</ele>
        <time>2023-06-11T02:23:19Z</time>
      </trkpt>
      <trkpt lat="43.846367" lon="-123.377144">
        <ele>203.6</ele>
        <time>2023-06-11T02:23:24Z</time>
      </trkpt>
      <trkpt lat="43.846397" lon="-123.377121">
        <ele>203.7</ele>
        <time>2023-06-11T02:23:25Z</time>
      </trkpt>
      <trkpt lat="43.846504" lon="-123.377106">
        <ele>204.2</ele>
        <time>2023-06-11T02:23:28Z</time>
      </trkpt>
      <trkpt lat="43.846691" lon="-123.377129">
        <ele>204.7</ele>
        <time>2023-06-11T02:23:33Z</time>
      </trkpt>
      <trkpt lat="43.846951" lon="-123.377106">
        <ele>205.2</ele>
        <time>2023-06-11T02:23:39Z</time>
      </trkpt>
      <trkpt lat="43.847221" lon="-123.377144">
        <ele>205.3</ele>
        <time>2023-06-11T02:23:44Z</time>
      </trkpt>
      <trkpt lat="43.847492" lon="-123.377121">
        <ele>205.0</ele>
        <time>2023-06-11T02:23:49Z</time>
      </trkpt>
      <trkpt lat="43.848072" lon="-123.376976">
        <ele>204.2</ele>
        <time>2023-06-11T02:23:59Z</time>
      </trkpt>
      <trkpt lat="43.848427" lon="-123.376831">
        <ele>203.3</ele>
        <time>2023-06-11T02:24:04Z</time>
      </trkpt>
      <trkpt lat="43.848503" lon="-123.376793">
        <ele>203.2</ele>
        <time>2023-06-11T02:24:05Z</time>
      </trkpt>
      <trkpt lat="43.848824" lon="-123.376549">
        <ele>202.2</ele>
        <time>2023-06-11T02:24:09Z</time>
      </trkpt>
      <trkpt lat="43.850124" lon="-123.375359">
        <ele>198.0</ele>
        <time>2023-06-11T02:24:31Z</time>
      </trkpt>
      <trkpt lat="43.850555" lon="-123.374802">
        <ele>199.7</ele>
        <time>2023-06-11T02:24:42Z</time>
      </trkpt>
      <trkpt lat="43.850914" lon="-123.374428">
        <ele>199.7</ele>
        <time>2023-06-11T02:24:49Z</time>
      </trkpt>
      <trkpt lat="43.851013" lon="-123.37429">
        <ele>199.7</ele>
        <time>2023-06-11T02:24:51Z</time>
      </trkpt>
      <trkpt lat="43.85128" lon="-123.373825">
        <ele>198.6</ele>
        <time>2023-06-11T02:24:57Z</time>
      </trkpt>
      <trkpt lat="43.851402" lon="-123.373566">
        <ele>198.2</ele>
        <time>2023-06-11T02:25:00Z</time>
      </trkpt>
      <trkpt lat="43.851673" lon="-123.372849">
        <ele>196.7</ele>
        <time>2023-06-11T02:25:09Z</time>
      </trkpt>
      <trkpt lat="43.851974" lon="-123.372139">
        <ele>198.2</ele>
        <time>2023-06-11T02:25:20Z</time>
      </trkpt>
      <trkpt lat="43.852058" lon="-123.371834">
        <ele>198.6</ele>
        <time>2023-06-11T02:25:25Z</time>
      </trkpt>
      <trkpt lat="43.852061" lon="-123.371605">
        <ele>199.2</ele>
        <time>2023-06-11T02:25:29Z</time>
      </trkpt>
      <trkpt lat="43.852036" lon="-123.37149">
        <ele>199.2</ele>
        <time>2023-06-11T02:25:31Z</time>
      </trkpt>
      <trkpt lat="43.851917" lon="-123.371124">
        <ele>200.0</ele>
        <time>2023-06-11T02:25:38Z</time>
      </trkpt>
      <trkpt lat="43.851814" lon="-123.370865">
        <ele>200.6</ele>
        <time>2023-06-11T02:25:43Z</time>
      </trkpt>
      <trkpt lat="43.851738" lon="-123.370583">
        <ele>200.7</ele>
        <time>2023-06-11T02:25:48Z</time>
      </trkpt>
      <trkpt lat="43.851711" lon="-123.370209">
        <ele>201.2</ele>
        <time>2023-06-11T02:25:55Z</time>
      </trkpt>
      <trkpt lat="43.8517" lon="-123.369629">
        <ele>202.7</ele>
        <time>2023-06-11T02:26:07Z</time>
      </trkpt>
      <trkpt lat="43.851627" lon="-123.369209">
        <ele>204.6</ele>
        <time>2023-06-11T02:26:17Z</time>
      </trkpt>
      <trkpt lat="43.851521" lon="-123.36898">
        <ele>205.6</ele>
        <time>2023-06-11T02:26:22Z</time>
      </trkpt>
      <trkpt lat="43.851475" lon="-123.36879">
        <ele>206.2</ele>
        <time>2023-06-11T02:26:26Z</time>
      </trkpt>
      <trkpt lat="43.851433" lon="-123.36869">
        <ele>206.3</ele>
        <time>2023-06-11T02:26:28Z</time>
      </trkpt>
      <trkpt lat="43.851315" lon="-123.368477">
        <ele>206.6</ele>
        <time>2023-06-11T02:26:33Z</time>
      </trkpt>
      <trkpt lat="43.851162" lon="-123.368256">
        <ele>206.6</ele>
        <time>2023-06-11T02:26:39Z</time>
      </trkpt>
      <trkpt lat="43.850948" lon="-123.368065">
        <ele>207.2</ele>
        <time>2023-06-11T02:26:45Z</time>
      </trkpt>
      <trkpt lat="43.850658" lon="-123.367905">
        <ele>208.0</ele>
        <time>2023-06-11T02:26:53Z</time>
      </trkpt>
      <trkpt lat="43.850376" lon="-123.367844">
        <ele>208.0</ele>
        <time>2023-06-11T02:26:59Z</time>
      </trkpt>
      <trkpt lat="43.849785" lon="-123.367813">
        <ele>207.6</ele>
        <time>2023-06-11T02:27:08Z</time>
      </trkpt>
      <trkpt lat="43.849113" lon="-123.367966">
        <ele>204.6</ele>
        <time>2023-06-11T02:27:17Z</time>
      </trkpt>
      <trkpt lat="43.848614" lon="-123.368118">
        <ele>203.2</ele>
        <time>2023-06-11T02:27:24Z</time>
      </trkpt>
      <trkpt lat="43.848225" lon="-123.368263">
        <ele>202.6</ele>
        <time>2023-06-11T02:27:30Z</time>
      </trkpt>
      <trkpt lat="43.848026" lon="-123.368401">
        <ele>202.3</ele>
        <time>2023-06-11T02:27:33Z</time>
      </trkpt>
      <trkpt lat="43.847805" lon="-123.36866">
        <ele>202.2</ele>
        <time>2023-06-11T02:27:37Z</time>
      </trkpt>
      <trkpt lat="43.847412" lon="-123.369247">
        <ele>202.3</ele>
        <time>2023-06-11T02:27:49Z</time>
      </trkpt>
      <trkpt lat="43.847237" lon="-123.369415">
        <ele>203.7</ele>
        <time>2023-06-11T02:27:54Z</time>
      </trkpt>
      <trkpt lat="43.84706" lon="-123.369537">
        <ele>204.7</ele>
        <time>2023-06-11T02:27:59Z</time>
      </trkpt>
      <trkpt lat="43.846855" lon="-123.369583">
        <ele>205.7</ele>
        <time>2023-06-11T02:28:05Z</time>
      </trkpt>
      <trkpt lat="43.846672" lon="-123.369568">
        <ele>206.7</ele>
        <time>2023-06-11T02:28:10Z</time>
      </trkpt>
      <trkpt lat="43.846481" lon="-123.369461">
        <ele>208.0</ele>
        <time>2023-06-11T02:28:16Z</time>
      </trkpt>
      <trkpt lat="43.846306" lon="-123.369293">
        <ele>209.0</ele>
        <time>2023-06-11T02:28:23Z</time>
      </trkpt>
      <trkpt lat="43.846203" lon="-123.36908">
        <ele>210.2</ele>
        <time>2023-06-11T02:28:29Z</time>
      </trkpt>
      <trkpt lat="43.846153" lon="-123.368927">
        <ele>211.0</ele>
        <time>2023-06-11T02:28:33Z</time>
      </trkpt>
      <trkpt lat="43.8461" lon="-123.368637">
        <ele>212.3</ele>
        <time>2023-06-11T02:28:40Z</time>
      </trkpt>
      <trkpt lat="43.846096" lon="-123.368431">
        <ele>213.6</ele>
        <time>2023-06-11T02:28:45Z</time>
      </trkpt>
      <trkpt lat="43.846123" lon="-123.367981">
        <ele>214.3</ele>
        <time>2023-06-11T02:28:55Z</time>
      </trkpt>
      <trkpt lat="43.846252" lon="-123.367279">
        <ele>215.0</ele>
        <time>2023-06-11T02:29:09Z</time>
      </trkpt>
      <trkpt lat="43.846317" lon="-123.36673">
        <ele>215.0</ele>
        <time>2023-06-11T02:29:19Z</time>
      </trkpt>
      <trkpt lat="43.846275" lon="-123.366234">
        <ele>215.0</ele>
        <time>2023-06-11T02:29:27Z</time>
      </trkpt>
      <trkpt lat="43.846203" lon="-123.365784">
        <ele>214.7</ele>
        <time>2023-06-11T02:29:35Z</time>
      </trkpt>
      <trkpt lat="43.846161" lon="-123.365166">
        <ele>214.3</ele>
        <time>2023-06-11T02:29:44Z</time>
      </trkpt>
      <trkpt lat="43.846233" lon="-123.364716">
        <ele>213.7</ele>
        <time>2023-06-11T02:29:49Z</time>
      </trkpt>
      <trkpt lat="43.846317" lon="-123.36441">
        <ele>213.2</ele>
        <time>2023-06-11T02:29:52Z</time>
      </trkpt>
      <trkpt lat="43.846405" lon="-123.364212">
        <ele>212.7</ele>
        <time>2023-06-11T02:29:54Z</time>
      </trkpt>
      <trkpt lat="43.846565" lon="-123.363937">
        <ele>211.6</ele>
        <time>2023-06-11T02:29:57Z</time>
      </trkpt>
      <trkpt lat="43.847149" lon="-123.363213">
        <ele>207.0</ele>
        <time>2023-06-11T02:30:06Z</time>
      </trkpt>
      <trkpt lat="43.847328" lon="-123.362968">
        <ele>206.2</ele>
        <time>2023-06-11T02:30:09Z</time>
      </trkpt>
      <trkpt lat="43.847477" lon="-123.362679">
        <ele>205.7</ele>
        <time>2023-06-11T02:30:12Z</time>
      </trkpt>
      <trkpt lat="43.847549" lon="-123.36248">
        <ele>205.6</ele>
        <time>2023-06-11T02:30:14Z</time>
      </trkpt>
      <trkpt lat="43.847595" lon="-123.362282">
        <ele>205.2</ele>
        <time>2023-06-11T02:30:16Z</time>
      </trkpt>
      <trkpt lat="43.847584" lon="-123.361893">
        <ele>205.0</ele>
        <time>2023-06-11T02:30:20Z</time>
      </trkpt>
      <trkpt lat="43.847515" lon="-123.361618">
        <ele>204.6</ele>
        <time>2023-06-11T02:30:23Z</time>
      </trkpt>
      <trkpt lat="43.84734" lon="-123.361191">
        <ele>204.6</ele>
        <time>2023-06-11T02:30:28Z</time>
      </trkpt>
      <trkpt lat="43.846977" lon="-123.360786">
        <ele>204.6</ele>
        <time>2023-06-11T02:30:35Z</time>
      </trkpt>
      <trkpt lat="43.846344" lon="-123.360275">
        <ele>204.0</ele>
        <time>2023-06-11T02:30:47Z</time>
      </trkpt>
      <trkpt lat="43.845996" lon="-123.360062">
        <ele>203.6</ele>
        <time>2023-06-11T02:30:53Z</time>
      </trkpt>
      <trkpt lat="43.84528" lon="-123.359871">
        <ele>203.0</ele>
        <time>2023-06-11T02:31:05Z</time>
      </trkpt>
      <trkpt lat="43.844372" lon="-123.359711">
        <ele>204.3</ele>
        <time>2023-06-11T02:31:22Z</time>
      </trkpt>
      <trkpt lat="43.844261" lon="-123.359673">
        <ele>204.3</ele>
        <time>2023-06-11T02:31:24Z</time>
      </trkpt>
      <trkpt lat="43.844154" lon="-123.359627">
        <ele>204.3</ele>
        <time>2023-06-11T02:31:26Z</time>
      </trkpt>
      <trkpt lat="43.843987" lon="-123.359505">
        <ele>204.3</ele>
        <time>2023-06-11T02:31:29Z</time>
      </trkpt>
      <trkpt lat="43.843708" lon="-123.359215">
        <ele>204.2</ele>
        <time>2023-06-11T02:31:35Z</time>
      </trkpt>
      <trkpt lat="43.843544" lon="-123.359077">
        <ele>203.7</ele>
        <time>2023-06-11T02:31:38Z</time>
      </trkpt>
      <trkpt lat="43.843384" lon="-123.358963">
        <ele>203.3</ele>
        <time>2023-06-11T02:31:41Z</time>
      </trkpt>
      <trkpt lat="43.842945" lon="-123.358711">
        <ele>203.3</ele>
        <time>2023-06-11T02:31:49Z</time>
      </trkpt>
      <trkpt lat="43.842236" lon="-123.358498">
        <ele>204.0</ele>
        <time>2023-06-11T02:32:02Z</time>
      </trkpt>
      <trkpt lat="43.840393" lon="-123.357742">
        <ele>203.2</ele>
        <time>2023-06-11T02:32:33Z</time>
      </trkpt>
      <trkpt lat="43.839993" lon="-123.357536">
        <ele>203.3</ele>
        <time>2023-06-11T02:32:40Z</time>
      </trkpt>
      <trkpt lat="43.839607" lon="-123.357208">
        <ele>203.3</ele>
        <time>2023-06-11T02:32:47Z</time>
      </trkpt>
      <trkpt lat="43.839252" lon="-123.356873">
        <ele>203.0</ele>
        <time>2023-06-11T02:32:54Z</time>
      </trkpt>
      <trkpt lat="43.838963" lon="-123.356544">
        <ele>202.7</ele>
        <time>2023-06-11T02:33:00Z</time>
      </trkpt>
      <trkpt lat="43.838112" lon="-123.355438">
        <ele>203.0</ele>
        <time>2023-06-11T02:33:19Z</time>
      </trkpt>
      <trkpt lat="43.837879" lon="-123.355087">
        <ele>203.0</ele>
        <time>2023-06-11T02:33:25Z</time>
      </trkpt>
      <trkpt lat="43.837753" lon="-123.354752">
        <ele>203.2</ele>
        <time>2023-06-11T02:33:30Z</time>
      </trkpt>
      <trkpt lat="43.837666" lon="-123.354279">
        <ele>203.3</ele>
        <time>2023-06-11T02:33:37Z</time>
      </trkpt>
      <trkpt lat="43.837528" lon="-123.353691">
        <ele>204.6</ele>
        <time>2023-06-11T02:33:47Z</time>
      </trkpt>
      <trkpt lat="43.837524" lon="-123.353531">
        <ele>205.0</ele>
        <time>2023-06-11T02:33:50Z</time>
      </trkpt>
      <trkpt lat="43.837414" lon="-123.353165">
        <ele>206.0</ele>
        <time>2023-06-11T02:33:58Z</time>
      </trkpt>
      <trkpt lat="43.837261" lon="-123.352791">
        <ele>206.7</ele>
        <time>2023-06-11T02:34:07Z</time>
      </trkpt>
      <trkpt lat="43.837063" lon="-123.352135">
        <ele>207.0</ele>
        <time>2023-06-11T02:34:18Z</time>
      </trkpt>
      <trkpt lat="43.836975" lon="-123.351898">
        <ele>207.0</ele>
        <time>2023-06-11T02:34:22Z</time>
      </trkpt>
      <trkpt lat="43.836926" lon="-123.351784">
        <ele>207.0</ele>
        <time>2023-06-11T02:34:24Z</time>
      </trkpt>
      <trkpt lat="43.836727" lon="-123.351494">
        <ele>207.0</ele>
        <time>2023-06-11T02:34:30Z</time>
      </trkpt>
      <trkpt lat="43.83654" lon="-123.351357">
        <ele>207.3</ele>
        <time>2023-06-11T02:34:34Z</time>
      </trkpt>
      <trkpt lat="43.836346" lon="-123.35125">
        <ele>207.3</ele>
        <time>2023-06-11T02:34:38Z</time>
      </trkpt>
      <trkpt lat="43.835655" lon="-123.3508">
        <ele>206.3</ele>
        <time>2023-06-11T02:34:49Z</time>
      </trkpt>
      <trkpt lat="43.835514" lon="-123.350693">
        <ele>205.6</ele>
        <time>2023-06-11T02:34:51Z</time>
      </trkpt>
      <trkpt lat="43.835209" lon="-123.35041">
        <ele>204.6</ele>
        <time>2023-06-11T02:34:56Z</time>
      </trkpt>
      <trkpt lat="43.834724" lon="-123.350067">
        <ele>204.0</ele>
        <time>2023-06-11T02:35:04Z</time>
      </trkpt>
      <trkpt lat="43.834251" lon="-123.349899">
        <ele>203.3</ele>
        <time>2023-06-11T02:35:11Z</time>
      </trkpt>
      <trkpt lat="43.833366" lon="-123.349808">
        <ele>203.2</ele>
        <time>2023-06-11T02:35:25Z</time>
      </trkpt>
      <trkpt lat="43.833202" lon="-123.34977">
        <ele>203.3</ele>
        <time>2023-06-11T02:35:28Z</time>
      </trkpt>
      <trkpt lat="43.833027" lon="-123.349785">
        <ele>203.6</ele>
        <time>2023-06-11T02:35:31Z</time>
      </trkpt>
      <trkpt lat="43.832527" lon="-123.349747">
        <ele>203.3</ele>
        <time>2023-06-11T02:35:40Z</time>
      </trkpt>
      <trkpt lat="43.83247" lon="-123.349731">
        <ele>203.3</ele>
        <time>2023-06-11T02:35:41Z</time>
      </trkpt>
      <trkpt lat="43.832172" lon="-123.349579">
        <ele>203.3</ele>
        <time>2023-06-11T02:35:46Z</time>
      </trkpt>
      <trkpt lat="43.832127" lon="-123.349541">
        <ele>203.3</ele>
        <time>2023-06-11T02:35:47Z</time>
      </trkpt>
      <trkpt lat="43.832043" lon="-123.349426">
        <ele>203.3</ele>
        <time>2023-06-11T02:35:49Z</time>
      </trkpt>
      <trkpt lat="43.831982" lon="-123.349281">
        <ele>203.6</ele>
        <time>2023-06-11T02:35:51Z</time>
      </trkpt>
      <trkpt lat="43.831837" lon="-123.349106">
        <ele>203.7</ele>
        <time>2023-06-11T02:35:54Z</time>
      </trkpt>
      <trkpt lat="43.831676" lon="-123.348701">
        <ele>204.6</ele>
        <time>2023-06-11T02:36:00Z</time>
      </trkpt>
      <trkpt lat="43.831604" lon="-123.348587">
        <ele>204.6</ele>
        <time>2023-06-11T02:36:02Z</time>
      </trkpt>
      <trkpt lat="43.831425" lon="-123.348213">
        <ele>204.6</ele>
        <time>2023-06-11T02:36:07Z</time>
      </trkpt>
      <trkpt lat="43.831345" lon="-123.347984">
        <ele>204.6</ele>
        <time>2023-06-11T02:36:10Z</time>
      </trkpt>
      <trkpt lat="43.831337" lon="-123.347885">
        <ele>204.6</ele>
        <time>2023-06-11T02:36:11Z</time>
      </trkpt>
      <trkpt lat="43.831341" lon="-123.347504">
        <ele>204.2</ele>
        <time>2023-06-11T02:36:15Z</time>
      </trkpt>
      <trkpt lat="43.831451" lon="-123.346321">
        <ele>204.7</ele>
        <time>2023-06-11T02:36:31Z</time>
      </trkpt>
      <trkpt lat="43.83147" lon="-123.345131">
        <ele>205.6</ele>
        <time>2023-06-11T02:36:47Z</time>
      </trkpt>
      <trkpt lat="43.831508" lon="-123.344574">
        <ele>205.2</ele>
        <time>2023-06-11T02:36:53Z</time>
      </trkpt>
      <trkpt lat="43.831688" lon="-123.342758">
        <ele>202.7</ele>
        <time>2023-06-11T02:37:13Z</time>
      </trkpt>
      <trkpt lat="43.831715" lon="-123.340736">
        <ele>203.6</ele>
        <time>2023-06-11T02:37:37Z</time>
      </trkpt>
      <trkpt lat="43.831631" lon="-123.339867">
        <ele>204.6</ele>
        <time>2023-06-11T02:37:49Z</time>
      </trkpt>
      <trkpt lat="43.831508" lon="-123.339142">
        <ele>206.2</ele>
        <time>2023-06-11T02:38:01Z</time>
      </trkpt>
      <trkpt lat="43.831455" lon="-123.338402">
        <ele>208.6</ele>
        <time>2023-06-11T02:38:15Z</time>
      </trkpt>
      <trkpt lat="43.831402" lon="-123.337959">
        <ele>209.3</ele>
        <time>2023-06-11T02:38:23Z</time>
      </trkpt>
      <trkpt lat="43.831287" lon="-123.337402">
        <ele>210.0</ele>
        <time>2023-06-11T02:38:32Z</time>
      </trkpt>
      <trkpt lat="43.831001" lon="-123.336388">
        <ele>210.3</ele>
        <time>2023-06-11T02:38:49Z</time>
      </trkpt>
      <trkpt lat="43.830891" lon="-123.336098">
        <ele>211.0</ele>
        <time>2023-06-11T02:38:54Z</time>
      </trkpt>
      <trkpt lat="43.830795" lon="-123.335922">
        <ele>211.0</ele>
        <time>2023-06-11T02:38:57Z</time>
      </trkpt>
      <trkpt lat="43.830627" lon="-123.335648">
        <ele>211.0</ele>
        <time>2023-06-11T02:39:02Z</time>
      </trkpt>
      <trkpt lat="43.830447" lon="-123.335403">
        <ele>210.7</ele>
        <time>2023-06-11T02:39:06Z</time>
      </trkpt>
      <trkpt lat="43.830227" lon="-123.335037">
        <ele>210.3</ele>
        <time>2023-06-11T02:39:11Z</time>
      </trkpt>
      <trkpt lat="43.829834" lon="-123.334206">
        <ele>208.0</ele>
        <time>2023-06-11T02:39:21Z</time>
      </trkpt>
      <trkpt lat="43.829707" lon="-123.333878">
        <ele>206.7</ele>
        <time>2023-06-11T02:39:25Z</time>
      </trkpt>
      <trkpt lat="43.82935" lon="-123.332794">
        <ele>206.3</ele>
        <time>2023-06-11T02:39:38Z</time>
      </trkpt>
      <trkpt lat="43.829052" lon="-123.331993">
        <ele>206.0</ele>
        <time>2023-06-11T02:39:49Z</time>
      </trkpt>
      <trkpt lat="43.828884" lon="-123.331406">
        <ele>207.7</ele>
        <time>2023-06-11T02:39:58Z</time>
      </trkpt>
      <trkpt lat="43.828838" lon="-123.331093">
        <ele>208.0</ele>
        <time>2023-06-11T02:40:02Z</time>
      </trkpt>
      <trkpt lat="43.828777" lon="-123.330399">
        <ele>208.0</ele>
        <time>2023-06-11T02:40:10Z</time>
      </trkpt>
      <trkpt lat="43.828705" lon="-123.330025">
        <ele>207.3</ele>
        <time>2023-06-11T02:40:14Z</time>
      </trkpt>
      <trkpt lat="43.828545" lon="-123.329613">
        <ele>206.3</ele>
        <time>2023-06-11T02:40:19Z</time>
      </trkpt>
      <trkpt lat="43.827872" lon="-123.328262">
        <ele>205.7</ele>
        <time>2023-06-11T02:40:39Z</time>
      </trkpt>
      <trkpt lat="43.827648" lon="-123.327888">
        <ele>206.7</ele>
        <time>2023-06-11T02:40:46Z</time>
      </trkpt>
      <trkpt lat="43.827396" lon="-123.327538">
        <ele>207.7</ele>
        <time>2023-06-11T02:40:54Z</time>
      </trkpt>
      <trkpt lat="43.826771" lon="-123.326805">
        <ele>209.7</ele>
        <time>2023-06-11T02:41:11Z</time>
      </trkpt>
      <trkpt lat="43.826241" lon="-123.326324">
        <ele>209.2</ele>
        <time>2023-06-11T02:41:21Z</time>
      </trkpt>
      <trkpt lat="43.825531" lon="-123.32563">
        <ele>206.7</ele>
        <time>2023-06-11T02:41:34Z</time>
      </trkpt>
      <trkpt lat="43.825172" lon="-123.325424">
        <ele>207.0</ele>
        <time>2023-06-11T02:41:41Z</time>
      </trkpt>
      <trkpt lat="43.824921" lon="-123.325302">
        <ele>207.2</ele>
        <time>2023-06-11T02:41:46Z</time>
      </trkpt>
      <trkpt lat="43.824764" lon="-123.325195">
        <ele>208.0</ele>
        <time>2023-06-11T02:41:50Z</time>
      </trkpt>
      <trkpt lat="43.824604" lon="-123.325119">
        <ele>208.6</ele>
        <time>2023-06-11T02:41:53Z</time>
      </trkpt>
      <trkpt lat="43.824326" lon="-123.324936">
        <ele>208.7</ele>
        <time>2023-06-11T02:41:58Z</time>
      </trkpt>
      <trkpt lat="43.824081" lon="-123.324707">
        <ele>208.7</ele>
        <time>2023-06-11T02:42:02Z</time>
      </trkpt>
      <trkpt lat="43.823936" lon="-123.324516">
        <ele>208.7</ele>
        <time>2023-06-11T02:42:05Z</time>
      </trkpt>
      <trkpt lat="43.823723" lon="-123.32431">
        <ele>208.6</ele>
        <time>2023-06-11T02:42:09Z</time>
      </trkpt>
      <trkpt lat="43.82362" lon="-123.324188">
        <ele>208.6</ele>
        <time>2023-06-11T02:42:11Z</time>
      </trkpt>
      <trkpt lat="43.823536" lon="-123.32383">
        <ele>208.3</ele>
        <time>2023-06-11T02:42:15Z</time>
      </trkpt>
      <trkpt lat="43.823093" lon="-123.322502">
        <ele>208.3</ele>
        <time>2023-06-11T02:42:33Z</time>
      </trkpt>
      <trkpt lat="43.823032" lon="-123.322197">
        <ele>209.2</ele>
        <time>2023-06-11T02:42:38Z</time>
      </trkpt>
      <trkpt lat="43.822994" lon="-123.321854">
        <ele>210.2</ele>
        <time>2023-06-11T02:42:44Z</time>
      </trkpt>
      <trkpt lat="43.823006" lon="-123.321373">
        <ele>211.2</ele>
        <time>2023-06-11T02:42:52Z</time>
      </trkpt>
      <trkpt lat="43.82299" lon="-123.320541">
        <ele>212.0</ele>
        <time>2023-06-11T02:43:04Z</time>
      </trkpt>
      <trkpt lat="43.822941" lon="-123.319839">
        <ele>211.7</ele>
        <time>2023-06-11T02:43:13Z</time>
      </trkpt>
      <trkpt lat="43.822887" lon="-123.319435">
        <ele>211.3</ele>
        <time>2023-06-11T02:43:18Z</time>
      </trkpt>
      <trkpt lat="43.822781" lon="-123.31897">
        <ele>211.2</ele>
        <time>2023-06-11T02:43:24Z</time>
      </trkpt>
      <trkpt lat="43.822632" lon="-123.318459">
        <ele>211.2</ele>
        <time>2023-06-11T02:43:31Z</time>
      </trkpt>
      <trkpt lat="43.822468" lon="-123.318024">
        <ele>211.3</ele>
        <time>2023-06-11T02:43:37Z</time>
      </trkpt>
      <trkpt lat="43.822269" lon="-123.317398">
        <ele>211.3</ele>
        <time>2023-06-11T02:43:45Z</time>
      </trkpt>
      <trkpt lat="43.822216" lon="-123.317039">
        <ele>211.3</ele>
        <time>2023-06-11T02:43:49Z</time>
      </trkpt>
      <trkpt lat="43.822166" lon="-123.316338">
        <ele>210.7</ele>
        <time>2023-06-11T02:43:57Z</time>
      </trkpt>
      <trkpt lat="43.822063" lon="-123.313889">
        <ele>212.0</ele>
        <time>2023-06-11T02:44:29Z</time>
      </trkpt>
      <trkpt lat="43.821915" lon="-123.31218">
        <ele>212.0</ele>
        <time>2023-06-11T02:44:49Z</time>
      </trkpt>
      <trkpt lat="43.821629" lon="-123.311104">
        <ele>212.0</ele>
        <time>2023-06-11T02:45:04Z</time>
      </trkpt>
      <trkpt lat="43.82148" lon="-123.310631">
        <ele>212.6</ele>
        <time>2023-06-11T02:45:12Z</time>
      </trkpt>
      <trkpt lat="43.821407" lon="-123.310287">
        <ele>213.0</ele>
        <time>2023-06-11T02:45:17Z</time>
      </trkpt>
      <trkpt lat="43.821209" lon="-123.309586">
        <ele>213.2</ele>
        <time>2023-06-11T02:45:27Z</time>
      </trkpt>
      <trkpt lat="43.821095" lon="-123.309052">
        <ele>213.0</ele>
        <time>2023-06-11T02:45:34Z</time>
      </trkpt>
      <trkpt lat="43.820995" lon="-123.307747">
        <ele>210.2</ele>
        <time>2023-06-11T02:45:48Z</time>
      </trkpt>
      <trkpt lat="43.820904" lon="-123.306946">
        <ele>209.3</ele>
        <time>2023-06-11T02:45:57Z</time>
      </trkpt>
      <trkpt lat="43.820793" lon="-123.306313">
        <ele>209.0</ele>
        <time>2023-06-11T02:46:05Z</time>
      </trkpt>
      <trkpt lat="43.82032" lon="-123.304214">
        <ele>209.6</ele>
        <time>2023-06-11T02:46:33Z</time>
      </trkpt>
      <trkpt lat="43.820274" lon="-123.303925">
        <ele>209.7</ele>
        <time>2023-06-11T02:46:37Z</time>
      </trkpt>
      <trkpt lat="43.820198" lon="-123.303604">
        <ele>210.2</ele>
        <time>2023-06-11T02:46:42Z</time>
      </trkpt>
      <trkpt lat="43.820118" lon="-123.303085">
        <ele>210.7</ele>
        <time>2023-06-11T02:46:50Z</time>
      </trkpt>
      <trkpt lat="43.820037" lon="-123.302094">
        <ele>211.2</ele>
        <time>2023-06-11T02:47:05Z</time>
      </trkpt>
      <trkpt lat="43.819969" lon="-123.301521">
        <ele>211.2</ele>
        <time>2023-06-11T02:47:13Z</time>
      </trkpt>
      <trkpt lat="43.81987" lon="-123.300995">
        <ele>211.2</ele>
        <time>2023-06-11T02:47:20Z</time>
      </trkpt>
      <trkpt lat="43.819748" lon="-123.300629">
        <ele>211.2</ele>
        <time>2023-06-11T02:47:25Z</time>
      </trkpt>
      <trkpt lat="43.818981" lon="-123.298988">
        <ele>210.6</ele>
        <time>2023-06-11T02:47:49Z</time>
      </trkpt>
      <trkpt lat="43.818436" lon="-123.29776">
        <ele>211.6</ele>
        <time>2023-06-11T02:48:09Z</time>
      </trkpt>
      <trkpt lat="43.818302" lon="-123.297264">
        <ele>212.6</ele>
        <time>2023-06-11T02:48:17Z</time>
      </trkpt>
      <trkpt lat="43.818062" lon="-123.296158">
        <ele>212.2</ele>
        <time>2023-06-11T02:48:31Z</time>
      </trkpt>
      <trkpt lat="43.817944" lon="-123.295403">
        <ele>211.2</ele>
        <time>2023-06-11T02:48:40Z</time>
      </trkpt>
      <trkpt lat="43.817829" lon="-123.29171">
        <ele>210.3</ele>
        <time>2023-06-11T02:49:21Z</time>
      </trkpt>
      <trkpt lat="43.817879" lon="-123.290306">
        <ele>212.0</ele>
        <time>2023-06-11T02:49:39Z</time>
      </trkpt>
      <trkpt lat="43.817852" lon="-123.289589">
        <ele>212.0</ele>
        <time>2023-06-11T02:49:48Z</time>
      </trkpt>
      <trkpt lat="43.81768" lon="-123.28791">
        <ele>211.7</ele>
        <time>2023-06-11T02:50:09Z</time>
      </trkpt>
      <trkpt lat="43.817554" lon="-123.286385">
        <ele>211.7</ele>
        <time>2023-06-11T02:50:27Z</time>
      </trkpt>
      <trkpt lat="43.817528" lon="-123.285835">
        <ele>211.3</ele>
        <time>2023-06-11T02:50:34Z</time>
      </trkpt>
      <trkpt lat="43.817596" lon="-123.285149">
        <ele>211.2</ele>
        <time>2023-06-11T02:50:43Z</time>
      </trkpt>
      <trkpt lat="43.817856" lon="-123.284302">
        <ele>211.7</ele>
        <time>2023-06-11T02:50:56Z</time>
      </trkpt>
      <trkpt lat="43.818096" lon="-123.283607">
        <ele>211.7</ele>
        <time>2023-06-11T02:51:06Z</time>
      </trkpt>
      <trkpt lat="43.818348" lon="-123.283173">
        <ele>211.7</ele>
        <time>2023-06-11T02:51:13Z</time>
      </trkpt>
      <trkpt lat="43.819083" lon="-123.28241">
        <ele>211.6</ele>
        <time>2023-06-11T02:51:29Z</time>
      </trkpt>
      <trkpt lat="43.81971" lon="-123.281792">
        <ele>212.0</ele>
        <time>2023-06-11T02:51:44Z</time>
      </trkpt>
      <trkpt lat="43.820118" lon="-123.281456">
        <ele>213.0</ele>
        <time>2023-06-11T02:51:56Z</time>
      </trkpt>
      <trkpt lat="43.820282" lon="-123.281364">
        <ele>213.7</ele>
        <time>2023-06-11T02:52:02Z</time>
      </trkpt>
      <trkpt lat="43.820808" lon="-123.281128">
        <ele>215.0</ele>
        <time>2023-06-11T02:52:16Z</time>
      </trkpt>
      <trkpt lat="43.820988" lon="-123.281075">
        <ele>215.4</ele>
        <time>2023-06-11T02:52:21Z</time>
      </trkpt>
      <trkpt lat="43.821449" lon="-123.280785">
        <ele>216.2</ele>
        <time>2023-06-11T02:52:33Z</time>
      </trkpt>
      <trkpt lat="43.821734" lon="-123.280563">
        <ele>216.2</ele>
        <time>2023-06-11T02:52:39Z</time>
      </trkpt>
      <trkpt lat="43.822066" lon="-123.280174">
        <ele>216.0</ele>
        <time>2023-06-11T02:52:47Z</time>
      </trkpt>
      <trkpt lat="43.822612" lon="-123.279465">
        <ele>215.2</ele>
        <time>2023-06-11T02:52:59Z</time>
      </trkpt>
      <trkpt lat="43.823212" lon="-123.278572">
        <ele>213.6</ele>
        <time>2023-06-11T02:53:13Z</time>
      </trkpt>
      <trkpt lat="43.823429" lon="-123.278282">
        <ele>213.6</ele>
        <time>2023-06-11T02:53:18Z</time>
      </trkpt>
      <trkpt lat="43.823673" lon="-123.277832">
        <ele>213.7</ele>
        <time>2023-06-11T02:53:25Z</time>
      </trkpt>
      <trkpt lat="43.823948" lon="-123.277374">
        <ele>213.7</ele>
        <time>2023-06-11T02:53:32Z</time>
      </trkpt>
      <trkpt lat="43.824234" lon="-123.276825">
        <ele>213.7</ele>
        <time>2023-06-11T02:53:40Z</time>
      </trkpt>
      <trkpt lat="43.82468" lon="-123.275909">
        <ele>213.2</ele>
        <time>2023-06-11T02:53:53Z</time>
      </trkpt>
      <trkpt lat="43.824757" lon="-123.27578">
        <ele>213.2</ele>
        <time>2023-06-11T02:53:55Z</time>
      </trkpt>
      <trkpt lat="43.826199" lon="-123.272888">
        <ele>213.0</ele>
        <time>2023-06-11T02:54:41Z</time>
      </trkpt>
      <trkpt lat="43.826645" lon="-123.271881">
        <ele>213.2</ele>
        <time>2023-06-11T02:54:57Z</time>
      </trkpt>
      <trkpt lat="43.826778" lon="-123.271492">
        <ele>213.0</ele>
        <time>2023-06-11T02:55:03Z</time>
      </trkpt>
      <trkpt lat="43.826897" lon="-123.27079">
        <ele>213.2</ele>
        <time>2023-06-11T02:55:13Z</time>
      </trkpt>
      <trkpt lat="43.827229" lon="-123.268028">
        <ele>213.0</ele>
        <time>2023-06-11T02:55:50Z</time>
      </trkpt>
      <trkpt lat="43.827286" lon="-123.267357">
        <ele>213.0</ele>
        <time>2023-06-11T02:55:59Z</time>
      </trkpt>
      <trkpt lat="43.827286" lon="-123.26712">
        <ele>213.3</ele>
        <time>2023-06-11T02:56:02Z</time>
      </trkpt>
      <trkpt lat="43.827255" lon="-123.266876">
        <ele>213.3</ele>
        <time>2023-06-11T02:56:05Z</time>
      </trkpt>
      <trkpt lat="43.827133" lon="-123.266449">
        <ele>213.2</ele>
        <time>2023-06-11T02:56:11Z</time>
      </trkpt>
      <trkpt lat="43.826954" lon="-123.265968">
        <ele>213.2</ele>
        <time>2023-06-11T02:56:18Z</time>
      </trkpt>
      <trkpt lat="43.826332" lon="-123.264435">
        <ele>214.0</ele>
        <time>2023-06-11T02:56:44Z</time>
      </trkpt>
      <trkpt lat="43.826019" lon="-123.263809">
        <ele>214.6</ele>
        <time>2023-06-11T02:56:56Z</time>
      </trkpt>
      <trkpt lat="43.82576" lon="-123.263153">
        <ele>214.7</ele>
        <time>2023-06-11T02:57:06Z</time>
      </trkpt>
      <trkpt lat="43.825596" lon="-123.262665">
        <ele>214.7</ele>
        <time>2023-06-11T02:57:13Z</time>
      </trkpt>
      <trkpt lat="43.825497" lon="-123.262413">
        <ele>214.7</ele>
        <time>2023-06-11T02:57:17Z</time>
      </trkpt>
      <trkpt lat="43.825436" lon="-123.262306">
        <ele>214.7</ele>
        <time>2023-06-11T02:57:19Z</time>
      </trkpt>
      <trkpt lat="43.825085" lon="-123.261147">
        <ele>216.0</ele>
        <time>2023-06-11T02:57:39Z</time>
      </trkpt>
      <trkpt lat="43.824978" lon="-123.260643">
        <ele>216.4</ele>
        <time>2023-06-11T02:57:47Z</time>
      </trkpt>
      <trkpt lat="43.824829" lon="-123.259529">
        <ele>216.4</ele>
        <time>2023-06-11T02:58:02Z</time>
      </trkpt>
      <trkpt lat="43.824782" lon="-123.258942">
        <ele>216.2</ele>
        <time>2023-06-11T02:58:09Z</time>
      </trkpt>
      <trkpt lat="43.824821" lon="-123.25708">
        <ele>215.4</ele>
        <time>2023-06-11T02:58:33Z</time>
      </trkpt>
      <trkpt lat="43.824821" lon="-123.256027">
        <ele>217.0</ele>
        <time>2023-06-11T02:58:49Z</time>
      </trkpt>
      <trkpt lat="43.824841" lon="-123.255737">
        <ele>217.7</ele>
        <time>2023-06-11T02:58:54Z</time>
      </trkpt>
      <trkpt lat="43.824959" lon="-123.255341">
        <ele>218.4</ele>
        <time>2023-06-11T02:59:01Z</time>
      </trkpt>
      <trkpt lat="43.825043" lon="-123.25518">
        <ele>218.7</ele>
        <time>2023-06-11T02:59:04Z</time>
      </trkpt>
      <trkpt lat="43.825279" lon="-123.254829">
        <ele>219.2</ele>
        <time>2023-06-11T02:59:11Z</time>
      </trkpt>
      <trkpt lat="43.82634" lon="-123.253479">
        <ele>219.4</ele>
        <time>2023-06-11T02:59:39Z</time>
      </trkpt>
      <trkpt lat="43.826717" lon="-123.252953">
        <ele>219.7</ele>
        <time>2023-06-11T02:59:49Z</time>
      </trkpt>
      <trkpt lat="43.827015" lon="-123.25248">
        <ele>219.7</ele>
        <time>2023-06-11T02:59:57Z</time>
      </trkpt>
      <trkpt lat="43.827583" lon="-123.251465">
        <ele>220.2</ele>
        <time>2023-06-11T03:00:14Z</time>
      </trkpt>
      <trkpt lat="43.827872" lon="-123.250885">
        <ele>220.4</ele>
        <time>2023-06-11T03:00:23Z</time>
      </trkpt>
      <trkpt lat="43.828033" lon="-123.250351">
        <ele>220.0</ele>
        <time>2023-06-11T03:00:30Z</time>
      </trkpt>
      <trkpt lat="43.828117" lon="-123.249817">
        <ele>220.0</ele>
        <time>2023-06-11T03:00:37Z</time>
      </trkpt>
      <trkpt lat="43.828197" lon="-123.249069">
        <ele>219.7</ele>
        <time>2023-06-11T03:00:46Z</time>
      </trkpt>
      <trkpt lat="43.828362" lon="-123.248642">
        <ele>219.7</ele>
        <time>2023-06-11T03:00:52Z</time>
      </trkpt>
      <trkpt lat="43.82848" lon="-123.248474">
        <ele>219.7</ele>
        <time>2023-06-11T03:00:55Z</time>
      </trkpt>
      <trkpt lat="43.828575" lon="-123.248375">
        <ele>219.6</ele>
        <time>2023-06-11T03:00:57Z</time>
      </trkpt>
      <trkpt lat="43.829315" lon="-123.247948">
        <ele>220.6</ele>
        <time>2023-06-11T03:01:12Z</time>
      </trkpt>
      <trkpt lat="43.829769" lon="-123.247543">
        <ele>221.2</ele>
        <time>2023-06-11T03:01:23Z</time>
      </trkpt>
      <trkpt lat="43.830269" lon="-123.247169">
        <ele>221.2</ele>
        <time>2023-06-11T03:01:33Z</time>
      </trkpt>
      <trkpt lat="43.831036" lon="-123.24662">
        <ele>220.4</ele>
        <time>2023-06-11T03:01:48Z</time>
      </trkpt>
      <trkpt lat="43.83149" lon="-123.246315">
        <ele>220.2</ele>
        <time>2023-06-11T03:01:57Z</time>
      </trkpt>
      <trkpt lat="43.832222" lon="-123.24575">
        <ele>220.2</ele>
        <time>2023-06-11T03:02:14Z</time>
      </trkpt>
      <trkpt lat="43.833107" lon="-123.24514">
        <ele>221.2</ele>
        <time>2023-06-11T03:02:33Z</time>
      </trkpt>
      <trkpt lat="43.833717" lon="-123.244698">
        <ele>221.7</ele>
        <time>2023-06-11T03:02:47Z</time>
      </trkpt>
      <trkpt lat="43.834316" lon="-123.244225">
        <ele>222.0</ele>
        <time>2023-06-11T03:03:01Z</time>
      </trkpt>
      <trkpt lat="43.834644" lon="-123.243896">
        <ele>222.0</ele>
        <time>2023-06-11T03:03:09Z</time>
      </trkpt>
      <trkpt lat="43.834877" lon="-123.243546">
        <ele>222.4</ele>
        <time>2023-06-11T03:03:16Z</time>
      </trkpt>
      <trkpt lat="43.835217" lon="-123.242889">
        <ele>222.4</ele>
        <time>2023-06-11T03:03:27Z</time>
      </trkpt>
      <trkpt lat="43.835738" lon="-123.241768">
        <ele>222.4</ele>
        <time>2023-06-11T03:03:45Z</time>
      </trkpt>
      <trkpt lat="43.835999" lon="-123.241058">
        <ele>222.0</ele>
        <time>2023-06-11T03:03:55Z</time>
      </trkpt>
      <trkpt lat="43.836067" lon="-123.240768">
        <ele>222.2</ele>
        <time>2023-06-11T03:03:59Z</time>
      </trkpt>
      <trkpt lat="43.836189" lon="-123.239693">
        <ele>222.2</ele>
        <time>2023-06-11T03:04:14Z</time>
      </trkpt>
      <trkpt lat="43.836258" lon="-123.239471">
        <ele>222.4</ele>
        <time>2023-06-11T03:04:18Z</time>
      </trkpt>
      <trkpt lat="43.83636" lon="-123.239273">
        <ele>222.4</ele>
        <time>2023-06-11T03:04:22Z</time>
      </trkpt>
      <trkpt lat="43.836403" lon="-123.239113">
        <ele>222.4</ele>
        <time>2023-06-11T03:04:25Z</time>
      </trkpt>
      <trkpt lat="43.836422" lon="-123.238823">
        <ele>221.7</ele>
        <time>2023-06-11T03:04:44Z</time>
      </trkpt>
      <trkpt lat="43.836411" lon="-123.238808">
        <ele>221.7</ele>
        <time>2023-06-11T03:04:46Z</time>
      </trkpt>
      <trkpt lat="43.836365" lon="-123.238853">
        <ele>220.6</ele>
        <time>2023-06-11T03:20:53Z</time>
      </trkpt>
      <trkpt lat="43.836742" lon="-123.238754">
        <ele>221.0</ele>
        <time>2023-06-11T03:21:16Z</time>
      </trkpt>
      <trkpt lat="43.837051" lon="-123.238388">
        <ele>223.0</ele>
        <time>2023-06-11T03:21:31Z</time>
      </trkpt>
      <trkpt lat="43.837185" lon="-123.238197">
        <ele>223.2</ele>
        <time>2023-06-11T03:21:37Z</time>
      </trkpt>
      <trkpt lat="43.837204" lon="-123.238106">
        <ele>223.2</ele>
        <time>2023-06-11T03:21:39Z</time>
      </trkpt>
      <trkpt lat="43.837176" lon="-123.237617">
        <ele>223.2</ele>
        <time>2023-06-11T03:21:46Z</time>
      </trkpt>
      <trkpt lat="43.837181" lon="-123.236893">
        <ele>221.6</ele>
        <time>2023-06-11T03:21:55Z</time>
      </trkpt>
      <trkpt lat="43.837162" lon="-123.235695">
        <ele>220.6</ele>
        <time>2023-06-11T03:22:11Z</time>
      </trkpt>
      <trkpt lat="43.837162" lon="-123.230034">
        <ele>224.6</ele>
        <time>2023-06-11T03:23:33Z</time>
      </trkpt>
      <trkpt lat="43.837185" lon="-123.229454">
        <ele>226.6</ele>
        <time>2023-06-11T03:23:45Z</time>
      </trkpt>
      <trkpt lat="43.837219" lon="-123.22924">
        <ele>227.0</ele>
        <time>2023-06-11T03:23:50Z</time>
      </trkpt>
      <trkpt lat="43.837379" lon="-123.228775">
        <ele>228.7</ele>
        <time>2023-06-11T03:24:01Z</time>
      </trkpt>
      <trkpt lat="43.837868" lon="-123.227715">
        <ele>229.6</ele>
        <time>2023-06-11T03:24:26Z</time>
      </trkpt>
      <trkpt lat="43.838074" lon="-123.227226">
        <ele>229.7</ele>
        <time>2023-06-11T03:24:36Z</time>
      </trkpt>
      <trkpt lat="43.83842" lon="-123.226494">
        <ele>229.7</ele>
        <time>2023-06-11T03:24:51Z</time>
      </trkpt>
      <trkpt lat="43.838482" lon="-123.226349">
        <ele>230.0</ele>
        <time>2023-06-11T03:24:54Z</time>
      </trkpt>
      <trkpt lat="43.838524" lon="-123.226196">
        <ele>230.0</ele>
        <time>2023-06-11T03:24:57Z</time>
      </trkpt>
      <trkpt lat="43.838577" lon="-123.225967">
        <ele>230.4</ele>
        <time>2023-06-11T03:25:02Z</time>
      </trkpt>
      <trkpt lat="43.838608" lon="-123.225723">
        <ele>231.0</ele>
        <time>2023-06-11T03:25:08Z</time>
      </trkpt>
      <trkpt lat="43.8386" lon="-123.224907">
        <ele>232.7</ele>
        <time>2023-06-11T03:25:24Z</time>
      </trkpt>
      <trkpt lat="43.838558" lon="-123.224068">
        <ele>233.4</ele>
        <time>2023-06-11T03:25:38Z</time>
      </trkpt>
      <trkpt lat="43.838566" lon="-123.223656">
        <ele>233.4</ele>
        <time>2023-06-11T03:25:44Z</time>
      </trkpt>
      <trkpt lat="43.838608" lon="-123.22345">
        <ele>233.4</ele>
        <time>2023-06-11T03:25:47Z</time>
      </trkpt>
      <trkpt lat="43.838673" lon="-123.223251">
        <ele>233.2</ele>
        <time>2023-06-11T03:25:50Z</time>
      </trkpt>
      <trkpt lat="43.838894" lon="-123.222908">
        <ele>233.0</ele>
        <time>2023-06-11T03:25:56Z</time>
      </trkpt>
      <trkpt lat="43.839039" lon="-123.222778">
        <ele>233.0</ele>
        <time>2023-06-11T03:25:59Z</time>
      </trkpt>
      <trkpt lat="43.839485" lon="-123.222588">
        <ele>232.2</ele>
        <time>2023-06-11T03:26:07Z</time>
      </trkpt>
      <trkpt lat="43.840611" lon="-123.222191">
        <ele>232.4</ele>
        <time>2023-06-11T03:26:29Z</time>
      </trkpt>
      <trkpt lat="43.840691" lon="-123.222153">
        <ele>232.6</ele>
        <time>2023-06-11T03:26:31Z</time>
      </trkpt>
      <trkpt lat="43.841015" lon="-123.221916">
        <ele>233.6</ele>
        <time>2023-06-11T03:26:39Z</time>
      </trkpt>
      <trkpt lat="43.841373" lon="-123.221481">
        <ele>234.0</ele>
        <time>2023-06-11T03:26:48Z</time>
      </trkpt>
      <trkpt lat="43.84211" lon="-123.220451">
        <ele>233.2</ele>
        <time>2023-06-11T03:27:07Z</time>
      </trkpt>
      <trkpt lat="43.842377" lon="-123.220039">
        <ele>232.7</ele>
        <time>2023-06-11T03:27:14Z</time>
      </trkpt>
      <trkpt lat="43.84314" lon="-123.218658">
        <ele>233.0</ele>
        <time>2023-06-11T03:27:38Z</time>
      </trkpt>
      <trkpt lat="43.843395" lon="-123.218102">
        <ele>233.6</ele>
        <time>2023-06-11T03:27:48Z</time>
      </trkpt>
      <trkpt lat="43.845036" lon="-123.21418">
        <ele>237.2</ele>
        <time>2023-06-11T03:28:59Z</time>
      </trkpt>
      <trkpt lat="43.845577" lon="-123.212822">
        <ele>238.4</ele>
        <time>2023-06-11T03:29:24Z</time>
      </trkpt>
      <trkpt lat="43.845798" lon="-123.212395">
        <ele>238.4</ele>
        <time>2023-06-11T03:29:32Z</time>
      </trkpt>
      <trkpt lat="43.846123" lon="-123.211845">
        <ele>237.7</ele>
        <time>2023-06-11T03:29:42Z</time>
      </trkpt>
      <trkpt lat="43.846352" lon="-123.211319">
        <ele>237.6</ele>
        <time>2023-06-11T03:29:51Z</time>
      </trkpt>
      <trkpt lat="43.846497" lon="-123.210823">
        <ele>238.0</ele>
        <time>2023-06-11T03:29:59Z</time>
      </trkpt>
      <trkpt lat="43.846523" lon="-123.210632">
        <ele>238.2</ele>
        <time>2023-06-11T03:30:02Z</time>
      </trkpt>
      <trkpt lat="43.846516" lon="-123.210228">
        <ele>238.7</ele>
        <time>2023-06-11T03:30:08Z</time>
      </trkpt>
      <trkpt lat="43.846451" lon="-123.209991">
        <ele>239.0</ele>
        <time>2023-06-11T03:30:12Z</time>
      </trkpt>
      <trkpt lat="43.846298" lon="-123.209579">
        <ele>240.0</ele>
        <time>2023-06-11T03:30:20Z</time>
      </trkpt>
      <trkpt lat="43.845863" lon="-123.208557">
        <ele>243.4</ele>
        <time>2023-06-11T03:30:44Z</time>
      </trkpt>
      <trkpt lat="43.845783" lon="-123.208305">
        <ele>244.4</ele>
        <time>2023-06-11T03:30:50Z</time>
      </trkpt>
      <trkpt lat="43.845493" lon="-123.207642">
        <ele>246.7</ele>
        <time>2023-06-11T03:31:09Z</time>
      </trkpt>
      <trkpt lat="43.845444" lon="-123.207428">
        <ele>247.7</ele>
        <time>2023-06-11T03:31:20Z</time>
      </trkpt>
      <trkpt lat="43.845192" lon="-123.206726">
        <ele>248.6</ele>
        <time>2023-06-11T03:31:35Z</time>
      </trkpt>
      <trkpt lat="43.844879" lon="-123.205956">
        <ele>249.4</ele>
        <time>2023-06-11T03:31:50Z</time>
      </trkpt>
      <trkpt lat="43.844803" lon="-123.205811">
        <ele>249.6</ele>
        <time>2023-06-11T03:31:53Z</time>
      </trkpt>
      <trkpt lat="43.844402" lon="-123.204788">
        <ele>250.6</ele>
        <time>2023-06-11T03:32:12Z</time>
      </trkpt>
      <trkpt lat="43.844307" lon="-123.204498">
        <ele>251.2</ele>
        <time>2023-06-11T03:32:17Z</time>
      </trkpt>
      <trkpt lat="43.844212" lon="-123.204071">
        <ele>251.7</ele>
        <time>2023-06-11T03:32:24Z</time>
      </trkpt>
      <trkpt lat="43.844105" lon="-123.203079">
        <ele>252.7</ele>
        <time>2023-06-11T03:32:41Z</time>
      </trkpt>
      <trkpt lat="43.843994" lon="-123.202332">
        <ele>254.7</ele>
        <time>2023-06-11T03:32:56Z</time>
      </trkpt>
      <trkpt lat="43.843834" lon="-123.20195">
        <ele>256.6</ele>
        <time>2023-06-11T03:33:06Z</time>
      </trkpt>
      <trkpt lat="43.843628" lon="-123.201569">
        <ele>258.7</ele>
        <time>2023-06-11T03:33:18Z</time>
      </trkpt>
      <trkpt lat="43.843521" lon="-123.201332">
        <ele>259.7</ele>
        <time>2023-06-11T03:33:26Z</time>
      </trkpt>
      <trkpt lat="43.843421" lon="-123.201012">
        <ele>261.4</ele>
        <time>2023-06-11T03:33:36Z</time>
      </trkpt>
      <trkpt lat="43.84338" lon="-123.200645">
        <ele>263.2</ele>
        <time>2023-06-11T03:33:47Z</time>
      </trkpt>
      <trkpt lat="43.84339" lon="-123.200478">
        <ele>263.7</ele>
        <time>2023-06-11T03:33:52Z</time>
      </trkpt>
      <trkpt lat="43.843441" lon="-123.200211">
        <ele>265.0</ele>
        <time>2023-06-11T03:34:00Z</time>
      </trkpt>
      <trkpt lat="43.843483" lon="-123.19986">
        <ele>266.4</ele>
        <time>2023-06-11T03:34:10Z</time>
      </trkpt>
      <trkpt lat="43.843643" lon="-123.198944">
        <ele>269.6</ele>
        <time>2023-06-11T03:34:38Z</time>
      </trkpt>
      <trkpt lat="43.843704" lon="-123.198685">
        <ele>270.2</ele>
        <time>2023-06-11T03:34:45Z</time>
      </trkpt>
      <trkpt lat="43.843773" lon="-123.198036">
        <ele>271.6</ele>
        <time>2023-06-11T03:35:00Z</time>
      </trkpt>
      <trkpt lat="43.844025" lon="-123.197235">
        <ele>274.4</ele>
        <time>2023-06-11T03:35:22Z</time>
      </trkpt>
      <trkpt lat="43.844231" lon="-123.196678">
        <ele>277.2</ele>
        <time>2023-06-11T03:35:38Z</time>
      </trkpt>
      <trkpt lat="43.844322" lon="-123.19651">
        <ele>278.2</ele>
        <time>2023-06-11T03:35:44Z</time>
      </trkpt>
      <trkpt lat="43.844634" lon="-123.196106">
        <ele>280.4</ele>
        <time>2023-06-11T03:36:01Z</time>
      </trkpt>
      <trkpt lat="43.845028" lon="-123.195671">
        <ele>282.6</ele>
        <time>2023-06-11T03:36:20Z</time>
      </trkpt>
      <trkpt lat="43.845184" lon="-123.195427">
        <ele>283.4</ele>
        <time>2023-06-11T03:36:29Z</time>
      </trkpt>
      <trkpt lat="43.845215" lon="-123.19519">
        <ele>284.2</ele>
        <time>2023-06-11T03:36:35Z</time>
      </trkpt>
      <trkpt lat="43.845207" lon="-123.195084">
        <ele>284.4</ele>
        <time>2023-06-11T03:36:38Z</time>
      </trkpt>
      <trkpt lat="43.845093" lon="-123.194519">
        <ele>286.6</ele>
        <time>2023-06-11T03:36:54Z</time>
      </trkpt>
      <trkpt lat="43.845081" lon="-123.193817">
        <ele>289.7</ele>
        <time>2023-06-11T03:37:16Z</time>
      </trkpt>
      <trkpt lat="43.845009" lon="-123.193565">
        <ele>290.6</ele>
        <time>2023-06-11T03:37:24Z</time>
      </trkpt>
      <trkpt lat="43.844963" lon="-123.193275">
        <ele>291.4</ele>
        <time>2023-06-11T03:37:32Z</time>
      </trkpt>
      <trkpt lat="43.844966" lon="-123.193115">
        <ele>291.6</ele>
        <time>2023-06-11T03:37:36Z</time>
      </trkpt>
      <trkpt lat="43.845001" lon="-123.192917">
        <ele>292.4</ele>
        <time>2023-06-11T03:37:41Z</time>
      </trkpt>
      <trkpt lat="43.845062" lon="-123.192749">
        <ele>292.7</ele>
        <time>2023-06-11T03:37:46Z</time>
      </trkpt>
      <trkpt lat="43.845184" lon="-123.192505">
        <ele>293.7</ele>
        <time>2023-06-11T03:37:54Z</time>
      </trkpt>
      <trkpt lat="43.845348" lon="-123.192337">
        <ele>295.0</ele>
        <time>2023-06-11T03:38:02Z</time>
      </trkpt>
      <trkpt lat="43.845543" lon="-123.192207">
        <ele>295.7</ele>
        <time>2023-06-11T03:38:11Z</time>
      </trkpt>
      <trkpt lat="43.845982" lon="-123.192123">
        <ele>298.0</ele>
        <time>2023-06-11T03:38:28Z</time>
      </trkpt>
      <trkpt lat="43.846188" lon="-123.192055">
        <ele>299.0</ele>
        <time>2023-06-11T03:38:35Z</time>
      </trkpt>
      <trkpt lat="43.846401" lon="-123.191917">
        <ele>300.2</ele>
        <time>2023-06-11T03:38:43Z</time>
      </trkpt>
      <trkpt lat="43.846545" lon="-123.191757">
        <ele>301.2</ele>
        <time>2023-06-11T03:38:50Z</time>
      </trkpt>
      <trkpt lat="43.846661" lon="-123.191536">
        <ele>302.2</ele>
        <time>2023-06-11T03:38:58Z</time>
      </trkpt>
      <trkpt lat="43.846714" lon="-123.191345">
        <ele>303.4</ele>
        <time>2023-06-11T03:39:05Z</time>
      </trkpt>
      <trkpt lat="43.846737" lon="-123.191017">
        <ele>304.7</ele>
        <time>2023-06-11T03:39:15Z</time>
      </trkpt>
      <trkpt lat="43.846821" lon="-123.190514">
        <ele>307.4</ele>
        <time>2023-06-11T03:39:30Z</time>
      </trkpt>
      <trkpt lat="43.847015" lon="-123.190063">
        <ele>309.6</ele>
        <time>2023-06-11T03:39:45Z</time>
      </trkpt>
      <trkpt lat="43.847435" lon="-123.189308">
        <ele>313.2</ele>
        <time>2023-06-11T03:40:12Z</time>
      </trkpt>
      <trkpt lat="43.847572" lon="-123.18911">
        <ele>314.4</ele>
        <time>2023-06-11T03:40:20Z</time>
      </trkpt>
      <trkpt lat="43.847794" lon="-123.188744">
        <ele>316.4</ele>
        <time>2023-06-11T03:40:34Z</time>
      </trkpt>
      <trkpt lat="43.847916" lon="-123.188507">
        <ele>318.0</ele>
        <time>2023-06-11T03:40:43Z</time>
      </trkpt>
      <trkpt lat="43.848389" lon="-123.187744">
        <ele>321.7</ele>
        <time>2023-06-11T03:41:13Z</time>
      </trkpt>
      <trkpt lat="43.848694" lon="-123.187355">
        <ele>324.4</ele>
        <time>2023-06-11T03:41:28Z</time>
      </trkpt>
      <trkpt lat="43.84883" lon="-123.187218">
        <ele>325.7</ele>
        <time>2023-06-11T03:41:36Z</time>
      </trkpt>
      <trkpt lat="43.848915" lon="-123.187172">
        <ele>326.6</ele>
        <time>2023-06-11T03:41:41Z</time>
      </trkpt>
      <trkpt lat="43.849052" lon="-123.187057">
        <ele>327.4</ele>
        <time>2023-06-11T03:41:49Z</time>
      </trkpt>
      <trkpt lat="43.849232" lon="-123.186974">
        <ele>328.0</ele>
        <time>2023-06-11T03:41:57Z</time>
      </trkpt>
      <trkpt lat="43.849815" lon="-123.186554">
        <ele>331.0</ele>
        <time>2023-06-11T03:42:24Z</time>
      </trkpt>
      <trkpt lat="43.850159" lon="-123.186348">
        <ele>333.4</ele>
        <time>2023-06-11T03:42:41Z</time>
      </trkpt>
      <trkpt lat="43.850333" lon="-123.186264">
        <ele>333.7</ele>
        <time>2023-06-11T03:42:49Z</time>
      </trkpt>
      <trkpt lat="43.850407" lon="-123.186203">
        <ele>334.4</ele>
        <time>2023-06-11T03:42:53Z</time>
      </trkpt>
      <trkpt lat="43.850498" lon="-123.186172">
        <ele>335.2</ele>
        <time>2023-06-11T03:42:57Z</time>
      </trkpt>
      <trkpt lat="43.850758" lon="-123.185982">
        <ele>337.0</ele>
        <time>2023-06-11T03:43:10Z</time>
      </trkpt>
      <trkpt lat="43.851044" lon="-123.185844">
        <ele>338.2</ele>
        <time>2023-06-11T03:43:22Z</time>
      </trkpt>
      <trkpt lat="43.851669" lon="-123.185463">
        <ele>341.7</ele>
        <time>2023-06-11T03:43:50Z</time>
      </trkpt>
      <trkpt lat="43.851784" lon="-123.185417">
        <ele>342.2</ele>
        <time>2023-06-11T03:43:56Z</time>
      </trkpt>
      <trkpt lat="43.851852" lon="-123.185341">
        <ele>342.6</ele>
        <time>2023-06-11T03:44:00Z</time>
      </trkpt>
      <trkpt lat="43.852207" lon="-123.185165">
        <ele>344.4</ele>
        <time>2023-06-11T03:44:17Z</time>
      </trkpt>
      <trkpt lat="43.852409" lon="-123.185036">
        <ele>345.6</ele>
        <time>2023-06-11T03:44:26Z</time>
      </trkpt>
      <trkpt lat="43.852547" lon="-123.184906">
        <ele>346.6</ele>
        <time>2023-06-11T03:44:33Z</time>
      </trkpt>
      <trkpt lat="43.852604" lon="-123.184769">
        <ele>347.2</ele>
        <time>2023-06-11T03:44:38Z</time>
      </trkpt>
      <trkpt lat="43.852638" lon="-123.184677">
        <ele>347.6</ele>
        <time>2023-06-11T03:44:41Z</time>
      </trkpt>
      <trkpt lat="43.852665" lon="-123.184486">
        <ele>348.4</ele>
        <time>2023-06-11T03:44:47Z</time>
      </trkpt>
      <trkpt lat="43.852654" lon="-123.184387">
        <ele>348.7</ele>
        <time>2023-06-11T03:44:50Z</time>
      </trkpt>
      <trkpt lat="43.8526" lon="-123.184196">
        <ele>350.0</ele>
        <time>2023-06-11T03:44:56Z</time>
      </trkpt>
      <trkpt lat="43.852469" lon="-123.184036">
        <ele>351.0</ele>
        <time>2023-06-11T03:45:03Z</time>
      </trkpt>
      <trkpt lat="43.852371" lon="-123.183945">
        <ele>351.7</ele>
        <time>2023-06-11T03:45:08Z</time>
      </trkpt>
      <trkpt lat="43.852192" lon="-123.183815">
        <ele>353.0</ele>
        <time>2023-06-11T03:45:17Z</time>
      </trkpt>
      <trkpt lat="43.851978" lon="-123.183624">
        <ele>354.6</ele>
        <time>2023-06-11T03:45:28Z</time>
      </trkpt>
      <trkpt lat="43.851852" lon="-123.183403">
        <ele>355.7</ele>
        <time>2023-06-11T03:45:36Z</time>
      </trkpt>
      <trkpt lat="43.851761" lon="-123.183189">
        <ele>357.2</ele>
        <time>2023-06-11T03:45:44Z</time>
      </trkpt>
      <trkpt lat="43.851704" lon="-123.182884">
        <ele>358.6</ele>
        <time>2023-06-11T03:45:53Z</time>
      </trkpt>
      <trkpt lat="43.851619" lon="-123.182587">
        <ele>359.6</ele>
        <time>2023-06-11T03:46:03Z</time>
      </trkpt>
      <trkpt lat="43.851528" lon="-123.182106">
        <ele>361.6</ele>
        <time>2023-06-11T03:46:18Z</time>
      </trkpt>
      <trkpt lat="43.851439" lon="-123.181793">
        <ele>362.7</ele>
        <time>2023-06-11T03:46:28Z</time>
      </trkpt>
      <trkpt lat="43.851334" lon="-123.181328">
        <ele>365.2</ele>
        <time>2023-06-11T03:46:43Z</time>
      </trkpt>
      <trkpt lat="43.851208" lon="-123.181007">
        <ele>366.0</ele>
        <time>2023-06-11T03:46:54Z</time>
      </trkpt>
      <trkpt lat="43.850857" lon="-123.180435">
        <ele>369.2</ele>
        <time>2023-06-11T03:47:18Z</time>
      </trkpt>
      <trkpt lat="43.850674" lon="-123.180016">
        <ele>371.4</ele>
        <time>2023-06-11T03:47:34Z</time>
      </trkpt>
      <trkpt lat="43.850639" lon="-123.179794">
        <ele>372.2</ele>
        <time>2023-06-11T03:47:41Z</time>
      </trkpt>
      <trkpt lat="43.850628" lon="-123.17955">
        <ele>373.2</ele>
        <time>2023-06-11T03:47:49Z</time>
      </trkpt>
      <trkpt lat="43.850658" lon="-123.179344">
        <ele>374.2</ele>
        <time>2023-06-11T03:47:57Z</time>
      </trkpt>
      <trkpt lat="43.850754" lon="-123.178986">
        <ele>375.7</ele>
        <time>2023-06-11T03:48:11Z</time>
      </trkpt>
      <trkpt lat="43.850994" lon="-123.178421">
        <ele>378.2</ele>
        <time>2023-06-11T03:48:33Z</time>
      </trkpt>
      <trkpt lat="43.851048" lon="-123.178154">
        <ele>379.6</ele>
        <time>2023-06-11T03:48:41Z</time>
      </trkpt>
      <trkpt lat="43.850998" lon="-123.177841">
        <ele>380.4</ele>
        <time>2023-06-11T03:48:50Z</time>
      </trkpt>
      <trkpt lat="43.850842" lon="-123.177437">
        <ele>382.6</ele>
        <time>2023-06-11T03:49:04Z</time>
      </trkpt>
      <trkpt lat="43.850677" lon="-123.176735">
        <ele>384.2</ele>
        <time>2023-06-11T03:49:27Z</time>
      </trkpt>
      <trkpt lat="43.850624" lon="-123.176567">
        <ele>384.6</ele>
        <time>2023-06-11T03:49:33Z</time>
      </trkpt>
      <trkpt lat="43.850437" lon="-123.17614">
        <ele>385.0</ele>
        <time>2023-06-11T03:49:47Z</time>
      </trkpt>
      <trkpt lat="43.850357" lon="-123.175919">
        <ele>385.0</ele>
        <time>2023-06-11T03:49:54Z</time>
      </trkpt>
      <trkpt lat="43.850262" lon="-123.175766">
        <ele>385.4</ele>
        <time>2023-06-11T03:50:00Z</time>
      </trkpt>
      <trkpt lat="43.850079" lon="-123.175568">
        <ele>386.4</ele>
        <time>2023-06-11T03:51:13Z</time>
      </trkpt>
      <trkpt lat="43.849894" lon="-123.175323">
        <ele>386.4</ele>
        <time>2023-06-11T03:51:23Z</time>
      </trkpt>
      <trkpt lat="43.849522" lon="-123.174973">
        <ele>387.2</ele>
        <time>2023-06-11T03:51:38Z</time>
      </trkpt>
      <trkpt lat="43.849303" lon="-123.174812">
        <ele>388.0</ele>
        <time>2023-06-11T03:51:45Z</time>
      </trkpt>
      <trkpt lat="43.848698" lon="-123.1745">
        <ele>390.2</ele>
        <time>2023-06-11T03:52:05Z</time>
      </trkpt>
      <trkpt lat="43.848315" lon="-123.174332">
        <ele>391.4</ele>
        <time>2023-06-11T03:52:17Z</time>
      </trkpt>
      <trkpt lat="43.848087" lon="-123.174316">
        <ele>391.7</ele>
        <time>2023-06-11T03:52:24Z</time>
      </trkpt>
      <trkpt lat="43.847874" lon="-123.1744">
        <ele>392.2</ele>
        <time>2023-06-11T03:52:32Z</time>
      </trkpt>
      <trkpt lat="43.847702" lon="-123.174446">
        <ele>393.4</ele>
        <time>2023-06-11T03:52:38Z</time>
      </trkpt>
      <trkpt lat="43.84705" lon="-123.17482">
        <ele>396.6</ele>
        <time>2023-06-11T03:53:02Z</time>
      </trkpt>
      <trkpt lat="43.846817" lon="-123.174904">
        <ele>397.2</ele>
        <time>2023-06-11T03:53:09Z</time>
      </trkpt>
      <trkpt lat="43.846527" lon="-123.174866">
        <ele>398.6</ele>
        <time>2023-06-11T03:53:22Z</time>
      </trkpt>
      <trkpt lat="43.846466" lon="-123.174774">
        <ele>399.2</ele>
        <time>2023-06-11T03:54:54Z</time>
      </trkpt>
      <trkpt lat="43.846352" lon="-123.174652">
        <ele>399.2</ele>
        <time>2023-06-11T03:55:00Z</time>
      </trkpt>
      <trkpt lat="43.846291" lon="-123.1744">
        <ele>399.4</ele>
        <time>2023-06-11T03:55:07Z</time>
      </trkpt>
      <trkpt lat="43.846321" lon="-123.174164">
        <ele>399.4</ele>
        <time>2023-06-11T03:55:12Z</time>
      </trkpt>
      <trkpt lat="43.846523" lon="-123.17363">
        <ele>399.2</ele>
        <time>2023-06-11T03:55:22Z</time>
      </trkpt>
      <trkpt lat="43.846638" lon="-123.173119">
        <ele>398.6</ele>
        <time>2023-06-11T03:55:30Z</time>
      </trkpt>
      <trkpt lat="43.847271" lon="-123.171425">
        <ele>398.0</ele>
        <time>2023-06-11T03:56:00Z</time>
      </trkpt>
      <trkpt lat="43.847499" lon="-123.17099">
        <ele>398.4</ele>
        <time>2023-06-11T03:56:08Z</time>
      </trkpt>
      <trkpt lat="43.847771" lon="-123.17057">
        <ele>398.2</ele>
        <time>2023-06-11T03:56:15Z</time>
      </trkpt>
      <trkpt lat="43.847858" lon="-123.170357">
        <ele>398.2</ele>
        <time>2023-06-11T03:56:18Z</time>
      </trkpt>
      <trkpt lat="43.847893" lon="-123.169991">
        <ele>397.7</ele>
        <time>2023-06-11T03:56:23Z</time>
      </trkpt>
      <trkpt lat="43.847874" lon="-123.169861">
        <ele>397.7</ele>
        <time>2023-06-11T03:56:25Z</time>
      </trkpt>
      <trkpt lat="43.847775" lon="-123.169624">
        <ele>397.7</ele>
        <time>2023-06-11T03:56:29Z</time>
      </trkpt>
      <trkpt lat="43.84771" lon="-123.16954">
        <ele>397.7</ele>
        <time>2023-06-11T03:56:31Z</time>
      </trkpt>
      <trkpt lat="43.847316" lon="-123.169304">
        <ele>398.7</ele>
        <time>2023-06-11T03:56:40Z</time>
      </trkpt>
      <trkpt lat="43.846438" lon="-123.168999">
        <ele>401.4</ele>
        <time>2023-06-11T03:57:04Z</time>
      </trkpt>
      <trkpt lat="43.846264" lon="-123.168907">
        <ele>401.7</ele>
        <time>2023-06-11T03:57:10Z</time>
      </trkpt>
      <trkpt lat="43.845787" lon="-123.168724">
        <ele>402.7</ele>
        <time>2023-06-11T03:57:23Z</time>
      </trkpt>
      <trkpt lat="43.845234" lon="-123.168449">
        <ele>403.0</ele>
        <time>2023-06-11T03:57:35Z</time>
      </trkpt>
      <trkpt lat="43.844868" lon="-123.168228">
        <ele>402.4</ele>
        <time>2023-06-11T03:57:42Z</time>
      </trkpt>
      <trkpt lat="43.844536" lon="-123.167984">
        <ele>402.0</ele>
        <time>2023-06-11T03:57:49Z</time>
      </trkpt>
      <trkpt lat="43.844158" lon="-123.167671">
        <ele>401.7</ele>
        <time>2023-06-11T03:57:57Z</time>
      </trkpt>
      <trkpt lat="43.843773" lon="-123.16732">
        <ele>401.7</ele>
        <time>2023-06-11T03:58:06Z</time>
      </trkpt>
      <trkpt lat="43.843525" lon="-123.167152">
        <ele>402.0</ele>
        <time>2023-06-11T03:58:12Z</time>
      </trkpt>
      <trkpt lat="43.84322" lon="-123.166962">
        <ele>402.7</ele>
        <time>2023-06-11T03:58:20Z</time>
      </trkpt>
      <trkpt lat="43.842129" lon="-123.166458">
        <ele>404.6</ele>
        <time>2023-06-11T03:58:47Z</time>
      </trkpt>
      <trkpt lat="43.842049" lon="-123.166451">
        <ele>404.6</ele>
        <time>2023-06-11T03:58:49Z</time>
      </trkpt>
      <trkpt lat="43.841957" lon="-123.166466">
        <ele>404.6</ele>
        <time>2023-06-11T03:58:51Z</time>
      </trkpt>
      <trkpt lat="43.841736" lon="-123.166573">
        <ele>404.4</ele>
        <time>2023-06-11T03:58:56Z</time>
      </trkpt>
      <trkpt lat="43.841392" lon="-123.166977">
        <ele>404.7</ele>
        <time>2023-06-11T03:59:07Z</time>
      </trkpt>
      <trkpt lat="43.840828" lon="-123.167328">
        <ele>405.6</ele>
        <time>2023-06-11T03:59:21Z</time>
      </trkpt>
      <trkpt lat="43.840694" lon="-123.167397">
        <ele>405.6</ele>
        <time>2023-06-11T03:59:24Z</time>
      </trkpt>
      <trkpt lat="43.840462" lon="-123.167473">
        <ele>405.6</ele>
        <time>2023-06-11T03:59:29Z</time>
      </trkpt>
      <trkpt lat="43.839565" lon="-123.167488">
        <ele>405.2</ele>
        <time>2023-06-11T03:59:45Z</time>
      </trkpt>
      <trkpt lat="43.839085" lon="-123.167435">
        <ele>405.0</ele>
        <time>2023-06-11T03:59:53Z</time>
      </trkpt>
      <trkpt lat="43.83884" lon="-123.167328">
        <ele>404.7</ele>
        <time>2023-06-11T03:59:57Z</time>
      </trkpt>
      <trkpt lat="43.838741" lon="-123.167244">
        <ele>404.7</ele>
        <time>2023-06-11T03:59:59Z</time>
      </trkpt>
      <trkpt lat="43.838646" lon="-123.167084">
        <ele>405.0</ele>
        <time>2023-06-11T04:00:02Z</time>
      </trkpt>
      <trkpt lat="43.838603" lon="-123.166946">
        <ele>405.0</ele>
        <time>2023-06-11T04:00:04Z</time>
      </trkpt>
      <trkpt lat="43.838581" lon="-123.166801">
        <ele>405.0</ele>
        <time>2023-06-11T04:00:06Z</time>
      </trkpt>
      <trkpt lat="43.838623" lon="-123.166473">
        <ele>405.0</ele>
        <time>2023-06-11T04:00:10Z</time>
      </trkpt>
      <trkpt lat="43.838679" lon="-123.166306">
        <ele>405.0</ele>
        <time>2023-06-11T04:00:12Z</time>
      </trkpt>
      <trkpt lat="43.838806" lon="-123.166092">
        <ele>405.0</ele>
        <time>2023-06-11T04:00:15Z</time>
      </trkpt>
      <trkpt lat="43.839314" lon="-123.165482">
        <ele>403.2</ele>
        <time>2023-06-11T04:00:26Z</time>
      </trkpt>
      <trkpt lat="43.839535" lon="-123.165192">
        <ele>403.2</ele>
        <time>2023-06-11T04:00:32Z</time>
      </trkpt>
      <trkpt lat="43.839596" lon="-123.165077">
        <ele>403.2</ele>
        <time>2023-06-11T04:00:34Z</time>
      </trkpt>
      <trkpt lat="43.839657" lon="-123.164871">
        <ele>403.2</ele>
        <time>2023-06-11T04:00:37Z</time>
      </trkpt>
      <trkpt lat="43.83968" lon="-123.164726">
        <ele>403.4</ele>
        <time>2023-06-11T04:00:39Z</time>
      </trkpt>
      <trkpt lat="43.83968" lon="-123.164177">
        <ele>403.4</ele>
        <time>2023-06-11T04:00:47Z</time>
      </trkpt>
      <trkpt lat="43.839622" lon="-123.163773">
        <ele>403.6</ele>
        <time>2023-06-11T04:00:53Z</time>
      </trkpt>
      <trkpt lat="43.839577" lon="-123.163651">
        <ele>403.6</ele>
        <time>2023-06-11T04:00:55Z</time>
      </trkpt>
      <trkpt lat="43.839535" lon="-123.163589">
        <ele>403.6</ele>
        <time>2023-06-11T04:00:56Z</time>
      </trkpt>
      <trkpt lat="43.839485" lon="-123.163536">
        <ele>403.6</ele>
        <time>2023-06-11T04:00:57Z</time>
      </trkpt>
      <trkpt lat="43.83926" lon="-123.163376">
        <ele>403.2</ele>
        <time>2023-06-11T04:01:01Z</time>
      </trkpt>
      <trkpt lat="43.838924" lon="-123.163269">
        <ele>403.0</ele>
        <time>2023-06-11T04:01:07Z</time>
      </trkpt>
      <trkpt lat="43.838448" lon="-123.1632">
        <ele>403.0</ele>
        <time>2023-06-11T04:01:15Z</time>
      </trkpt>
      <trkpt lat="43.838161" lon="-123.163185">
        <ele>403.0</ele>
        <time>2023-06-11T04:01:20Z</time>
      </trkpt>
      <trkpt lat="43.838009" lon="-123.163124">
        <ele>403.0</ele>
        <time>2023-06-11T04:01:23Z</time>
      </trkpt>
      <trkpt lat="43.837868" lon="-123.162994">
        <ele>403.0</ele>
        <time>2023-06-11T04:01:26Z</time>
      </trkpt>
      <trkpt lat="43.837791" lon="-123.162888">
        <ele>403.2</ele>
        <time>2023-06-11T04:01:28Z</time>
      </trkpt>
      <trkpt lat="43.837708" lon="-123.162689">
        <ele>403.2</ele>
        <time>2023-06-11T04:01:31Z</time>
      </trkpt>
      <trkpt lat="43.837627" lon="-123.16217">
        <ele>403.2</ele>
        <time>2023-06-11T04:01:38Z</time>
      </trkpt>
      <trkpt lat="43.837509" lon="-123.161888">
        <ele>403.4</ele>
        <time>2023-06-11T04:01:42Z</time>
      </trkpt>
      <trkpt lat="43.837387" lon="-123.161713">
        <ele>403.4</ele>
        <time>2023-06-11T04:01:45Z</time>
      </trkpt>
      <trkpt lat="43.837063" lon="-123.161362">
        <ele>403.7</ele>
        <time>2023-06-11T04:01:53Z</time>
      </trkpt>
      <trkpt lat="43.83696" lon="-123.161194">
        <ele>403.7</ele>
        <time>2023-06-11T04:01:56Z</time>
      </trkpt>
      <trkpt lat="43.836895" lon="-123.160995">
        <ele>403.7</ele>
        <time>2023-06-11T04:01:59Z</time>
      </trkpt>
      <trkpt lat="43.836872" lon="-123.16082">
        <ele>403.7</ele>
        <time>2023-06-11T04:02:01Z</time>
      </trkpt>
      <trkpt lat="43.836891" lon="-123.160667">
        <ele>403.7</ele>
        <time>2023-06-11T04:02:03Z</time>
      </trkpt>
      <trkpt lat="43.837002" lon="-123.160339">
        <ele>403.2</ele>
        <time>2023-06-11T04:02:07Z</time>
      </trkpt>
      <trkpt lat="43.837207" lon="-123.160034">
        <ele>402.2</ele>
        <time>2023-06-11T04:02:11Z</time>
      </trkpt>
      <trkpt lat="43.837524" lon="-123.159645">
        <ele>401.0</ele>
        <time>2023-06-11T04:02:16Z</time>
      </trkpt>
      <trkpt lat="43.837749" lon="-123.159477">
        <ele>399.4</ele>
        <time>2023-06-11T04:02:19Z</time>
      </trkpt>
      <trkpt lat="43.838024" lon="-123.159355">
        <ele>398.2</ele>
        <time>2023-06-11T04:02:22Z</time>
      </trkpt>
      <trkpt lat="43.838192" lon="-123.159294">
        <ele>396.7</ele>
        <time>2023-06-11T04:02:24Z</time>
      </trkpt>
      <trkpt lat="43.838516" lon="-123.15921">
        <ele>393.7</ele>
        <time>2023-06-11T04:02:27Z</time>
      </trkpt>
      <trkpt lat="43.838623" lon="-123.159203">
        <ele>393.2</ele>
        <time>2023-06-11T04:02:28Z</time>
      </trkpt>
      <trkpt lat="43.838818" lon="-123.159233">
        <ele>392.2</ele>
        <time>2023-06-11T04:02:30Z</time>
      </trkpt>
      <trkpt lat="43.838924" lon="-123.159271">
        <ele>391.4</ele>
        <time>2023-06-11T04:02:31Z</time>
      </trkpt>
      <trkpt lat="43.839062" lon="-123.159348">
        <ele>390.7</ele>
        <time>2023-06-11T04:02:32Z</time>
      </trkpt>
      <trkpt lat="43.839233" lon="-123.159508">
        <ele>389.7</ele>
        <time>2023-06-11T04:02:34Z</time>
      </trkpt>
      <trkpt lat="43.839611" lon="-123.160004">
        <ele>387.6</ele>
        <time>2023-06-11T04:02:38Z</time>
      </trkpt>
      <trkpt lat="43.839691" lon="-123.160088">
        <ele>387.2</ele>
        <time>2023-06-11T04:02:39Z</time>
      </trkpt>
      <trkpt lat="43.839809" lon="-123.160149">
        <ele>386.4</ele>
        <time>2023-06-11T04:02:40Z</time>
      </trkpt>
      <trkpt lat="43.839947" lon="-123.160179">
        <ele>385.6</ele>
        <time>2023-06-11T04:02:41Z</time>
      </trkpt>
      <trkpt lat="43.840103" lon="-123.160187">
        <ele>385.2</ele>
        <time>2023-06-11T04:02:42Z</time>
      </trkpt>
      <trkpt lat="43.840221" lon="-123.160156">
        <ele>384.6</ele>
        <time>2023-06-11T04:02:43Z</time>
      </trkpt>
      <trkpt lat="43.840416" lon="-123.160049">
        <ele>383.6</ele>
        <time>2023-06-11T04:02:45Z</time>
      </trkpt>
      <trkpt lat="43.840511" lon="-123.159958">
        <ele>382.6</ele>
        <time>2023-06-11T04:02:46Z</time>
      </trkpt>
      <trkpt lat="43.840599" lon="-123.159805">
        <ele>381.7</ele>
        <time>2023-06-11T04:02:47Z</time>
      </trkpt>
      <trkpt lat="43.840649" lon="-123.15966">
        <ele>380.7</ele>
        <time>2023-06-11T04:02:48Z</time>
      </trkpt>
      <trkpt lat="43.840675" lon="-123.1595">
        <ele>379.7</ele>
        <time>2023-06-11T04:02:49Z</time>
      </trkpt>
      <trkpt lat="43.840672" lon="-123.159203">
        <ele>377.7</ele>
        <time>2023-06-11T04:02:51Z</time>
      </trkpt>
      <trkpt lat="43.840584" lon="-123.158546">
        <ele>374.0</ele>
        <time>2023-06-11T04:02:55Z</time>
      </trkpt>
      <trkpt lat="43.840477" lon="-123.157524">
        <ele>368.6</ele>
        <time>2023-06-11T04:03:01Z</time>
      </trkpt>
      <trkpt lat="43.84034" lon="-123.156677">
        <ele>364.4</ele>
        <time>2023-06-11T04:03:06Z</time>
      </trkpt>
      <trkpt lat="43.840305" lon="-123.156326">
        <ele>362.0</ele>
        <time>2023-06-11T04:03:08Z</time>
      </trkpt>
      <trkpt lat="43.840317" lon="-123.156166">
        <ele>362.0</ele>
        <time>2023-06-11T04:03:09Z</time>
      </trkpt>
      <trkpt lat="43.840378" lon="-123.155914">
        <ele>360.6</ele>
        <time>2023-06-11T04:03:11Z</time>
      </trkpt>
      <trkpt lat="43.840637" lon="-123.155418">
        <ele>357.6</ele>
        <time>2023-06-11T04:03:15Z</time>
      </trkpt>
      <trkpt lat="43.840729" lon="-123.155128">
        <ele>356.4</ele>
        <time>2023-06-11T04:03:17Z</time>
      </trkpt>
      <trkpt lat="43.840733" lon="-123.154778">
        <ele>355.6</ele>
        <time>2023-06-11T04:03:19Z</time>
      </trkpt>
      <trkpt lat="43.840706" lon="-123.154625">
        <ele>355.0</ele>
        <time>2023-06-11T04:03:20Z</time>
      </trkpt>
      <trkpt lat="43.840176" lon="-123.153038">
        <ele>347.0</ele>
        <time>2023-06-11T04:03:30Z</time>
      </trkpt>
      <trkpt lat="43.83952" lon="-123.150948">
        <ele>335.2</ele>
        <time>2023-06-11T04:03:42Z</time>
      </trkpt>
      <trkpt lat="43.838688" lon="-123.148842">
        <ele>322.4</ele>
        <time>2023-06-11T04:03:54Z</time>
      </trkpt>
      <trkpt lat="43.838318" lon="-123.14798">
        <ele>318.7</ele>
        <time>2023-06-11T04:03:59Z</time>
      </trkpt>
      <trkpt lat="43.838131" lon="-123.147629">
        <ele>316.7</ele>
        <time>2023-06-11T04:04:01Z</time>
      </trkpt>
      <trkpt lat="43.837765" lon="-123.147034">
        <ele>312.6</ele>
        <time>2023-06-11T04:04:05Z</time>
      </trkpt>
      <trkpt lat="43.837283" lon="-123.146065">
        <ele>306.6</ele>
        <time>2023-06-11T04:04:11Z</time>
      </trkpt>
      <trkpt lat="43.83709" lon="-123.145576">
        <ele>303.7</ele>
        <time>2023-06-11T04:04:14Z</time>
      </trkpt>
      <trkpt lat="43.836895" lon="-123.14502">
        <ele>300.6</ele>
        <time>2023-06-11T04:04:17Z</time>
      </trkpt>
      <trkpt lat="43.836735" lon="-123.144684">
        <ele>298.7</ele>
        <time>2023-06-11T04:04:19Z</time>
      </trkpt>
      <trkpt lat="43.836384" lon="-123.144073">
        <ele>295.7</ele>
        <time>2023-06-11T04:04:23Z</time>
      </trkpt>
      <trkpt lat="43.836319" lon="-123.143906">
        <ele>295.0</ele>
        <time>2023-06-11T04:04:24Z</time>
      </trkpt>
      <trkpt lat="43.836101" lon="-123.143066">
        <ele>289.7</ele>
        <time>2023-06-11T04:04:29Z</time>
      </trkpt>
      <trkpt lat="43.835994" lon="-123.142471">
        <ele>287.7</ele>
        <time>2023-06-11T04:04:32Z</time>
      </trkpt>
      <trkpt lat="43.835994" lon="-123.142281">
        <ele>287.0</ele>
        <time>2023-06-11T04:04:33Z</time>
      </trkpt>
      <trkpt lat="43.836132" lon="-123.141396">
        <ele>282.4</ele>
        <time>2023-06-11T04:04:38Z</time>
      </trkpt>
      <trkpt lat="43.836159" lon="-123.14109">
        <ele>280.7</ele>
        <time>2023-06-11T04:04:40Z</time>
      </trkpt>
      <trkpt lat="43.836146" lon="-123.140732">
        <ele>279.4</ele>
        <time>2023-06-11T04:04:42Z</time>
      </trkpt>
      <trkpt lat="43.836044" lon="-123.14032">
        <ele>278.6</ele>
        <time>2023-06-11T04:04:45Z</time>
      </trkpt>
      <trkpt lat="43.835987" lon="-123.14019">
        <ele>278.4</ele>
        <time>2023-06-11T04:04:46Z</time>
      </trkpt>
      <trkpt lat="43.835921" lon="-123.140076">
        <ele>278.2</ele>
        <time>2023-06-11T04:04:47Z</time>
      </trkpt>
      <trkpt lat="43.835827" lon="-123.139961">
        <ele>278.0</ele>
        <time>2023-06-11T04:04:48Z</time>
      </trkpt>
      <trkpt lat="43.834003" lon="-123.138222">
        <ele>277.0</ele>
        <time>2023-06-11T04:05:14Z</time>
      </trkpt>
      <trkpt lat="43.833275" lon="-123.137627">
        <ele>274.6</ele>
        <time>2023-06-11T04:05:24Z</time>
      </trkpt>
      <trkpt lat="43.833145" lon="-123.137474">
        <ele>273.7</ele>
        <time>2023-06-11T04:05:26Z</time>
      </trkpt>
      <trkpt lat="43.833031" lon="-123.137283">
        <ele>273.2</ele>
        <time>2023-06-11T04:05:28Z</time>
      </trkpt>
      <trkpt lat="43.83289" lon="-123.136948">
        <ele>272.6</ele>
        <time>2023-06-11T04:05:31Z</time>
      </trkpt>
      <trkpt lat="43.831944" lon="-123.134087">
        <ele>263.4</ele>
        <time>2023-06-11T04:05:53Z</time>
      </trkpt>
      <trkpt lat="43.831921" lon="-123.133965">
        <ele>263.0</ele>
        <time>2023-06-11T04:05:54Z</time>
      </trkpt>
      <trkpt lat="43.831871" lon="-123.133362">
        <ele>262.2</ele>
        <time>2023-06-11T04:05:59Z</time>
      </trkpt>
      <trkpt lat="43.831856" lon="-123.132683">
        <ele>262.0</ele>
        <time>2023-06-11T04:06:05Z</time>
      </trkpt>
      <trkpt lat="43.831802" lon="-123.131844">
        <ele>262.0</ele>
        <time>2023-06-11T04:06:12Z</time>
      </trkpt>
      <trkpt lat="43.831779" lon="-123.131721">
        <ele>261.7</ele>
        <time>2023-06-11T04:06:13Z</time>
      </trkpt>
      <trkpt lat="43.831703" lon="-123.131493">
        <ele>261.6</ele>
        <time>2023-06-11T04:06:15Z</time>
      </trkpt>
      <trkpt lat="43.831654" lon="-123.131393">
        <ele>261.4</ele>
        <time>2023-06-11T04:06:16Z</time>
      </trkpt>
      <trkpt lat="43.831596" lon="-123.131302">
        <ele>261.0</ele>
        <time>2023-06-11T04:06:17Z</time>
      </trkpt>
      <trkpt lat="43.831306" lon="-123.130974">
        <ele>260.2</ele>
        <time>2023-06-11T04:06:21Z</time>
      </trkpt>
      <trkpt lat="43.831028" lon="-123.130592">
        <ele>259.2</ele>
        <time>2023-06-11T04:06:25Z</time>
      </trkpt>
      <trkpt lat="43.830799" lon="-123.130318">
        <ele>258.4</ele>
        <time>2023-06-11T04:06:28Z</time>
      </trkpt>
      <trkpt lat="43.830719" lon="-123.130241">
        <ele>258.0</ele>
        <time>2023-06-11T04:06:29Z</time>
      </trkpt>
      <trkpt lat="43.830551" lon="-123.130127">
        <ele>257.0</ele>
        <time>2023-06-11T04:06:31Z</time>
      </trkpt>
      <trkpt lat="43.830371" lon="-123.130058">
        <ele>256.0</ele>
        <time>2023-06-11T04:06:33Z</time>
      </trkpt>
      <trkpt lat="43.83012" lon="-123.130013">
        <ele>254.7</ele>
        <time>2023-06-11T04:06:36Z</time>
      </trkpt>
      <trkpt lat="43.829163" lon="-123.130043">
        <ele>254.7</ele>
        <time>2023-06-11T04:06:49Z</time>
      </trkpt>
      <trkpt lat="43.826817" lon="-123.130058">
        <ele>254.7</ele>
        <time>2023-06-11T04:07:24Z</time>
      </trkpt>
      <trkpt lat="43.825989" lon="-123.130074">
        <ele>256.4</ele>
        <time>2023-06-11T04:07:41Z</time>
      </trkpt>
      <trkpt lat="43.825638" lon="-123.130096">
        <ele>258.7</ele>
        <time>2023-06-11T04:07:51Z</time>
      </trkpt>
      <trkpt lat="43.825165" lon="-123.130066">
        <ele>260.0</ele>
        <time>2023-06-11T04:08:05Z</time>
      </trkpt>
      <trkpt lat="43.824799" lon="-123.129982">
        <ele>261.6</ele>
        <time>2023-06-11T04:08:16Z</time>
      </trkpt>
      <trkpt lat="43.824608" lon="-123.12989">
        <ele>262.2</ele>
        <time>2023-06-11T04:08:23Z</time>
      </trkpt>
      <trkpt lat="43.824421" lon="-123.129738">
        <ele>262.7</ele>
        <time>2023-06-11T04:08:31Z</time>
      </trkpt>
      <trkpt lat="43.824249" lon="-123.129562">
        <ele>262.7</ele>
        <time>2023-06-11T04:08:37Z</time>
      </trkpt>
      <trkpt lat="43.824001" lon="-123.129265">
        <ele>262.4</ele>
        <time>2023-06-11T04:08:46Z</time>
      </trkpt>
      <trkpt lat="43.823471" lon="-123.128502">
        <ele>261.4</ele>
        <time>2023-06-11T04:09:01Z</time>
      </trkpt>
      <trkpt lat="43.822723" lon="-123.127365">
        <ele>256.6</ele>
        <time>2023-06-11T04:09:14Z</time>
      </trkpt>
      <trkpt lat="43.822598" lon="-123.127129">
        <ele>255.4</ele>
        <time>2023-06-11T04:09:16Z</time>
      </trkpt>
      <trkpt lat="43.822548" lon="-123.126999">
        <ele>255.0</ele>
        <time>2023-06-11T04:09:17Z</time>
      </trkpt>
      <trkpt lat="43.822502" lon="-123.126862">
        <ele>254.4</ele>
        <time>2023-06-11T04:09:18Z</time>
      </trkpt>
      <trkpt lat="43.822437" lon="-123.126564">
        <ele>253.2</ele>
        <time>2023-06-11T04:09:20Z</time>
      </trkpt>
      <trkpt lat="43.822399" lon="-123.126266">
        <ele>251.7</ele>
        <time>2023-06-11T04:09:22Z</time>
      </trkpt>
      <trkpt lat="43.822384" lon="-123.125679">
        <ele>249.0</ele>
        <time>2023-06-11T04:09:26Z</time>
      </trkpt>
      <trkpt lat="43.822353" lon="-123.120026">
        <ele>244.4</ele>
        <time>2023-06-11T04:10:22Z</time>
      </trkpt>
      <trkpt lat="43.822308" lon="-123.119247">
        <ele>244.2</ele>
        <time>2023-06-11T04:10:31Z</time>
      </trkpt>
      <trkpt lat="43.822224" lon="-123.118759">
        <ele>243.7</ele>
        <time>2023-06-11T04:10:37Z</time>
      </trkpt>
      <trkpt lat="43.822163" lon="-123.118515">
        <ele>243.6</ele>
        <time>2023-06-11T04:10:40Z</time>
      </trkpt>
      <trkpt lat="43.821968" lon="-123.117981">
        <ele>243.4</ele>
        <time>2023-06-11T04:10:47Z</time>
      </trkpt>
      <trkpt lat="43.821678" lon="-123.117485">
        <ele>243.4</ele>
        <time>2023-06-11T04:10:55Z</time>
      </trkpt>
      <trkpt lat="43.821247" lon="-123.116875">
        <ele>243.2</ele>
        <time>2023-06-11T04:11:05Z</time>
      </trkpt>
      <trkpt lat="43.820824" lon="-123.116371">
        <ele>243.2</ele>
        <time>2023-06-11T04:11:14Z</time>
      </trkpt>
      <trkpt lat="43.82045" lon="-123.11599">
        <ele>242.7</ele>
        <time>2023-06-11T04:11:22Z</time>
      </trkpt>
      <trkpt lat="43.820023" lon="-123.115501">
        <ele>242.6</ele>
        <time>2023-06-11T04:11:31Z</time>
      </trkpt>
      <trkpt lat="43.818748" lon="-123.113701">
        <ele>241.4</ele>
        <time>2023-06-11T04:11:58Z</time>
      </trkpt>
      <trkpt lat="43.818439" lon="-123.113205">
        <ele>241.0</ele>
        <time>2023-06-11T04:12:05Z</time>
      </trkpt>
      <trkpt lat="43.817856" lon="-123.111832">
        <ele>240.4</ele>
        <time>2023-06-11T04:12:22Z</time>
      </trkpt>
      <trkpt lat="43.817608" lon="-123.111496">
        <ele>239.6</ele>
        <time>2023-06-11T04:12:27Z</time>
      </trkpt>
      <trkpt lat="43.817108" lon="-123.110893">
        <ele>239.2</ele>
        <time>2023-06-11T04:12:37Z</time>
      </trkpt>
      <trkpt lat="43.816837" lon="-123.110527">
        <ele>239.6</ele>
        <time>2023-06-11T04:12:45Z</time>
      </trkpt>
      <trkpt lat="43.816204" lon="-123.10936">
        <ele>242.6</ele>
        <time>2023-06-11T04:13:07Z</time>
      </trkpt>
      <trkpt lat="43.815886" lon="-123.108704">
        <ele>242.6</ele>
        <time>2023-06-11T04:13:16Z</time>
      </trkpt>
      <trkpt lat="43.815388" lon="-123.10775">
        <ele>239.6</ele>
        <time>2023-06-11T04:13:28Z</time>
      </trkpt>
      <trkpt lat="43.81509" lon="-123.107277">
        <ele>238.6</ele>
        <time>2023-06-11T04:13:34Z</time>
      </trkpt>
      <trkpt lat="43.814903" lon="-123.107079">
        <ele>237.6</ele>
        <time>2023-06-11T04:13:37Z</time>
      </trkpt>
      <trkpt lat="43.814648" lon="-123.106895">
        <ele>236.6</ele>
        <time>2023-06-11T04:13:41Z</time>
      </trkpt>
      <trkpt lat="43.814514" lon="-123.106827">
        <ele>236.4</ele>
        <time>2023-06-11T04:13:43Z</time>
      </trkpt>
      <trkpt lat="43.814312" lon="-123.106758">
        <ele>236.4</ele>
        <time>2023-06-11T04:13:46Z</time>
      </trkpt>
      <trkpt lat="43.813553" lon="-123.106567">
        <ele>236.4</ele>
        <time>2023-06-11T04:13:58Z</time>
      </trkpt>
      <trkpt lat="43.813148" lon="-123.10643">
        <ele>236.7</ele>
        <time>2023-06-11T04:14:05Z</time>
      </trkpt>
      <trkpt lat="43.81271" lon="-123.106415">
        <ele>237.0</ele>
        <time>2023-06-11T04:14:12Z</time>
      </trkpt>
      <trkpt lat="43.811108" lon="-123.10656">
        <ele>237.4</ele>
        <time>2023-06-11T04:14:41Z</time>
      </trkpt>
      <trkpt lat="43.810665" lon="-123.106567">
        <ele>238.6</ele>
        <time>2023-06-11T04:14:51Z</time>
      </trkpt>
      <trkpt lat="43.810577" lon="-123.10656">
        <ele>238.7</ele>
        <time>2023-06-11T04:14:53Z</time>
      </trkpt>
      <trkpt lat="43.810455" lon="-123.106514">
        <ele>239.0</ele>
        <time>2023-06-11T04:14:56Z</time>
      </trkpt>
      <trkpt lat="43.810242" lon="-123.106392">
        <ele>239.4</ele>
        <time>2023-06-11T04:15:01Z</time>
      </trkpt>
      <trkpt lat="43.809978" lon="-123.10614">
        <ele>239.4</ele>
        <time>2023-06-11T04:15:07Z</time>
      </trkpt>
      <trkpt lat="43.809429" lon="-123.105324">
        <ele>239.2</ele>
        <time>2023-06-11T04:15:20Z</time>
      </trkpt>
      <trkpt lat="43.8092" lon="-123.104942">
        <ele>238.6</ele>
        <time>2023-06-11T04:15:25Z</time>
      </trkpt>
      <trkpt lat="43.808796" lon="-123.104324">
        <ele>237.0</ele>
        <time>2023-06-11T04:15:32Z</time>
      </trkpt>
      <trkpt lat="43.80867" lon="-123.104149">
        <ele>236.2</ele>
        <time>2023-06-11T04:15:34Z</time>
      </trkpt>
      <trkpt lat="43.808449" lon="-123.10392">
        <ele>234.7</ele>
        <time>2023-06-11T04:15:37Z</time>
      </trkpt>
      <trkpt lat="43.80827" lon="-123.103806">
        <ele>233.7</ele>
        <time>2023-06-11T04:15:39Z</time>
      </trkpt>
      <trkpt lat="43.808117" lon="-123.10376">
        <ele>233.0</ele>
        <time>2023-06-11T04:15:41Z</time>
      </trkpt>
      <trkpt lat="43.807957" lon="-123.103729">
        <ele>232.2</ele>
        <time>2023-06-11T04:15:43Z</time>
      </trkpt>
      <trkpt lat="43.807568" lon="-123.103737">
        <ele>231.2</ele>
        <time>2023-06-11T04:15:48Z</time>
      </trkpt>
      <trkpt lat="43.80735" lon="-123.103699">
        <ele>230.7</ele>
        <time>2023-06-11T04:15:51Z</time>
      </trkpt>
      <trkpt lat="43.806957" lon="-123.103523">
        <ele>230.6</ele>
        <time>2023-06-11T04:15:57Z</time>
      </trkpt>
      <trkpt lat="43.806526" lon="-123.103165">
        <ele>230.4</ele>
        <time>2023-06-11T04:16:04Z</time>
      </trkpt>
      <trkpt lat="43.806171" lon="-123.102806">
        <ele>230.2</ele>
        <time>2023-06-11T04:16:11Z</time>
      </trkpt>
      <trkpt lat="43.806019" lon="-123.102585">
        <ele>230.2</ele>
        <time>2023-06-11T04:16:15Z</time>
      </trkpt>
      <trkpt lat="43.805904" lon="-123.102249">
        <ele>230.2</ele>
        <time>2023-06-11T04:16:20Z</time>
      </trkpt>
      <trkpt lat="43.805859" lon="-123.101952">
        <ele>230.4</ele>
        <time>2023-06-11T04:16:24Z</time>
      </trkpt>
      <trkpt lat="43.805805" lon="-123.100861">
        <ele>230.2</ele>
        <time>2023-06-11T04:16:38Z</time>
      </trkpt>
      <trkpt lat="43.805756" lon="-123.100471">
        <ele>230.2</ele>
        <time>2023-06-11T04:16:43Z</time>
      </trkpt>
      <trkpt lat="43.805701" lon="-123.100235">
        <ele>230.0</ele>
        <time>2023-06-11T04:16:46Z</time>
      </trkpt>
      <trkpt lat="43.805611" lon="-123.100029">
        <ele>230.0</ele>
        <time>2023-06-11T04:16:49Z</time>
      </trkpt>
      <trkpt lat="43.805294" lon="-123.099648">
        <ele>229.4</ele>
        <time>2023-06-11T04:16:56Z</time>
      </trkpt>
      <trkpt lat="43.805119" lon="-123.099541">
        <ele>229.2</ele>
        <time>2023-06-11T04:16:59Z</time>
      </trkpt>
      <trkpt lat="43.804562" lon="-123.099358">
        <ele>228.7</ele>
        <time>2023-06-11T04:17:08Z</time>
      </trkpt>
      <trkpt lat="43.804279" lon="-123.099121">
        <ele>228.6</ele>
        <time>2023-06-11T04:17:13Z</time>
      </trkpt>
      <trkpt lat="43.804119" lon="-123.098938">
        <ele>228.6</ele>
        <time>2023-06-11T04:17:16Z</time>
      </trkpt>
      <trkpt lat="43.803989" lon="-123.098717">
        <ele>228.4</ele>
        <time>2023-06-11T04:17:19Z</time>
      </trkpt>
      <trkpt lat="43.803719" lon="-123.097923">
        <ele>228.2</ele>
        <time>2023-06-11T04:17:28Z</time>
      </trkpt>
      <trkpt lat="43.8036" lon="-123.097679">
        <ele>227.7</ele>
        <time>2023-06-11T04:17:31Z</time>
      </trkpt>
      <trkpt lat="43.802608" lon="-123.095749">
        <ele>226.2</ele>
        <time>2023-06-11T04:17:57Z</time>
      </trkpt>
      <trkpt lat="43.801952" lon="-123.094551">
        <ele>226.2</ele>
        <time>2023-06-11T04:18:15Z</time>
      </trkpt>
      <trkpt lat="43.800522" lon="-123.091759">
        <ele>225.0</ele>
        <time>2023-06-11T04:18:57Z</time>
      </trkpt>
      <trkpt lat="43.79924" lon="-123.089371">
        <ele>223.6</ele>
        <time>2023-06-11T04:19:33Z</time>
      </trkpt>
      <trkpt lat="43.799015" lon="-123.088882">
        <ele>223.7</ele>
        <time>2023-06-11T04:19:40Z</time>
      </trkpt>
      <trkpt lat="43.79845" lon="-123.086998">
        <ele>223.2</ele>
        <time>2023-06-11T04:20:05Z</time>
      </trkpt>
      <trkpt lat="43.797714" lon="-123.084435">
        <ele>224.0</ele>
        <time>2023-06-11T04:20:43Z</time>
      </trkpt>
      <trkpt lat="43.797576" lon="-123.084038">
        <ele>224.0</ele>
        <time>2023-06-11T04:20:48Z</time>
      </trkpt>
      <trkpt lat="43.797371" lon="-123.083565">
        <ele>223.2</ele>
        <time>2023-06-11T04:20:54Z</time>
      </trkpt>
      <trkpt lat="43.797237" lon="-123.083351">
        <ele>222.6</ele>
        <time>2023-06-11T04:20:57Z</time>
      </trkpt>
      <trkpt lat="43.796642" lon="-123.082504">
        <ele>221.2</ele>
        <time>2023-06-11T04:21:11Z</time>
      </trkpt>
      <trkpt lat="43.796497" lon="-123.082237">
        <ele>221.0</ele>
        <time>2023-06-11T04:21:15Z</time>
      </trkpt>
      <trkpt lat="43.796413" lon="-123.082008">
        <ele>221.0</ele>
        <time>2023-06-11T04:21:18Z</time>
      </trkpt>
      <trkpt lat="43.796349" lon="-123.081512">
        <ele>220.7</ele>
        <time>2023-06-11T04:21:24Z</time>
      </trkpt>
      <trkpt lat="43.796394" lon="-123.081032">
        <ele>221.0</ele>
        <time>2023-06-11T04:21:30Z</time>
      </trkpt>
      <trkpt lat="43.796543" lon="-123.080528">
        <ele>220.7</ele>
        <time>2023-06-11T04:21:37Z</time>
      </trkpt>
      <trkpt lat="43.797421" lon="-123.078339">
        <ele>219.4</ele>
        <time>2023-06-11T04:22:07Z</time>
      </trkpt>
      <trkpt lat="43.797512" lon="-123.078026">
        <ele>219.2</ele>
        <time>2023-06-11T04:22:11Z</time>
      </trkpt>
      <trkpt lat="43.797558" lon="-123.077469">
        <ele>219.2</ele>
        <time>2023-06-11T04:22:18Z</time>
      </trkpt>
      <trkpt lat="43.79755" lon="-123.076347">
        <ele>218.6</ele>
        <time>2023-06-11T04:22:32Z</time>
      </trkpt>
      <trkpt lat="43.797562" lon="-123.075829">
        <ele>218.4</ele>
        <time>2023-06-11T04:22:39Z</time>
      </trkpt>
      <trkpt lat="43.797646" lon="-123.075302">
        <ele>218.4</ele>
        <time>2023-06-11T04:22:46Z</time>
      </trkpt>
      <trkpt lat="43.797626" lon="-123.071915">
        <ele>217.4</ele>
        <time>2023-06-11T04:23:29Z</time>
      </trkpt>
      <trkpt lat="43.797638" lon="-123.070358">
        <ele>217.0</ele>
        <time>2023-06-11T04:23:49Z</time>
      </trkpt>
      <trkpt lat="43.7976" lon="-123.066093">
        <ele>216.4</ele>
        <time>2023-06-11T04:24:44Z</time>
      </trkpt>
      <trkpt lat="43.797585" lon="-123.065796">
        <ele>216.4</ele>
        <time>2023-06-11T04:24:48Z</time>
      </trkpt>
      <trkpt lat="43.797562" lon="-123.065651">
        <ele>216.4</ele>
        <time>2023-06-11T04:24:50Z</time>
      </trkpt>
      <trkpt lat="43.797306" lon="-123.064606">
        <ele>216.4</ele>
        <time>2023-06-11T04:25:06Z</time>
      </trkpt>
      <trkpt lat="43.797264" lon="-123.064079">
        <ele>216.6</ele>
        <time>2023-06-11T04:25:15Z</time>
      </trkpt>
      <trkpt lat="43.797256" lon="-123.063019">
        <ele>216.6</ele>
        <time>2023-06-11T04:25:35Z</time>
      </trkpt>
      <trkpt lat="43.797279" lon="-123.062645">
        <ele>216.6</ele>
        <time>2023-06-11T04:25:42Z</time>
      </trkpt>
      <trkpt lat="43.797275" lon="-123.062225">
        <ele>216.4</ele>
        <time>2023-06-11T04:25:49Z</time>
      </trkpt>
      <trkpt lat="43.797253" lon="-123.061905">
        <ele>216.2</ele>
        <time>2023-06-11T04:25:55Z</time>
      </trkpt>
      <trkpt lat="43.797268" lon="-123.060326">
        <ele>216.0</ele>
        <time>2023-06-11T04:26:18Z</time>
      </trkpt>
      <trkpt lat="43.797244" lon="-123.059937">
        <ele>215.7</ele>
        <time>2023-06-11T04:26:23Z</time>
      </trkpt>
      <trkpt lat="43.797237" lon="-123.059341">
        <ele>216.2</ele>
        <time>2023-06-11T04:26:51Z</time>
      </trkpt>
      <trkpt lat="43.797207" lon="-123.059059">
        <ele>216.2</ele>
        <time>2023-06-11T04:26:59Z</time>
      </trkpt>
      <trkpt lat="43.797092" lon="-123.058937">
        <ele>216.2</ele>
        <time>2023-06-11T04:27:04Z</time>
      </trkpt>
      <trkpt lat="43.796954" lon="-123.058868">
        <ele>216.6</ele>
        <time>2023-06-11T04:27:19Z</time>
      </trkpt>
      <trkpt lat="43.797043" lon="-123.058838">
        <ele>216.2</ele>
        <time>2023-06-11T04:29:58Z</time>
      </trkpt>
      <trkpt lat="43.797211" lon="-123.058647">
        <ele>216.2</ele>
        <time>2023-06-11T04:30:05Z</time>
      </trkpt>
      <trkpt lat="43.797256" lon="-123.058029">
        <ele>216.4</ele>
        <time>2023-06-11T04:30:18Z</time>
      </trkpt>
      <trkpt lat="43.797306" lon="-123.057892">
        <ele>216.2</ele>
        <time>2023-06-11T04:30:21Z</time>
      </trkpt>
      <trkpt lat="43.797469" lon="-123.057823">
        <ele>216.2</ele>
        <time>2023-06-11T04:30:26Z</time>
      </trkpt>
      <trkpt lat="43.797726" lon="-123.057602">
        <ele>215.6</ele>
        <time>2023-06-11T04:30:33Z</time>
      </trkpt>
      <trkpt lat="43.797794" lon="-123.057503">
        <ele>215.4</ele>
        <time>2023-06-11T04:30:35Z</time>
      </trkpt>
      <trkpt lat="43.797993" lon="-123.056892">
        <ele>215.4</ele>
        <time>2023-06-11T04:30:45Z</time>
      </trkpt>
      <trkpt lat="43.798267" lon="-123.056427">
        <ele>215.0</ele>
        <time>2023-06-11T04:30:53Z</time>
      </trkpt>
      <trkpt lat="43.79853" lon="-123.05587">
        <ele>215.0</ele>
        <time>2023-06-11T04:31:02Z</time>
      </trkpt>
      <trkpt lat="43.798679" lon="-123.055367">
        <ele>215.0</ele>
        <time>2023-06-11T04:31:10Z</time>
      </trkpt>
      <trkpt lat="43.798782" lon="-123.05468">
        <ele>215.0</ele>
        <time>2023-06-11T04:31:20Z</time>
      </trkpt>
      <trkpt lat="43.798908" lon="-123.053589">
        <ele>215.6</ele>
        <time>2023-06-11T04:31:37Z</time>
      </trkpt>
      <trkpt lat="43.799248" lon="-123.051384">
        <ele>215.4</ele>
        <time>2023-06-11T04:32:10Z</time>
      </trkpt>
      <trkpt lat="43.79924" lon="-123.051361">
        <ele>215.4</ele>
        <time>2023-06-11T04:32:13Z</time>
      </trkpt>
      <trkpt lat="43.799328" lon="-123.051094">
        <ele>215.6</ele>
        <time>2023-06-11T04:32:21Z</time>
      </trkpt>
      <trkpt lat="43.799377" lon="-123.050682">
        <ele>215.6</ele>
        <time>2023-06-11T04:32:28Z</time>
      </trkpt>
      <trkpt lat="43.799591" lon="-123.049309">
        <ele>215.0</ele>
        <time>2023-06-11T04:32:49Z</time>
      </trkpt>
      <trkpt lat="43.799801" lon="-123.047699">
        <ele>215.2</ele>
        <time>2023-06-11T04:33:16Z</time>
      </trkpt>
      <trkpt lat="43.799847" lon="-123.047043">
        <ele>214.6</ele>
        <time>2023-06-11T04:33:25Z</time>
      </trkpt>
      <trkpt lat="43.799847" lon="-123.046478">
        <ele>214.6</ele>
        <time>2023-06-11T04:33:33Z</time>
      </trkpt>
      <trkpt lat="43.799767" lon="-123.04512">
        <ele>215.0</ele>
        <time>2023-06-11T04:33:52Z</time>
      </trkpt>
      <trkpt lat="43.799484" lon="-123.0438">
        <ele>214.6</ele>
        <time>2023-06-11T04:34:10Z</time>
      </trkpt>
      <trkpt lat="43.799328" lon="-123.043274">
        <ele>214.6</ele>
        <time>2023-06-11T04:34:18Z</time>
      </trkpt>
      <trkpt lat="43.799057" lon="-123.042542">
        <ele>215.0</ele>
        <time>2023-06-11T04:34:29Z</time>
      </trkpt>
      <trkpt lat="43.798729" lon="-123.041862">
        <ele>215.0</ele>
        <time>2023-06-11T04:34:40Z</time>
      </trkpt>
      <trkpt lat="43.798309" lon="-123.04113">
        <ele>215.0</ele>
        <time>2023-06-11T04:34:53Z</time>
      </trkpt>
      <trkpt lat="43.797866" lon="-123.040489">
        <ele>215.4</ele>
        <time>2023-06-11T04:35:09Z</time>
      </trkpt>
      <trkpt lat="43.797728" lon="-123.040207">
        <ele>215.4</ele>
        <time>2023-06-11T04:35:14Z</time>
      </trkpt>
      <trkpt lat="43.796841" lon="-123.038788">
        <ele>215.4</ele>
        <time>2023-06-11T04:35:40Z</time>
      </trkpt>
      <trkpt lat="43.796165" lon="-123.037666">
        <ele>215.6</ele>
        <time>2023-06-11T04:36:01Z</time>
      </trkpt>
      <trkpt lat="43.795547" lon="-123.036682">
        <ele>215.7</ele>
        <time>2023-06-11T04:36:20Z</time>
      </trkpt>
      <trkpt lat="43.795353" lon="-123.036407">
        <ele>216.0</ele>
        <time>2023-06-11T04:36:27Z</time>
      </trkpt>
      <trkpt lat="43.794666" lon="-123.035675">
        <ele>216.7</ele>
        <time>2023-06-11T04:36:46Z</time>
      </trkpt>
      <trkpt lat="43.794338" lon="-123.035385">
        <ele>216.7</ele>
        <time>2023-06-11T04:36:54Z</time>
      </trkpt>
      <trkpt lat="43.793736" lon="-123.034927">
        <ele>217.2</ele>
        <time>2023-06-11T04:37:08Z</time>
      </trkpt>
      <trkpt lat="43.792255" lon="-123.033859">
        <ele>218.0</ele>
        <time>2023-06-11T04:37:43Z</time>
      </trkpt>
      <trkpt lat="43.791962" lon="-123.033676">
        <ele>218.2</ele>
        <time>2023-06-11T04:37:51Z</time>
      </trkpt>
      <trkpt lat="43.791728" lon="-123.033501">
        <ele>218.2</ele>
        <time>2023-06-11T04:37:56Z</time>
      </trkpt>
      <trkpt lat="43.791519" lon="-123.033379">
        <ele>218.4</ele>
        <time>2023-06-11T04:38:01Z</time>
      </trkpt>
      <trkpt lat="43.791111" lon="-123.033089">
        <ele>218.6</ele>
        <time>2023-06-11T04:38:10Z</time>
      </trkpt>
      <trkpt lat="43.790535" lon="-123.032661">
        <ele>218.4</ele>
        <time>2023-06-11T04:38:26Z</time>
      </trkpt>
      <trkpt lat="43.790451" lon="-123.032578">
        <ele>218.6</ele>
        <time>2023-06-11T04:38:29Z</time>
      </trkpt>
      <trkpt lat="43.790436" lon="-123.032532">
        <ele>218.6</ele>
        <time>2023-06-11T04:38:30Z</time>
      </trkpt>
      <trkpt lat="43.790439" lon="-123.03241">
        <ele>218.6</ele>
        <time>2023-06-11T04:38:32Z</time>
      </trkpt>
      <trkpt lat="43.790459" lon="-123.032372">
        <ele>218.6</ele>
        <time>2023-06-11T04:38:33Z</time>
      </trkpt>
      <trkpt lat="43.790615" lon="-123.032188">
        <ele>218.7</ele>
        <time>2023-06-11T04:38:38Z</time>
      </trkpt>
      <trkpt lat="43.790691" lon="-123.032135">
        <ele>218.7</ele>
        <time>2023-06-11T04:38:40Z</time>
      </trkpt>
      <trkpt lat="43.790954" lon="-123.031868">
        <ele>219.0</ele>
        <time>2023-06-11T04:38:48Z</time>
      </trkpt>
      <trkpt lat="43.790993" lon="-123.031754">
        <ele>219.0</ele>
        <time>2023-06-11T04:38:50Z</time>
      </trkpt>
      <trkpt lat="43.790977" lon="-123.031647">
        <ele>219.0</ele>
        <time>2023-06-11T04:38:52Z</time>
      </trkpt>
      <trkpt lat="43.790794" lon="-123.03112">
        <ele>219.2</ele>
        <time>2023-06-11T04:39:00Z</time>
      </trkpt>
      <trkpt lat="43.790474" lon="-123.029877">
        <ele>218.7</ele>
        <time>2023-06-11T04:39:19Z</time>
      </trkpt>
      <trkpt lat="43.78994" lon="-123.027664">
        <ele>219.0</ele>
        <time>2023-06-11T04:39:51Z</time>
      </trkpt>
      <trkpt lat="43.789505" lon="-123.026062">
        <ele>219.7</ele>
        <time>2023-06-11T04:40:17Z</time>
      </trkpt>
      <trkpt lat="43.78928" lon="-123.025337">
        <ele>220.4</ele>
        <time>2023-06-11T04:40:30Z</time>
      </trkpt>
      <trkpt lat="43.789119" lon="-123.024673">
        <ele>221.6</ele>
        <time>2023-06-11T04:40:42Z</time>
      </trkpt>
      <trkpt lat="43.789055" lon="-123.024292">
        <ele>221.7</ele>
        <time>2023-06-11T04:40:48Z</time>
      </trkpt>
      <trkpt lat="43.78904" lon="-123.024017">
        <ele>221.7</ele>
        <time>2023-06-11T04:40:52Z</time>
      </trkpt>
      <trkpt lat="43.789046" lon="-123.023949">
        <ele>221.7</ele>
        <time>2023-06-11T04:40:53Z</time>
      </trkpt>
      <trkpt lat="43.789188" lon="-123.023521">
        <ele>221.7</ele>
        <time>2023-06-11T04:40:59Z</time>
      </trkpt>
      <trkpt lat="43.789246" lon="-123.023438">
        <ele>221.6</ele>
        <time>2023-06-11T04:41:01Z</time>
      </trkpt>
      <trkpt lat="43.789345" lon="-123.023376">
        <ele>220.7</ele>
        <time>2023-06-11T04:41:04Z</time>
      </trkpt>
      <trkpt lat="43.78949" lon="-123.023376">
        <ele>220.4</ele>
        <time>2023-06-11T04:41:25Z</time>
      </trkpt>
      <trkpt lat="43.789524" lon="-123.023323">
        <ele>220.4</ele>
        <time>2023-06-11T04:41:27Z</time>
      </trkpt>
      <trkpt lat="43.789616" lon="-123.023254">
        <ele>220.4</ele>
        <time>2023-06-11T04:41:31Z</time>
      </trkpt>
      <trkpt lat="43.789707" lon="-123.023277">
        <ele>220.2</ele>
        <time>2023-06-11T04:41:39Z</time>
      </trkpt>
      <trkpt lat="43.78986" lon="-123.023285">
        <ele>220.2</ele>
        <time>2023-06-11T04:41:43Z</time>
      </trkpt>
      <trkpt lat="43.790558" lon="-123.023224">
        <ele>220.0</ele>
        <time>2023-06-11T04:41:57Z</time>
      </trkpt>
      <trkpt lat="43.791599" lon="-123.023041">
        <ele>219.4</ele>
        <time>2023-06-11T04:42:15Z</time>
      </trkpt>
      <trkpt lat="43.791996" lon="-123.023033">
        <ele>219.2</ele>
        <time>2023-06-11T04:42:22Z</time>
      </trkpt>
      <trkpt lat="43.792412" lon="-123.023125">
        <ele>218.7</ele>
        <time>2023-06-11T04:42:29Z</time>
      </trkpt>
      <trkpt lat="43.792758" lon="-123.023338">
        <ele>218.6</ele>
        <time>2023-06-11T04:42:36Z</time>
      </trkpt>
      <trkpt lat="43.793564" lon="-123.024246">
        <ele>218.6</ele>
        <time>2023-06-11T04:42:54Z</time>
      </trkpt>
      <trkpt lat="43.79372" lon="-123.024353">
        <ele>218.6</ele>
        <time>2023-06-11T04:42:57Z</time>
      </trkpt>
      <trkpt lat="43.793926" lon="-123.024467">
        <ele>218.4</ele>
        <time>2023-06-11T04:43:01Z</time>
      </trkpt>
      <trkpt lat="43.79409" lon="-123.024506">
        <ele>218.4</ele>
        <time>2023-06-11T04:43:04Z</time>
      </trkpt>
      <trkpt lat="43.794449" lon="-123.02449">
        <ele>218.2</ele>
        <time>2023-06-11T04:43:10Z</time>
      </trkpt>
      <trkpt lat="43.796078" lon="-123.024483">
        <ele>217.7</ele>
        <time>2023-06-11T04:43:38Z</time>
      </trkpt>
      <trkpt lat="43.796238" lon="-123.024467">
        <ele>217.6</ele>
        <time>2023-06-11T04:43:41Z</time>
      </trkpt>
      <trkpt lat="43.798435" lon="-123.024467">
        <ele>217.7</ele>
        <time>2023-06-11T04:44:20Z</time>
      </trkpt>
      <trkpt lat="43.799273" lon="-123.024452">
        <ele>218.0</ele>
        <time>2023-06-11T04:44:35Z</time>
      </trkpt>
      <trkpt lat="43.799625" lon="-123.024483">
        <ele>217.6</ele>
        <time>2023-06-11T04:44:41Z</time>
      </trkpt>
      <trkpt lat="43.800095" lon="-123.024475">
        <ele>216.7</ele>
        <time>2023-06-11T04:44:49Z</time>
      </trkpt>
      <trkpt lat="43.800583" lon="-123.024323">
        <ele>216.7</ele>
        <time>2023-06-11T04:44:58Z</time>
      </trkpt>
      <trkpt lat="43.801025" lon="-123.024277">
        <ele>217.2</ele>
        <time>2023-06-11T04:45:06Z</time>
      </trkpt>
      <trkpt lat="43.801426" lon="-123.024406">
        <ele>217.6</ele>
        <time>2023-06-11T04:45:13Z</time>
      </trkpt>
      <trkpt lat="43.801788" lon="-123.024635">
        <ele>218.4</ele>
        <time>2023-06-11T04:45:23Z</time>
      </trkpt>
      <trkpt lat="43.802071" lon="-123.024895">
        <ele>221.6</ele>
        <time>2023-06-11T04:45:35Z</time>
      </trkpt>
      <trkpt lat="43.802245" lon="-123.025101">
        <ele>223.7</ele>
        <time>2023-06-11T04:45:44Z</time>
      </trkpt>
      <trkpt lat="43.802345" lon="-123.025246">
        <ele>225.0</ele>
        <time>2023-06-11T04:45:49Z</time>
      </trkpt>
      <trkpt lat="43.802791" lon="-123.026047">
        <ele>227.4</ele>
        <time>2023-06-11T04:46:12Z</time>
      </trkpt>
      <trkpt lat="43.803444" lon="-123.026993">
        <ele>226.0</ele>
        <time>2023-06-11T04:46:32Z</time>
      </trkpt>
      <trkpt lat="43.803982" lon="-123.027855">
        <ele>225.4</ele>
        <time>2023-06-11T04:46:46Z</time>
      </trkpt>
      <trkpt lat="43.80415" lon="-123.028099">
        <ele>224.6</ele>
        <time>2023-06-11T04:46:49Z</time>
      </trkpt>
      <trkpt lat="43.804371" lon="-123.02832">
        <ele>223.6</ele>
        <time>2023-06-11T04:46:52Z</time>
      </trkpt>
      <trkpt lat="43.804615" lon="-123.028519">
        <ele>222.0</ele>
        <time>2023-06-11T04:46:55Z</time>
      </trkpt>
      <trkpt lat="43.805634" lon="-123.029305">
        <ele>214.6</ele>
        <time>2023-06-11T04:47:07Z</time>
      </trkpt>
      <trkpt lat="43.805957" lon="-123.029633">
        <ele>213.7</ele>
        <time>2023-06-11T04:47:12Z</time>
      </trkpt>
      <trkpt lat="43.806541" lon="-123.030388">
        <ele>214.0</ele>
        <time>2023-06-11T04:47:24Z</time>
      </trkpt>
      <trkpt lat="43.806976" lon="-123.030823">
        <ele>214.0</ele>
        <time>2023-06-11T04:47:32Z</time>
      </trkpt>
      <trkpt lat="43.807442" lon="-123.031158">
        <ele>213.6</ele>
        <time>2023-06-11T04:47:40Z</time>
      </trkpt>
      <trkpt lat="43.807819" lon="-123.031273">
        <ele>213.3</ele>
        <time>2023-06-11T04:47:46Z</time>
      </trkpt>
      <trkpt lat="43.808243" lon="-123.031296">
        <ele>213.3</ele>
        <time>2023-06-11T04:47:53Z</time>
      </trkpt>
      <trkpt lat="43.808651" lon="-123.031349">
        <ele>213.2</ele>
        <time>2023-06-11T04:48:00Z</time>
      </trkpt>
      <trkpt lat="43.809834" lon="-123.031708">
        <ele>212.6</ele>
        <time>2023-06-11T04:48:19Z</time>
      </trkpt>
      <trkpt lat="43.810341" lon="-123.031822">
        <ele>212.6</ele>
        <time>2023-06-11T04:48:28Z</time>
      </trkpt>
      <trkpt lat="43.811324" lon="-123.031921">
        <ele>214.2</ele>
        <time>2023-06-11T04:48:46Z</time>
      </trkpt>
      <trkpt lat="43.811732" lon="-123.031883">
        <ele>214.3</ele>
        <time>2023-06-11T04:48:53Z</time>
      </trkpt>
      <trkpt lat="43.811844" lon="-123.03183">
        <ele>214.2</ele>
        <time>2023-06-11T04:48:55Z</time>
      </trkpt>
      <trkpt lat="43.812321" lon="-123.031471">
        <ele>213.7</ele>
        <time>2023-06-11T04:49:05Z</time>
      </trkpt>
      <trkpt lat="43.812374" lon="-123.031448">
        <ele>213.7</ele>
        <time>2023-06-11T04:49:06Z</time>
      </trkpt>
      <trkpt lat="43.812655" lon="-123.031418">
        <ele>213.6</ele>
        <time>2023-06-11T04:49:11Z</time>
      </trkpt>
      <trkpt lat="43.812996" lon="-123.031509">
        <ele>213.3</ele>
        <time>2023-06-11T04:49:17Z</time>
      </trkpt>
      <trkpt lat="43.813351" lon="-123.031746">
        <ele>213.0</ele>
        <time>2023-06-11T04:49:24Z</time>
      </trkpt>
      <trkpt lat="43.81364" lon="-123.032082">
        <ele>212.3</ele>
        <time>2023-06-11T04:49:31Z</time>
      </trkpt>
      <trkpt lat="43.813972" lon="-123.032539">
        <ele>212.2</ele>
        <time>2023-06-11T04:49:40Z</time>
      </trkpt>
      <trkpt lat="43.814113" lon="-123.032928">
        <ele>212.0</ele>
        <time>2023-06-11T04:49:46Z</time>
      </trkpt>
      <trkpt lat="43.814228" lon="-123.033554">
        <ele>211.7</ele>
        <time>2023-06-11T04:49:55Z</time>
      </trkpt>
      <trkpt lat="43.814369" lon="-123.034081">
        <ele>211.7</ele>
        <time>2023-06-11T04:50:02Z</time>
      </trkpt>
      <trkpt lat="43.814499" lon="-123.034355">
        <ele>211.2</ele>
        <time>2023-06-11T04:50:06Z</time>
      </trkpt>
      <trkpt lat="43.814583" lon="-123.034454">
        <ele>211.0</ele>
        <time>2023-06-11T04:50:08Z</time>
      </trkpt>
      <trkpt lat="43.814735" lon="-123.034561">
        <ele>210.7</ele>
        <time>2023-06-11T04:50:11Z</time>
      </trkpt>
      <trkpt lat="43.814789" lon="-123.034576">
        <ele>210.7</ele>
        <time>2023-06-11T04:50:12Z</time>
      </trkpt>
      <trkpt lat="43.815188" lon="-123.034622">
        <ele>210.6</ele>
        <time>2023-06-11T04:50:19Z</time>
      </trkpt>
      <trkpt lat="43.815758" lon="-123.034622">
        <ele>210.2</ele>
        <time>2023-06-11T04:50:29Z</time>
      </trkpt>
      <trkpt lat="43.81628" lon="-123.034615">
        <ele>210.0</ele>
        <time>2023-06-11T04:50:39Z</time>
      </trkpt>
      <trkpt lat="43.81686" lon="-123.034576">
        <ele>209.7</ele>
        <time>2023-06-11T04:50:50Z</time>
      </trkpt>
      <trkpt lat="43.817131" lon="-123.034584">
        <ele>209.7</ele>
        <time>2023-06-11T04:50:55Z</time>
      </trkpt>
      <trkpt lat="43.821266" lon="-123.0345">
        <ele>207.6</ele>
        <time>2023-06-11T04:52:09Z</time>
      </trkpt>
      <trkpt lat="43.821663" lon="-123.034348">
        <ele>207.6</ele>
        <time>2023-06-11T04:52:17Z</time>
      </trkpt>
      <trkpt lat="43.822155" lon="-123.034126">
        <ele>207.3</ele>
        <time>2023-06-11T04:52:27Z</time>
      </trkpt>
      <trkpt lat="43.823414" lon="-123.033508">
        <ele>207.2</ele>
        <time>2023-06-11T04:52:53Z</time>
      </trkpt>
      <trkpt lat="43.823784" lon="-123.033348">
        <ele>207.0</ele>
        <time>2023-06-11T04:53:00Z</time>
      </trkpt>
      <trkpt lat="43.824764" lon="-123.032867">
        <ele>206.6</ele>
        <time>2023-06-11T04:53:19Z</time>
      </trkpt>
      <trkpt lat="43.825272" lon="-123.032639">
        <ele>206.3</ele>
        <time>2023-06-11T04:53:29Z</time>
      </trkpt>
      <trkpt lat="43.825672" lon="-123.032433">
        <ele>206.2</ele>
        <time>2023-06-11T04:53:37Z</time>
      </trkpt>
      <trkpt lat="43.827095" lon="-123.031761">
        <ele>205.2</ele>
        <time>2023-06-11T04:54:05Z</time>
      </trkpt>
      <trkpt lat="43.827461" lon="-123.031609">
        <ele>205.2</ele>
        <time>2023-06-11T04:54:13Z</time>
      </trkpt>
      <trkpt lat="43.82835" lon="-123.031166">
        <ele>205.2</ele>
        <time>2023-06-11T04:54:34Z</time>
      </trkpt>
      <trkpt lat="43.829014" lon="-123.030807">
        <ele>205.0</ele>
        <time>2023-06-11T04:54:49Z</time>
      </trkpt>
      <trkpt lat="43.8298" lon="-123.030258">
        <ele>205.0</ele>
        <time>2023-06-11T04:55:08Z</time>
      </trkpt>
      <trkpt lat="43.830181" lon="-123.029953">
        <ele>205.2</ele>
        <time>2023-06-11T04:55:17Z</time>
      </trkpt>
      <trkpt lat="43.83073" lon="-123.029411">
        <ele>205.2</ele>
        <time>2023-06-11T04:55:31Z</time>
      </trkpt>
      <trkpt lat="43.831264" lon="-123.028809">
        <ele>207.0</ele>
        <time>2023-06-11T04:55:51Z</time>
      </trkpt>
      <trkpt lat="43.831478" lon="-123.028641">
        <ele>208.7</ele>
        <time>2023-06-11T04:55:59Z</time>
      </trkpt>
      <trkpt lat="43.831711" lon="-123.028511">
        <ele>209.6</ele>
        <time>2023-06-11T04:56:06Z</time>
      </trkpt>
      <trkpt lat="43.832047" lon="-123.028389">
        <ele>209.6</ele>
        <time>2023-06-11T04:56:15Z</time>
      </trkpt>
      <trkpt lat="43.832321" lon="-123.028374">
        <ele>209.3</ele>
        <time>2023-06-11T04:56:21Z</time>
      </trkpt>
      <trkpt lat="43.832614" lon="-123.02832">
        <ele>209.2</ele>
        <time>2023-06-11T04:56:26Z</time>
      </trkpt>
      <trkpt lat="43.833149" lon="-123.028107">
        <ele>207.0</ele>
        <time>2023-06-11T04:56:34Z</time>
      </trkpt>
      <trkpt lat="43.834049" lon="-123.027679">
        <ele>203.6</ele>
        <time>2023-06-11T04:56:48Z</time>
      </trkpt>
      <trkpt lat="43.834988" lon="-123.027206">
        <ele>203.2</ele>
        <time>2023-06-11T04:57:04Z</time>
      </trkpt>
      <trkpt lat="43.835976" lon="-123.026764">
        <ele>202.6</ele>
        <time>2023-06-11T04:57:21Z</time>
      </trkpt>
      <trkpt lat="43.836266" lon="-123.026566">
        <ele>202.6</ele>
        <time>2023-06-11T04:57:26Z</time>
      </trkpt>
      <trkpt lat="43.836514" lon="-123.026199">
        <ele>202.3</ele>
        <time>2023-06-11T04:57:32Z</time>
      </trkpt>
      <trkpt lat="43.836578" lon="-123.02597">
        <ele>202.6</ele>
        <time>2023-06-11T04:57:35Z</time>
      </trkpt>
      <trkpt lat="43.836601" lon="-123.025795">
        <ele>202.6</ele>
        <time>2023-06-11T04:57:37Z</time>
      </trkpt>
      <trkpt lat="43.836609" lon="-123.025223">
        <ele>202.6</ele>
        <time>2023-06-11T04:57:44Z</time>
      </trkpt>
      <trkpt lat="43.836582" lon="-123.024605">
        <ele>202.6</ele>
        <time>2023-06-11T04:57:52Z</time>
      </trkpt>
      <trkpt lat="43.836559" lon="-123.022118">
        <ele>202.6</ele>
        <time>2023-06-11T04:58:24Z</time>
      </trkpt>
      <trkpt lat="43.836567" lon="-123.021553">
        <ele>204.0</ele>
        <time>2023-06-11T04:58:35Z</time>
      </trkpt>
      <trkpt lat="43.83654" lon="-123.020851">
        <ele>207.3</ele>
        <time>2023-06-11T04:58:51Z</time>
      </trkpt>
      <trkpt lat="43.836555" lon="-123.019951">
        <ele>209.0</ele>
        <time>2023-06-11T04:59:11Z</time>
      </trkpt>
      <trkpt lat="43.836651" lon="-123.019745">
        <ele>209.3</ele>
        <time>2023-06-11T04:59:16Z</time>
      </trkpt>
      <trkpt lat="43.836864" lon="-123.019608">
        <ele>209.7</ele>
        <time>2023-06-11T04:59:22Z</time>
      </trkpt>
      <trkpt lat="43.838593" lon="-123.018875">
        <ele>209.6</ele>
        <time>2023-06-11T04:59:59Z</time>
      </trkpt>
      <trkpt lat="43.839409" lon="-123.018562">
        <ele>209.6</ele>
        <time>2023-06-11T05:00:16Z</time>
      </trkpt>
      <trkpt lat="43.83984" lon="-123.018364">
        <ele>210.0</ele>
        <time>2023-06-11T05:00:26Z</time>
      </trkpt>
      <trkpt lat="43.84151" lon="-123.017677">
        <ele>211.2</ele>
        <time>2023-06-11T05:01:01Z</time>
      </trkpt>
      <trkpt lat="43.842059" lon="-123.017433">
        <ele>211.2</ele>
        <time>2023-06-11T05:01:12Z</time>
      </trkpt>
      <trkpt lat="43.842564" lon="-123.017235">
        <ele>210.7</ele>
        <time>2023-06-11T05:01:21Z</time>
      </trkpt>
      <trkpt lat="43.843662" lon="-123.016754">
        <ele>209.3</ele>
        <time>2023-06-11T05:01:39Z</time>
      </trkpt>
      <trkpt lat="43.843788" lon="-123.016716">
        <ele>209.2</ele>
        <time>2023-06-11T05:01:41Z</time>
      </trkpt>
      <trkpt lat="43.844955" lon="-123.016228">
        <ele>208.2</ele>
        <time>2023-06-11T05:02:01Z</time>
      </trkpt>
      <trkpt lat="43.845535" lon="-123.016022">
        <ele>208.2</ele>
        <time>2023-06-11T05:02:11Z</time>
      </trkpt>
      <trkpt lat="43.845795" lon="-123.015945">
        <ele>208.0</ele>
        <time>2023-06-11T05:02:15Z</time>
      </trkpt>
      <trkpt lat="43.846222" lon="-123.015854">
        <ele>206.7</ele>
        <time>2023-06-11T05:02:21Z</time>
      </trkpt>
      <trkpt lat="43.84668" lon="-123.015785">
        <ele>205.0</ele>
        <time>2023-06-11T05:02:27Z</time>
      </trkpt>
      <trkpt lat="43.846931" lon="-123.01577">
        <ele>204.3</ele>
        <time>2023-06-11T05:02:30Z</time>
      </trkpt>
      <trkpt lat="43.847515" lon="-123.015762">
        <ele>202.3</ele>
        <time>2023-06-11T05:02:37Z</time>
      </trkpt>
      <trkpt lat="43.847839" lon="-123.015793">
        <ele>201.2</ele>
        <time>2023-06-11T05:02:41Z</time>
      </trkpt>
      <trkpt lat="43.8484" lon="-123.015884">
        <ele>200.3</ele>
        <time>2023-06-11T05:02:48Z</time>
      </trkpt>
      <trkpt lat="43.848869" lon="-123.015991">
        <ele>199.2</ele>
        <time>2023-06-11T05:02:54Z</time>
      </trkpt>
      <trkpt lat="43.849967" lon="-123.01638">
        <ele>200.3</ele>
        <time>2023-06-11T05:03:14Z</time>
      </trkpt>
      <trkpt lat="43.850098" lon="-123.016403">
        <ele>201.3</ele>
        <time>2023-06-11T05:03:18Z</time>
      </trkpt>
      <trkpt lat="43.850368" lon="-123.016502">
        <ele>203.7</ele>
        <time>2023-06-11T05:03:27Z</time>
      </trkpt>
      <trkpt lat="43.850616" lon="-123.016563">
        <ele>204.7</ele>
        <time>2023-06-11T05:03:35Z</time>
      </trkpt>
      <trkpt lat="43.851082" lon="-123.016663">
        <ele>206.7</ele>
        <time>2023-06-11T05:03:49Z</time>
      </trkpt>
      <trkpt lat="43.851437" lon="-123.016716">
        <ele>207.6</ele>
        <time>2023-06-11T05:03:59Z</time>
      </trkpt>
      <trkpt lat="43.851826" lon="-123.016724">
        <ele>208.0</ele>
        <time>2023-06-11T05:04:08Z</time>
      </trkpt>
      <trkpt lat="43.852562" lon="-123.016655">
        <ele>207.0</ele>
        <time>2023-06-11T05:04:21Z</time>
      </trkpt>
      <trkpt lat="43.855198" lon="-123.016289">
        <ele>205.6</ele>
        <time>2023-06-11T05:05:06Z</time>
      </trkpt>
      <trkpt lat="43.856644" lon="-123.016151">
        <ele>203.3</ele>
        <time>2023-06-11T05:05:30Z</time>
      </trkpt>
      <trkpt lat="43.860085" lon="-123.015732">
        <ele>199.7</ele>
        <time>2023-06-11T05:06:24Z</time>
      </trkpt>
      <trkpt lat="43.860626" lon="-123.015602">
        <ele>199.7</ele>
        <time>2023-06-11T05:06:34Z</time>
      </trkpt>
      <trkpt lat="43.861057" lon="-123.01545">
        <ele>199.6</ele>
        <time>2023-06-11T05:06:41Z</time>
      </trkpt>
      <trkpt lat="43.8632" lon="-123.014526">
        <ele>194.7</ele>
        <time>2023-06-11T05:07:13Z</time>
      </trkpt>
      <trkpt lat="43.86414" lon="-123.014153">
        <ele>196.0</ele>
        <time>2023-06-11T05:07:32Z</time>
      </trkpt>
      <trkpt lat="43.864559" lon="-123.013962">
        <ele>197.0</ele>
        <time>2023-06-11T05:07:41Z</time>
      </trkpt>
      <trkpt lat="43.865433" lon="-123.013611">
        <ele>196.2</ele>
        <time>2023-06-11T05:07:56Z</time>
      </trkpt>
      <trkpt lat="43.867031" lon="-123.012932">
        <ele>193.3</ele>
        <time>2023-06-11T05:08:23Z</time>
      </trkpt>
      <trkpt lat="43.867249" lon="-123.012817">
        <ele>193.2</ele>
        <time>2023-06-11T05:08:27Z</time>
      </trkpt>
      <trkpt lat="43.86779" lon="-123.012596">
        <ele>193.2</ele>
        <time>2023-06-11T05:08:36Z</time>
      </trkpt>
      <trkpt lat="43.868454" lon="-123.012352">
        <ele>192.7</ele>
        <time>2023-06-11T05:08:47Z</time>
      </trkpt>
      <trkpt lat="43.870636" lon="-123.011467">
        <ele>192.0</ele>
        <time>2023-06-11T05:09:26Z</time>
      </trkpt>
      <trkpt lat="43.871346" lon="-123.011147">
        <ele>192.3</ele>
        <time>2023-06-11T05:09:40Z</time>
      </trkpt>
      <trkpt lat="43.871929" lon="-123.010918">
        <ele>193.6</ele>
        <time>2023-06-11T05:09:54Z</time>
      </trkpt>
      <trkpt lat="43.87254" lon="-123.010651">
        <ele>194.3</ele>
        <time>2023-06-11T05:10:10Z</time>
      </trkpt>
      <trkpt lat="43.873165" lon="-123.010422">
        <ele>198.6</ele>
        <time>2023-06-11T05:10:34Z</time>
      </trkpt>
      <trkpt lat="43.873875" lon="-123.010101">
        <ele>204.0</ele>
        <time>2023-06-11T05:11:04Z</time>
      </trkpt>
      <trkpt lat="43.874451" lon="-123.009888">
        <ele>208.6</ele>
        <time>2023-06-11T05:11:30Z</time>
      </trkpt>
      <trkpt lat="43.875587" lon="-123.009407">
        <ele>212.2</ele>
        <time>2023-06-11T05:12:16Z</time>
      </trkpt>
      <trkpt lat="43.876102" lon="-123.009216">
        <ele>211.0</ele>
        <time>2023-06-11T05:12:27Z</time>
      </trkpt>
      <trkpt lat="43.876801" lon="-123.008904">
        <ele>208.0</ele>
        <time>2023-06-11T05:12:36Z</time>
      </trkpt>
      <trkpt lat="43.877331" lon="-123.008682">
        <ele>204.6</ele>
        <time>2023-06-11T05:12:43Z</time>
      </trkpt>
      <trkpt lat="43.877514" lon="-123.008621">
        <ele>204.2</ele>
        <time>2023-06-11T05:12:46Z</time>
      </trkpt>
      <trkpt lat="43.877682" lon="-123.00853">
        <ele>204.2</ele>
        <time>2023-06-11T05:12:49Z</time>
      </trkpt>
      <trkpt lat="43.87851" lon="-123.008194">
        <ele>204.3</ele>
        <time>2023-06-11T05:13:03Z</time>
      </trkpt>
      <trkpt lat="43.879177" lon="-123.007889">
        <ele>202.3</ele>
        <time>2023-06-11T05:13:12Z</time>
      </trkpt>
      <trkpt lat="43.879555" lon="-123.007767">
        <ele>200.7</ele>
        <time>2023-06-11T05:13:17Z</time>
      </trkpt>
      <trkpt lat="43.880013" lon="-123.007545">
        <ele>199.6</ele>
        <time>2023-06-11T05:13:24Z</time>
      </trkpt>
      <trkpt lat="43.880844" lon="-123.00724">
        <ele>199.7</ele>
        <time>2023-06-11T05:13:39Z</time>
      </trkpt>
      <trkpt lat="43.880985" lon="-123.007164">
        <ele>200.0</ele>
        <time>2023-06-11T05:13:42Z</time>
      </trkpt>
      <trkpt lat="43.881344" lon="-123.007011">
        <ele>200.6</ele>
        <time>2023-06-11T05:13:50Z</time>
      </trkpt>
      <trkpt lat="43.883759" lon="-123.006058">
        <ele>202.6</ele>
        <time>2023-06-11T05:14:46Z</time>
      </trkpt>
      <trkpt lat="43.884628" lon="-123.005699">
        <ele>201.7</ele>
        <time>2023-06-11T05:15:04Z</time>
      </trkpt>
      <trkpt lat="43.8861" lon="-123.005058">
        <ele>199.6</ele>
        <time>2023-06-11T05:15:30Z</time>
      </trkpt>
      <trkpt lat="43.886414" lon="-123.004944">
        <ele>199.2</ele>
        <time>2023-06-11T05:15:35Z</time>
      </trkpt>
      <trkpt lat="43.888256" lon="-123.004196">
        <ele>199.7</ele>
        <time>2023-06-11T05:16:11Z</time>
      </trkpt>
      <trkpt lat="43.889957" lon="-123.003479">
        <ele>199.7</ele>
        <time>2023-06-11T05:16:45Z</time>
      </trkpt>
      <trkpt lat="43.890961" lon="-123.00309">
        <ele>203.7</ele>
        <time>2023-06-11T05:17:13Z</time>
      </trkpt>
      <trkpt lat="43.893425" lon="-123.002014">
        <ele>196.7</ele>
        <time>2023-06-11T05:17:54Z</time>
      </trkpt>
      <trkpt lat="43.893921" lon="-123.001732">
        <ele>193.7</ele>
        <time>2023-06-11T05:18:00Z</time>
      </trkpt>
      <trkpt lat="43.895297" lon="-123.000854">
        <ele>194.7</ele>
        <time>2023-06-11T05:18:25Z</time>
      </trkpt>
      <trkpt lat="43.8988" lon="-122.997948">
        <ele>185.3</ele>
        <time>2023-06-11T05:19:18Z</time>
      </trkpt>
      <trkpt lat="43.899803" lon="-122.997086">
        <ele>185.0</ele>
        <time>2023-06-11T05:19:36Z</time>
      </trkpt>
      <trkpt lat="43.900211" lon="-122.99678">
        <ele>184.7</ele>
        <time>2023-06-11T05:19:44Z</time>
      </trkpt>
      <trkpt lat="43.901379" lon="-122.995804">
        <ele>184.7</ele>
        <time>2023-06-11T05:20:08Z</time>
      </trkpt>
      <trkpt lat="43.901733" lon="-122.995544">
        <ele>184.7</ele>
        <time>2023-06-11T05:20:15Z</time>
      </trkpt>
      <trkpt lat="43.902206" lon="-122.995285">
        <ele>184.6</ele>
        <time>2023-06-11T05:20:24Z</time>
      </trkpt>
      <trkpt lat="43.902699" lon="-122.995117">
        <ele>184.3</ele>
        <time>2023-06-11T05:20:33Z</time>
      </trkpt>
      <trkpt lat="43.903202" lon="-122.995056">
        <ele>184.2</ele>
        <time>2023-06-11T05:20:41Z</time>
      </trkpt>
      <trkpt lat="43.906006" lon="-122.995064">
        <ele>183.2</ele>
        <time>2023-06-11T05:21:27Z</time>
      </trkpt>
      <trkpt lat="43.909904" lon="-122.99501">
        <ele>182.3</ele>
        <time>2023-06-11T05:22:35Z</time>
      </trkpt>
      <trkpt lat="43.910355" lon="-122.995018">
        <ele>182.3</ele>
        <time>2023-06-11T05:22:43Z</time>
      </trkpt>
      <trkpt lat="43.910797" lon="-122.994942">
        <ele>182.3</ele>
        <time>2023-06-11T05:22:51Z</time>
      </trkpt>
      <trkpt lat="43.911327" lon="-122.994675">
        <ele>182.0</ele>
        <time>2023-06-11T05:23:01Z</time>
      </trkpt>
      <trkpt lat="43.912216" lon="-122.994072">
        <ele>182.0</ele>
        <time>2023-06-11T05:23:20Z</time>
      </trkpt>
      <trkpt lat="43.912724" lon="-122.99369">
        <ele>182.0</ele>
        <time>2023-06-11T05:23:31Z</time>
      </trkpt>
      <trkpt lat="43.913067" lon="-122.993393">
        <ele>182.0</ele>
        <time>2023-06-11T05:23:39Z</time>
      </trkpt>
      <trkpt lat="43.913303" lon="-122.993095">
        <ele>182.0</ele>
        <time>2023-06-11T05:23:45Z</time>
      </trkpt>
      <trkpt lat="43.913849" lon="-122.992142">
        <ele>182.0</ele>
        <time>2023-06-11T05:24:02Z</time>
      </trkpt>
      <trkpt lat="43.914375" lon="-122.991295">
        <ele>181.6</ele>
        <time>2023-06-11T05:24:18Z</time>
      </trkpt>
      <trkpt lat="43.914425" lon="-122.99118">
        <ele>181.3</ele>
        <time>2023-06-11T05:24:20Z</time>
      </trkpt>
      <trkpt lat="43.914703" lon="-122.990692">
        <ele>181.2</ele>
        <time>2023-06-11T05:24:29Z</time>
      </trkpt>
      <trkpt lat="43.914837" lon="-122.990204">
        <ele>181.2</ele>
        <time>2023-06-11T05:24:37Z</time>
      </trkpt>
      <trkpt lat="43.914883" lon="-122.989906">
        <ele>181.3</ele>
        <time>2023-06-11T05:24:42Z</time>
      </trkpt>
      <trkpt lat="43.914909" lon="-122.989021">
        <ele>181.6</ele>
        <time>2023-06-11T05:25:00Z</time>
      </trkpt>
      <trkpt lat="43.915123" lon="-122.988625">
        <ele>181.7</ele>
        <time>2023-06-11T05:32:49Z</time>
      </trkpt>
      <trkpt lat="43.915253" lon="-122.988495">
        <ele>181.7</ele>
        <time>2023-06-11T05:32:54Z</time>
      </trkpt>
      <trkpt lat="43.915474" lon="-122.988434">
        <ele>181.7</ele>
        <time>2023-06-11T05:33:01Z</time>
      </trkpt>
      <trkpt lat="43.915611" lon="-122.988457">
        <ele>182.2</ele>
        <time>2023-06-11T05:33:07Z</time>
      </trkpt>
      <trkpt lat="43.91563" lon="-122.988472">
        <ele>182.2</ele>
        <time>2023-06-11T05:33:08Z</time>
      </trkpt>
      <trkpt lat="43.915691" lon="-122.988579">
        <ele>182.3</ele>
        <time>2023-06-11T05:33:11Z</time>
      </trkpt>
      <trkpt lat="43.915718" lon="-122.988831">
        <ele>182.7</ele>
        <time>2023-06-11T05:33:16Z</time>
      </trkpt>
      <trkpt lat="43.915691" lon="-122.991463">
        <ele>183.0</ele>
        <time>2023-06-11T05:34:01Z</time>
      </trkpt>
      <trkpt lat="43.915698" lon="-122.996452">
        <ele>181.2</ele>
        <time>2023-06-11T05:35:14Z</time>
      </trkpt>
      <trkpt lat="43.915718" lon="-122.998383">
        <ele>180.6</ele>
        <time>2023-06-11T05:35:44Z</time>
      </trkpt>
      <trkpt lat="43.915741" lon="-122.998482">
        <ele>180.6</ele>
        <time>2023-06-11T05:35:46Z</time>
      </trkpt>
      <trkpt lat="43.91581" lon="-122.998543">
        <ele>180.6</ele>
        <time>2023-06-11T05:35:48Z</time>
      </trkpt>
      <trkpt lat="43.915913" lon="-122.998566">
        <ele>180.6</ele>
        <time>2023-06-11T05:35:50Z</time>
      </trkpt>
      <trkpt lat="43.916676" lon="-122.998566">
        <ele>180.2</ele>
        <time>2023-06-11T05:36:03Z</time>
      </trkpt>
      <trkpt lat="43.918159" lon="-122.998535">
        <ele>180.0</ele>
        <time>2023-06-11T05:36:31Z</time>
      </trkpt>
      <trkpt lat="43.920509" lon="-122.998543">
        <ele>179.3</ele>
        <time>2023-06-11T05:37:16Z</time>
      </trkpt>
      <trkpt lat="43.920807" lon="-122.998596">
        <ele>179.3</ele>
        <time>2023-06-11T05:37:22Z</time>
      </trkpt>
      <trkpt lat="43.921138" lon="-122.998764">
        <ele>179.3</ele>
        <time>2023-06-11T05:37:29Z</time>
      </trkpt>
      <trkpt lat="43.92147" lon="-122.999077">
        <ele>179.3</ele>
        <time>2023-06-11T05:37:37Z</time>
      </trkpt>
      <trkpt lat="43.921852" lon="-122.99987">
        <ele>179.0</ele>
        <time>2023-06-11T05:37:50Z</time>
      </trkpt>
      <trkpt lat="43.922619" lon="-123.001671">
        <ele>178.3</ele>
        <time>2023-06-11T05:38:18Z</time>
      </trkpt>
      <trkpt lat="43.922695" lon="-123.001801">
        <ele>178.6</ele>
        <time>2023-06-11T05:38:21Z</time>
      </trkpt>
      <trkpt lat="43.922802" lon="-123.00193">
        <ele>179.0</ele>
        <time>2023-06-11T05:38:25Z</time>
      </trkpt>
      <trkpt lat="43.923027" lon="-123.002113">
        <ele>179.0</ele>
        <time>2023-06-11T05:38:32Z</time>
      </trkpt>
      <trkpt lat="43.92326" lon="-123.002205">
        <ele>178.7</ele>
        <time>2023-06-11T05:38:37Z</time>
      </trkpt>
      <trkpt lat="43.923824" lon="-123.002228">
        <ele>178.3</ele>
        <time>2023-06-11T05:38:49Z</time>
      </trkpt>
      <trkpt lat="43.924191" lon="-123.002205">
        <ele>178.3</ele>
        <time>2023-06-11T05:38:56Z</time>
      </trkpt>
      <trkpt lat="43.924469" lon="-123.002136">
        <ele>178.3</ele>
        <time>2023-06-11T05:39:01Z</time>
      </trkpt>
      <trkpt lat="43.924767" lon="-123.0019">
        <ele>178.2</ele>
        <time>2023-06-11T05:39:07Z</time>
      </trkpt>
      <trkpt lat="43.92519" lon="-123.001251">
        <ele>177.6</ele>
        <time>2023-06-11T05:39:19Z</time>
      </trkpt>
      <trkpt lat="43.925441" lon="-123.001022">
        <ele>177.6</ele>
        <time>2023-06-11T05:39:25Z</time>
      </trkpt>
      <trkpt lat="43.925732" lon="-123.000908">
        <ele>177.7</ele>
        <time>2023-06-11T05:39:31Z</time>
      </trkpt>
      <trkpt lat="43.929222" lon="-123.000877">
        <ele>176.6</ele>
        <time>2023-06-11T05:40:38Z</time>
      </trkpt>
      <trkpt lat="43.931545" lon="-123.000877">
        <ele>176.0</ele>
        <time>2023-06-11T05:41:21Z</time>
      </trkpt>
      <trkpt lat="43.931961" lon="-123.000854">
        <ele>176.0</ele>
        <time>2023-06-11T05:41:29Z</time>
      </trkpt>
      <trkpt lat="43.932217" lon="-123.00087">
        <ele>176.2</ele>
        <time>2023-06-11T05:41:34Z</time>
      </trkpt>
      <trkpt lat="43.932835" lon="-123.00087">
        <ele>177.0</ele>
        <time>2023-06-11T05:41:47Z</time>
      </trkpt>
      <trkpt lat="43.933681" lon="-123.000847">
        <ele>178.3</ele>
        <time>2023-06-11T05:42:06Z</time>
      </trkpt>
      <trkpt lat="43.933971" lon="-123.000793">
        <ele>179.0</ele>
        <time>2023-06-11T05:42:12Z</time>
      </trkpt>
      <trkpt lat="43.934219" lon="-123.000786">
        <ele>179.3</ele>
        <time>2023-06-11T05:42:18Z</time>
      </trkpt>
      <trkpt lat="43.934605" lon="-123.000824">
        <ele>180.2</ele>
        <time>2023-06-11T05:42:27Z</time>
      </trkpt>
      <trkpt lat="43.93494" lon="-123.000816">
        <ele>180.6</ele>
        <time>2023-06-11T05:42:35Z</time>
      </trkpt>
      <trkpt lat="43.935661" lon="-123.000839">
        <ele>182.0</ele>
        <time>2023-06-11T05:42:52Z</time>
      </trkpt>
      <trkpt lat="43.93676" lon="-123.000832">
        <ele>182.7</ele>
        <time>2023-06-11T05:43:15Z</time>
      </trkpt>
      <trkpt lat="43.937252" lon="-123.000877">
        <ele>182.6</ele>
        <time>2023-06-11T05:43:25Z</time>
      </trkpt>
      <trkpt lat="43.93734" lon="-123.000916">
        <ele>182.6</ele>
        <time>2023-06-11T05:43:27Z</time>
      </trkpt>
      <trkpt lat="43.937519" lon="-123.001038">
        <ele>182.3</ele>
        <time>2023-06-11T05:43:31Z</time>
      </trkpt>
      <trkpt lat="43.937762" lon="-123.001305">
        <ele>182.0</ele>
        <time>2023-06-11T05:43:37Z</time>
      </trkpt>
      <trkpt lat="43.937939" lon="-123.001717">
        <ele>181.3</ele>
        <time>2023-06-11T05:43:43Z</time>
      </trkpt>
      <trkpt lat="43.938007" lon="-123.002213">
        <ele>180.7</ele>
        <time>2023-06-11T05:43:49Z</time>
      </trkpt>
      <trkpt lat="43.938007" lon="-123.007568">
        <ele>180.3</ele>
        <time>2023-06-11T05:45:05Z</time>
      </trkpt>
      <trkpt lat="43.938019" lon="-123.008095">
        <ele>180.2</ele>
        <time>2023-06-11T05:45:13Z</time>
      </trkpt>
      <trkpt lat="43.938" lon="-123.012596">
        <ele>179.2</ele>
        <time>2023-06-11T05:46:21Z</time>
      </trkpt>
      <trkpt lat="43.938011" lon="-123.014122">
        <ele>180.0</ele>
        <time>2023-06-11T05:46:46Z</time>
      </trkpt>
      <trkpt lat="43.938042" lon="-123.014221">
        <ele>181.2</ele>
        <time>2023-06-11T05:47:05Z</time>
      </trkpt>
      <trkpt lat="43.938152" lon="-123.014236">
        <ele>181.2</ele>
        <time>2023-06-11T05:47:10Z</time>
      </trkpt>
      <trkpt lat="43.938332" lon="-123.014221">
        <ele>181.0</ele>
        <time>2023-06-11T05:47:14Z</time>
      </trkpt>
      <trkpt lat="43.940655" lon="-123.013756">
        <ele>179.6</ele>
        <time>2023-06-11T05:47:55Z</time>
      </trkpt>
      <trkpt lat="43.943005" lon="-123.013321">
        <ele>180.2</ele>
        <time>2023-06-11T05:48:37Z</time>
      </trkpt>
      <trkpt lat="43.943668" lon="-123.013214">
        <ele>179.2</ele>
        <time>2023-06-11T05:48:47Z</time>
      </trkpt>
      <trkpt lat="43.947266" lon="-123.012474">
        <ele>175.6</ele>
        <time>2023-06-11T05:49:44Z</time>
      </trkpt>
      <trkpt lat="43.948597" lon="-123.012253">
        <ele>174.0</ele>
        <time>2023-06-11T05:50:05Z</time>
      </trkpt>
      <trkpt lat="43.949177" lon="-123.012169">
        <ele>173.6</ele>
        <time>2023-06-11T05:50:14Z</time>
      </trkpt>
      <trkpt lat="43.949806" lon="-123.0121">
        <ele>172.7</ele>
        <time>2023-06-11T05:50:24Z</time>
      </trkpt>
      <trkpt lat="43.950897" lon="-123.012062">
        <ele>172.3</ele>
        <time>2023-06-11T05:50:43Z</time>
      </trkpt>
      <trkpt lat="43.952171" lon="-123.012077">
        <ele>171.7</ele>
        <time>2023-06-11T05:51:06Z</time>
      </trkpt>
      <trkpt lat="43.95573" lon="-123.01207">
        <ele>172.3</ele>
        <time>2023-06-11T05:52:14Z</time>
      </trkpt>
      <trkpt lat="43.965115" lon="-123.012131">
        <ele>173.0</ele>
        <time>2023-06-11T05:55:29Z</time>
      </trkpt>
      <trkpt lat="43.965725" lon="-123.012177">
        <ele>173.0</ele>
        <time>2023-06-11T05:55:41Z</time>
      </trkpt>
      <trkpt lat="43.967083" lon="-123.012352">
        <ele>173.2</ele>
        <time>2023-06-11T05:56:09Z</time>
      </trkpt>
      <trkpt lat="43.968513" lon="-123.012497">
        <ele>175.6</ele>
        <time>2023-06-11T05:56:44Z</time>
      </trkpt>
      <trkpt lat="43.969284" lon="-123.012405">
        <ele>179.7</ele>
        <time>2023-06-11T05:57:12Z</time>
      </trkpt>
      <trkpt lat="43.969536" lon="-123.012276">
        <ele>180.7</ele>
        <time>2023-06-11T05:57:21Z</time>
      </trkpt>
      <trkpt lat="43.969555" lon="-123.012253">
        <ele>181.0</ele>
        <time>2023-06-11T05:57:22Z</time>
      </trkpt>
      <trkpt lat="43.969597" lon="-123.012085">
        <ele>181.2</ele>
        <time>2023-06-11T05:57:26Z</time>
      </trkpt>
      <trkpt lat="43.969414" lon="-123.010231">
        <ele>184.0</ele>
        <time>2023-06-11T05:58:06Z</time>
      </trkpt>
      <trkpt lat="43.969414" lon="-123.010139">
        <ele>184.3</ele>
        <time>2023-06-11T05:58:09Z</time>
      </trkpt>
      <trkpt lat="43.969456" lon="-123.010086">
        <ele>184.6</ele>
        <time>2023-06-11T05:58:11Z</time>
      </trkpt>
      <trkpt lat="43.969616" lon="-123.010056">
        <ele>184.7</ele>
        <time>2023-06-11T05:58:16Z</time>
      </trkpt>
      <trkpt lat="43.969872" lon="-123.010094">
        <ele>184.7</ele>
        <time>2023-06-11T05:58:22Z</time>
      </trkpt>
      <trkpt lat="43.969963" lon="-123.010124">
        <ele>184.6</ele>
        <time>2023-06-11T05:58:24Z</time>
      </trkpt>
      <trkpt lat="43.970158" lon="-123.010262">
        <ele>184.2</ele>
        <time>2023-06-11T05:58:28Z</time>
      </trkpt>
      <trkpt lat="43.970306" lon="-123.010445">
        <ele>183.7</ele>
        <time>2023-06-11T05:58:31Z</time>
      </trkpt>
      <trkpt lat="43.970467" lon="-123.010689">
        <ele>183.0</ele>
        <time>2023-06-11T05:58:34Z</time>
      </trkpt>
      <trkpt lat="43.970585" lon="-123.010818">
        <ele>182.7</ele>
        <time>2023-06-11T05:58:36Z</time>
      </trkpt>
      <trkpt lat="43.970745" lon="-123.010925">
        <ele>182.0</ele>
        <time>2023-06-11T05:58:38Z</time>
      </trkpt>
      <trkpt lat="43.970913" lon="-123.010979">
        <ele>181.0</ele>
        <time>2023-06-11T05:58:40Z</time>
      </trkpt>
      <trkpt lat="43.971001" lon="-123.010986">
        <ele>180.3</ele>
        <time>2023-06-11T05:58:41Z</time>
      </trkpt>
      <trkpt lat="43.971252" lon="-123.010941">
        <ele>178.3</ele>
        <time>2023-06-11T05:58:44Z</time>
      </trkpt>
      <trkpt lat="43.972351" lon="-123.010666">
        <ele>174.0</ele>
        <time>2023-06-11T05:58:59Z</time>
      </trkpt>
      <trkpt lat="43.975333" lon="-123.009865">
        <ele>168.7</ele>
        <time>2023-06-11T05:59:43Z</time>
      </trkpt>
      <trkpt lat="43.976089" lon="-123.009689">
        <ele>168.0</ele>
        <time>2023-06-11T05:59:55Z</time>
      </trkpt>
      <trkpt lat="43.977158" lon="-123.009392">
        <ele>168.2</ele>
        <time>2023-06-11T06:00:14Z</time>
      </trkpt>
      <trkpt lat="43.978519" lon="-123.009056">
        <ele>167.3</ele>
        <time>2023-06-11T06:00:37Z</time>
      </trkpt>
      <trkpt lat="43.979568" lon="-123.008766">
        <ele>167.3</ele>
        <time>2023-06-11T06:00:55Z</time>
      </trkpt>
      <trkpt lat="43.980064" lon="-123.008545">
        <ele>167.3</ele>
        <time>2023-06-11T06:01:05Z</time>
      </trkpt>
      <trkpt lat="43.980663" lon="-123.008118">
        <ele>167.3</ele>
        <time>2023-06-11T06:01:18Z</time>
      </trkpt>
      <trkpt lat="43.981181" lon="-123.007797">
        <ele>167.2</ele>
        <time>2023-06-11T06:01:28Z</time>
      </trkpt>
      <trkpt lat="43.982876" lon="-123.006676">
        <ele>167.0</ele>
        <time>2023-06-11T06:02:04Z</time>
      </trkpt>
      <trkpt lat="43.98354" lon="-123.006271">
        <ele>167.3</ele>
        <time>2023-06-11T06:02:19Z</time>
      </trkpt>
      <trkpt lat="43.984489" lon="-123.00563">
        <ele>169.2</ele>
        <time>2023-06-11T06:02:42Z</time>
      </trkpt>
      <trkpt lat="43.984806" lon="-123.00544">
        <ele>169.3</ele>
        <time>2023-06-11T06:02:50Z</time>
      </trkpt>
      <trkpt lat="43.985119" lon="-123.005219">
        <ele>169.6</ele>
        <time>2023-06-11T06:02:58Z</time>
      </trkpt>
      <trkpt lat="43.985268" lon="-123.00515">
        <ele>169.7</ele>
        <time>2023-06-11T06:03:02Z</time>
      </trkpt>
      <trkpt lat="43.98632" lon="-123.004433">
        <ele>171.2</ele>
        <time>2023-06-11T06:03:31Z</time>
      </trkpt>
      <trkpt lat="43.98851" lon="-123.002991">
        <ele>181.0</ele>
        <time>2023-06-11T06:04:53Z</time>
      </trkpt>
      <trkpt lat="43.988842" lon="-123.002754">
        <ele>182.6</ele>
        <time>2023-06-11T06:05:07Z</time>
      </trkpt>
      <trkpt lat="43.98922" lon="-123.00251">
        <ele>183.0</ele>
        <time>2023-06-11T06:05:19Z</time>
      </trkpt>
      <trkpt lat="43.99007" lon="-123.002029">
        <ele>180.6</ele>
        <time>2023-06-11T06:05:33Z</time>
      </trkpt>
      <trkpt lat="43.993221" lon="-123.0">
        <ele>164.0</ele>
        <time>2023-06-11T06:06:25Z</time>
      </trkpt>
      <trkpt lat="43.993324" lon="-123.000084">
        <ele>164.0</ele>
        <time>2023-06-11T06:06:29Z</time>
      </trkpt>
      <trkpt lat="43.99371" lon="-123.000488">
        <ele>163.7</ele>
        <time>2023-06-11T06:06:43Z</time>
      </trkpt>
      <trkpt lat="43.994038" lon="-123.000732">
        <ele>163.7</ele>
        <time>2023-06-11T06:06:52Z</time>
      </trkpt>
      <trkpt lat="43.994347" lon="-123.000923">
        <ele>163.0</ele>
        <time>2023-06-11T06:07:00Z</time>
      </trkpt>
      <trkpt lat="43.99453" lon="-123.0009">
        <ele>162.7</ele>
        <time>2023-06-11T06:07:05Z</time>
      </trkpt>
      <trkpt lat="43.994785" lon="-123.00071">
        <ele>162.3</ele>
        <time>2023-06-11T06:07:15Z</time>
      </trkpt>
      <trkpt lat="43.994972" lon="-123.000542">
        <ele>162.2</ele>
        <time>2023-06-11T06:07:23Z</time>
      </trkpt>
      <trkpt lat="43.995125" lon="-123.000443">
        <ele>162.0</ele>
        <time>2023-06-11T06:07:27Z</time>
      </trkpt>
      <trkpt lat="43.995201" lon="-123.00042">
        <ele>162.0</ele>
        <time>2023-06-11T06:07:29Z</time>
      </trkpt>
      <trkpt lat="43.995277" lon="-123.00045">
        <ele>162.0</ele>
        <time>2023-06-11T06:07:31Z</time>
      </trkpt>
      <trkpt lat="43.995365" lon="-123.000557">
        <ele>161.7</ele>
        <time>2023-06-11T06:07:34Z</time>
      </trkpt>
      <trkpt lat="43.995491" lon="-123.000816">
        <ele>161.2</ele>
        <time>2023-06-11T06:07:40Z</time>
      </trkpt>
      <trkpt lat="43.995647" lon="-123.001228">
        <ele>161.0</ele>
        <time>2023-06-11T06:07:48Z</time>
      </trkpt>
      <trkpt lat="43.995819" lon="-123.001617">
        <ele>160.7</ele>
        <time>2023-06-11T06:07:55Z</time>
      </trkpt>
      <trkpt lat="43.99585" lon="-123.001663">
        <ele>160.7</ele>
        <time>2023-06-11T06:07:56Z</time>
      </trkpt>
      <trkpt lat="43.996021" lon="-123.001816">
        <ele>160.7</ele>
        <time>2023-06-11T06:08:03Z</time>
      </trkpt>
      <trkpt lat="43.996037" lon="-123.001862">
        <ele>160.7</ele>
        <time>2023-06-11T06:08:10Z</time>
      </trkpt>
      <trkpt lat="43.99609" lon="-123.001923">
        <ele>160.7</ele>
        <time>2023-06-11T06:08:13Z</time>
      </trkpt>
      <trkpt lat="43.996311" lon="-123.002075">
        <ele>160.7</ele>
        <time>2023-06-11T06:08:19Z</time>
      </trkpt>
      <trkpt lat="43.996452" lon="-123.002213">
        <ele>160.7</ele>
        <time>2023-06-11T06:08:23Z</time>
      </trkpt>
      <trkpt lat="43.996651" lon="-123.002533">
        <ele>160.7</ele>
        <time>2023-06-11T06:08:29Z</time>
      </trkpt>
      <trkpt lat="43.996853" lon="-123.002991">
        <ele>160.6</ele>
        <time>2023-06-11T06:08:36Z</time>
      </trkpt>
      <trkpt lat="43.996956" lon="-123.003494">
        <ele>160.3</ele>
        <time>2023-06-11T06:08:43Z</time>
      </trkpt>
      <trkpt lat="43.996989" lon="-123.003799">
        <ele>160.3</ele>
        <time>2023-06-11T06:08:47Z</time>
      </trkpt>
      <trkpt lat="43.997032" lon="-123.003929">
        <ele>160.2</ele>
        <time>2023-06-11T06:08:49Z</time>
      </trkpt>
      <trkpt lat="43.997101" lon="-123.004005">
        <ele>160.2</ele>
        <time>2023-06-11T06:08:51Z</time>
      </trkpt>
      <trkpt lat="43.997196" lon="-123.004028">
        <ele>160.2</ele>
        <time>2023-06-11T06:08:53Z</time>
      </trkpt>
      <trkpt lat="43.9981" lon="-123.004005">
        <ele>160.0</ele>
        <time>2023-06-11T06:09:08Z</time>
      </trkpt>
      <trkpt lat="43.999298" lon="-123.004013">
        <ele>158.3</ele>
        <time>2023-06-11T06:09:26Z</time>
      </trkpt>
      <trkpt lat="44.000072" lon="-123.003983">
        <ele>158.2</ele>
        <time>2023-06-11T06:09:41Z</time>
      </trkpt>
      <trkpt lat="44.000172" lon="-123.003952">
        <ele>158.2</ele>
        <time>2023-06-11T06:09:43Z</time>
      </trkpt>
      <trkpt lat="44.000267" lon="-123.003876">
        <ele>158.2</ele>
        <time>2023-06-11T06:09:45Z</time>
      </trkpt>
      <trkpt lat="44.000313" lon="-123.003815">
        <ele>158.2</ele>
        <time>2023-06-11T06:09:46Z</time>
      </trkpt>
      <trkpt lat="44.00034" lon="-123.003746">
        <ele>158.2</ele>
        <time>2023-06-11T06:09:47Z</time>
      </trkpt>
      <trkpt lat="44.000351" lon="-123.003593">
        <ele>158.2</ele>
        <time>2023-06-11T06:09:49Z</time>
      </trkpt>
      <trkpt lat="44.000324" lon="-123.002533">
        <ele>158.3</ele>
        <time>2023-06-11T06:10:04Z</time>
      </trkpt>
      <trkpt lat="44.000332" lon="-123.002167">
        <ele>158.7</ele>
        <time>2023-06-11T06:10:09Z</time>
      </trkpt>
      <trkpt lat="44.000374" lon="-123.002014">
        <ele>158.7</ele>
        <time>2023-06-11T06:10:11Z</time>
      </trkpt>
      <trkpt lat="44.000454" lon="-123.001892">
        <ele>158.7</ele>
        <time>2023-06-11T06:10:13Z</time>
      </trkpt>
      <trkpt lat="44.000565" lon="-123.001823">
        <ele>158.7</ele>
        <time>2023-06-11T06:10:15Z</time>
      </trkpt>
      <trkpt lat="44.000675" lon="-123.001801">
        <ele>158.6</ele>
        <time>2023-06-11T06:10:17Z</time>
      </trkpt>
      <trkpt lat="44.000927" lon="-123.001839">
        <ele>158.3</ele>
        <time>2023-06-11T06:10:22Z</time>
      </trkpt>
      <trkpt lat="44.001877" lon="-123.001839">
        <ele>158.7</ele>
        <time>2023-06-11T06:10:38Z</time>
      </trkpt>
      <trkpt lat="44.003906" lon="-123.001801">
        <ele>158.2</ele>
        <time>2023-06-11T06:11:13Z</time>
      </trkpt>
      <trkpt lat="44.004326" lon="-123.001816">
        <ele>158.0</ele>
        <time>2023-06-11T06:11:21Z</time>
      </trkpt>
      <trkpt lat="44.004375" lon="-123.001801">
        <ele>158.0</ele>
        <time>2023-06-11T06:11:22Z</time>
      </trkpt>
      <trkpt lat="44.004421" lon="-123.00177">
        <ele>158.0</ele>
        <time>2023-06-11T06:11:23Z</time>
      </trkpt>
      <trkpt lat="44.004489" lon="-123.001678">
        <ele>158.0</ele>
        <time>2023-06-11T06:11:25Z</time>
      </trkpt>
      <trkpt lat="44.004528" lon="-123.001564">
        <ele>158.2</ele>
        <time>2023-06-11T06:11:27Z</time>
      </trkpt>
      <trkpt lat="44.004543" lon="-123.001442">
        <ele>158.3</ele>
        <time>2023-06-11T06:11:29Z</time>
      </trkpt>
      <trkpt lat="44.004524" lon="-123.000015">
        <ele>158.6</ele>
        <time>2023-06-11T06:11:48Z</time>
      </trkpt>
      <trkpt lat="44.004543" lon="-122.995865">
        <ele>158.7</ele>
        <time>2023-06-11T06:12:42Z</time>
      </trkpt>
      <trkpt lat="44.004585" lon="-122.99572">
        <ele>158.7</ele>
        <time>2023-06-11T06:12:44Z</time>
      </trkpt>
      <trkpt lat="44.00465" lon="-122.99559">
        <ele>158.7</ele>
        <time>2023-06-11T06:12:46Z</time>
      </trkpt>
      <trkpt lat="44.004776" lon="-122.995453">
        <ele>159.0</ele>
        <time>2023-06-11T06:12:49Z</time>
      </trkpt>
      <trkpt lat="44.004875" lon="-122.995399">
        <ele>159.0</ele>
        <time>2023-06-11T06:12:51Z</time>
      </trkpt>
      <trkpt lat="44.005211" lon="-122.995338">
        <ele>159.0</ele>
        <time>2023-06-11T06:12:57Z</time>
      </trkpt>
      <trkpt lat="44.005318" lon="-122.995285">
        <ele>158.7</ele>
        <time>2023-06-11T06:12:59Z</time>
      </trkpt>
      <trkpt lat="44.005401" lon="-122.995201">
        <ele>158.7</ele>
        <time>2023-06-11T06:13:01Z</time>
      </trkpt>
      <trkpt lat="44.005463" lon="-122.995094">
        <ele>158.7</ele>
        <time>2023-06-11T06:13:03Z</time>
      </trkpt>
      <trkpt lat="44.005489" lon="-122.994965">
        <ele>158.7</ele>
        <time>2023-06-11T06:13:05Z</time>
      </trkpt>
      <trkpt lat="44.005512" lon="-122.994644">
        <ele>158.7</ele>
        <time>2023-06-11T06:13:09Z</time>
      </trkpt>
      <trkpt lat="44.005489" lon="-122.989502">
        <ele>159.0</ele>
        <time>2023-06-11T06:14:22Z</time>
      </trkpt>
      <trkpt lat="44.005527" lon="-122.988884">
        <ele>159.2</ele>
        <time>2023-06-11T06:14:32Z</time>
      </trkpt>
      <trkpt lat="44.00565" lon="-122.988609">
        <ele>159.2</ele>
        <time>2023-06-11T06:14:37Z</time>
      </trkpt>
      <trkpt lat="44.005814" lon="-122.988457">
        <ele>159.3</ele>
        <time>2023-06-11T06:14:41Z</time>
      </trkpt>
      <trkpt lat="44.006031" lon="-122.98838">
        <ele>159.3</ele>
        <time>2023-06-11T06:14:46Z</time>
      </trkpt>
      <trkpt lat="44.007057" lon="-122.988365">
        <ele>159.0</ele>
        <time>2023-06-11T06:15:07Z</time>
      </trkpt>
      <trkpt lat="44.007713" lon="-122.988373">
        <ele>158.7</ele>
        <time>2023-06-11T06:15:19Z</time>
      </trkpt>
      <trkpt lat="44.010983" lon="-122.988289">
        <ele>159.2</ele>
        <time>2023-06-11T06:16:25Z</time>
      </trkpt>
      <trkpt lat="44.011368" lon="-122.988297">
        <ele>159.2</ele>
        <time>2023-06-11T06:16:34Z</time>
      </trkpt>
      <trkpt lat="44.011406" lon="-122.988327">
        <ele>159.2</ele>
        <time>2023-06-11T06:16:35Z</time>
      </trkpt>
      <trkpt lat="44.01144" lon="-122.988426">
        <ele>159.2</ele>
        <time>2023-06-11T06:16:37Z</time>
      </trkpt>
      <trkpt lat="44.011477" lon="-122.988716">
        <ele>159.2</ele>
        <time>2023-06-11T06:16:42Z</time>
      </trkpt>
      <trkpt lat="44.011486" lon="-122.991264">
        <ele>157.6</ele>
        <time>2023-06-11T06:17:17Z</time>
      </trkpt>
      <trkpt lat="44.011593" lon="-122.99588">
        <ele>157.3</ele>
        <time>2023-06-11T06:18:27Z</time>
      </trkpt>
      <trkpt lat="44.011543" lon="-122.996925">
        <ele>157.7</ele>
        <time>2023-06-11T06:18:43Z</time>
      </trkpt>
      <trkpt lat="44.011555" lon="-122.998344">
        <ele>156.0</ele>
        <time>2023-06-11T06:19:04Z</time>
      </trkpt>
      <trkpt lat="44.011536" lon="-122.999687">
        <ele>156.7</ele>
        <time>2023-06-11T06:19:26Z</time>
      </trkpt>
      <trkpt lat="44.01162" lon="-123.006989">
        <ele>155.3</ele>
        <time>2023-06-11T06:21:17Z</time>
      </trkpt>
      <trkpt lat="44.0116" lon="-123.007866">
        <ele>154.7</ele>
        <time>2023-06-11T06:21:29Z</time>
      </trkpt>
      <trkpt lat="44.011581" lon="-123.012497">
        <ele>154.2</ele>
        <time>2023-06-11T06:22:38Z</time>
      </trkpt>
      <trkpt lat="44.011612" lon="-123.012939">
        <ele>154.0</ele>
        <time>2023-06-11T06:22:45Z</time>
      </trkpt>
      <trkpt lat="44.011715" lon="-123.013458">
        <ele>153.7</ele>
        <time>2023-06-11T06:22:53Z</time>
      </trkpt>
      <trkpt lat="44.01213" lon="-123.014771">
        <ele>153.6</ele>
        <time>2023-06-11T06:23:15Z</time>
      </trkpt>
      <trkpt lat="44.012192" lon="-123.015175">
        <ele>153.6</ele>
        <time>2023-06-11T06:23:21Z</time>
      </trkpt>
      <trkpt lat="44.012249" lon="-123.016136">
        <ele>153.0</ele>
        <time>2023-06-11T06:23:36Z</time>
      </trkpt>
      <trkpt lat="44.012375" lon="-123.016739">
        <ele>153.0</ele>
        <time>2023-06-11T06:23:45Z</time>
      </trkpt>
      <trkpt lat="44.012562" lon="-123.017174">
        <ele>153.3</ele>
        <time>2023-06-11T06:23:52Z</time>
      </trkpt>
      <trkpt lat="44.013008" lon="-123.017853">
        <ele>153.7</ele>
        <time>2023-06-11T06:24:07Z</time>
      </trkpt>
      <trkpt lat="44.013153" lon="-123.018219">
        <ele>155.3</ele>
        <time>2023-06-11T06:24:18Z</time>
      </trkpt>
      <trkpt lat="44.013236" lon="-123.018303">
        <ele>156.2</ele>
        <time>2023-06-11T06:24:22Z</time>
      </trkpt>
      <trkpt lat="44.014408" lon="-123.018333">
        <ele>153.6</ele>
        <time>2023-06-11T06:24:43Z</time>
      </trkpt>
      <trkpt lat="44.014763" lon="-123.01844">
        <ele>153.2</ele>
        <time>2023-06-11T06:24:50Z</time>
      </trkpt>
      <trkpt lat="44.015087" lon="-123.018616">
        <ele>153.2</ele>
        <time>2023-06-11T06:24:57Z</time>
      </trkpt>
      <trkpt lat="44.015381" lon="-123.018845">
        <ele>153.2</ele>
        <time>2023-06-11T06:25:04Z</time>
      </trkpt>
      <trkpt lat="44.01569" lon="-123.019249">
        <ele>153.2</ele>
        <time>2023-06-11T06:25:13Z</time>
      </trkpt>
      <trkpt lat="44.015911" lon="-123.019691">
        <ele>153.2</ele>
        <time>2023-06-11T06:25:21Z</time>
      </trkpt>
      <trkpt lat="44.016087" lon="-123.020195">
        <ele>153.3</ele>
        <time>2023-06-11T06:25:30Z</time>
      </trkpt>
      <trkpt lat="44.01619" lon="-123.020821">
        <ele>153.3</ele>
        <time>2023-06-11T06:25:39Z</time>
      </trkpt>
      <trkpt lat="44.016354" lon="-123.022385">
        <ele>153.0</ele>
        <time>2023-06-11T06:26:02Z</time>
      </trkpt>
      <trkpt lat="44.016354" lon="-123.022507">
        <ele>153.2</ele>
        <time>2023-06-11T06:26:04Z</time>
      </trkpt>
      <trkpt lat="44.016315" lon="-123.022758">
        <ele>153.3</ele>
        <time>2023-06-11T06:26:08Z</time>
      </trkpt>
      <trkpt lat="44.016197" lon="-123.023384">
        <ele>153.2</ele>
        <time>2023-06-11T06:26:19Z</time>
      </trkpt>
      <trkpt lat="44.016216" lon="-123.023575">
        <ele>153.2</ele>
        <time>2023-06-11T06:26:23Z</time>
      </trkpt>
      <trkpt lat="44.016331" lon="-123.023682">
        <ele>153.3</ele>
        <time>2023-06-11T06:26:27Z</time>
      </trkpt>
      <trkpt lat="44.016788" lon="-123.023911">
        <ele>155.3</ele>
        <time>2023-06-11T06:26:41Z</time>
      </trkpt>
      <trkpt lat="44.016933" lon="-123.023956">
        <ele>156.0</ele>
        <time>2023-06-11T06:26:47Z</time>
      </trkpt>
      <trkpt lat="44.017067" lon="-123.023964">
        <ele>156.7</ele>
        <time>2023-06-11T06:26:52Z</time>
      </trkpt>
      <trkpt lat="44.017498" lon="-123.024063">
        <ele>159.3</ele>
        <time>2023-06-11T06:27:11Z</time>
      </trkpt>
      <trkpt lat="44.018063" lon="-123.024345">
        <ele>160.2</ele>
        <time>2023-06-11T06:27:31Z</time>
      </trkpt>
      <trkpt lat="44.018883" lon="-123.024864">
        <ele>161.0</ele>
        <time>2023-06-11T06:27:53Z</time>
      </trkpt>
      <trkpt lat="44.019169" lon="-123.025093">
        <ele>161.3</ele>
        <time>2023-06-11T06:28:01Z</time>
      </trkpt>
      <trkpt lat="44.019535" lon="-123.02533">
        <ele>161.2</ele>
        <time>2023-06-11T06:28:10Z</time>
      </trkpt>
      <trkpt lat="44.020587" lon="-123.026085">
        <ele>161.6</ele>
        <time>2023-06-11T06:28:40Z</time>
      </trkpt>
      <trkpt lat="44.020653" lon="-123.026108">
        <ele>162.0</ele>
        <time>2023-06-11T06:28:42Z</time>
      </trkpt>
      <trkpt lat="44.021095" lon="-123.026352">
        <ele>164.3</ele>
        <time>2023-06-11T06:28:58Z</time>
      </trkpt>
      <trkpt lat="44.02166" lon="-123.026619">
        <ele>166.6</ele>
        <time>2023-06-11T06:29:16Z</time>
      </trkpt>
      <trkpt lat="44.021976" lon="-123.02668">
        <ele>167.3</ele>
        <time>2023-06-11T06:29:27Z</time>
      </trkpt>
      <trkpt lat="44.022339" lon="-123.026665">
        <ele>169.7</ele>
        <time>2023-06-11T06:29:39Z</time>
      </trkpt>
      <trkpt lat="44.022915" lon="-123.026688">
        <ele>171.7</ele>
        <time>2023-06-11T06:29:59Z</time>
      </trkpt>
      <trkpt lat="44.023899" lon="-123.026764">
        <ele>172.3</ele>
        <time>2023-06-11T06:30:25Z</time>
      </trkpt>
      <trkpt lat="44.024311" lon="-123.026855">
        <ele>171.6</ele>
        <time>2023-06-11T06:30:32Z</time>
      </trkpt>
      <trkpt lat="44.024742" lon="-123.026978">
        <ele>169.6</ele>
        <time>2023-06-11T06:30:38Z</time>
      </trkpt>
      <trkpt lat="44.025356" lon="-123.0271">
        <ele>166.7</ele>
        <time>2023-06-11T06:30:45Z</time>
      </trkpt>
      <trkpt lat="44.026535" lon="-123.027298">
        <ele>158.7</ele>
        <time>2023-06-11T06:30:57Z</time>
      </trkpt>
      <trkpt lat="44.026981" lon="-123.027344">
        <ele>157.0</ele>
        <time>2023-06-11T06:31:02Z</time>
      </trkpt>
      <trkpt lat="44.027447" lon="-123.027283">
        <ele>157.0</ele>
        <time>2023-06-11T06:31:10Z</time>
      </trkpt>
      <trkpt lat="44.027973" lon="-123.027168">
        <ele>159.7</ele>
        <time>2023-06-11T06:31:21Z</time>
      </trkpt>
      <trkpt lat="44.028927" lon="-123.026871">
        <ele>162.0</ele>
        <time>2023-06-11T06:31:42Z</time>
      </trkpt>
      <trkpt lat="44.02948" lon="-123.026741">
        <ele>163.2</ele>
        <time>2023-06-11T06:31:56Z</time>
      </trkpt>
      <trkpt lat="44.030254" lon="-123.02652">
        <ele>164.0</ele>
        <time>2023-06-11T06:32:14Z</time>
      </trkpt>
      <trkpt lat="44.03062" lon="-123.026443">
        <ele>163.6</ele>
        <time>2023-06-11T06:32:21Z</time>
      </trkpt>
      <trkpt lat="44.031006" lon="-123.026451">
        <ele>162.2</ele>
        <time>2023-06-11T06:32:27Z</time>
      </trkpt>
      <trkpt lat="44.031612" lon="-123.026543">
        <ele>159.6</ele>
        <time>2023-06-11T06:32:35Z</time>
      </trkpt>
      <trkpt lat="44.032047" lon="-123.026566">
        <ele>156.6</ele>
        <time>2023-06-11T06:32:40Z</time>
      </trkpt>
      <trkpt lat="44.033199" lon="-123.026688">
        <ele>150.6</ele>
        <time>2023-06-11T06:32:54Z</time>
      </trkpt>
      <trkpt lat="44.033703" lon="-123.026779">
        <ele>150.3</ele>
        <time>2023-06-11T06:33:03Z</time>
      </trkpt>
      <trkpt lat="44.035442" lon="-123.026932">
        <ele>151.0</ele>
        <time>2023-06-11T06:33:41Z</time>
      </trkpt>
      <trkpt lat="44.036068" lon="-123.027008">
        <ele>151.2</ele>
        <time>2023-06-11T06:33:55Z</time>
      </trkpt>
      <trkpt lat="44.037028" lon="-123.027153">
        <ele>150.6</ele>
        <time>2023-06-11T06:34:15Z</time>
      </trkpt>
      <trkpt lat="44.037399" lon="-123.027237">
        <ele>150.3</ele>
        <time>2023-06-11T06:34:23Z</time>
      </trkpt>
      <trkpt lat="44.037785" lon="-123.027359">
        <ele>150.2</ele>
        <time>2023-06-11T06:34:32Z</time>
      </trkpt>
      <trkpt lat="44.039608" lon="-123.028336">
        <ele>150.7</ele>
        <time>2023-06-11T06:35:16Z</time>
      </trkpt>
      <trkpt lat="44.040047" lon="-123.028557">
        <ele>150.6</ele>
        <time>2023-06-11T06:35:26Z</time>
      </trkpt>
      <trkpt lat="44.040401" lon="-123.028763">
        <ele>150.0</ele>
        <time>2023-06-11T06:35:34Z</time>
      </trkpt>
      <trkpt lat="44.041728" lon="-123.02935">
        <ele>149.3</ele>
        <time>2023-06-11T06:36:02Z</time>
      </trkpt>
      <trkpt lat="44.042324" lon="-123.029587">
        <ele>148.0</ele>
        <time>2023-06-11T06:36:15Z</time>
      </trkpt>
      <trkpt lat="44.043468" lon="-123.030113">
        <ele>150.2</ele>
        <time>2023-06-11T06:36:45Z</time>
      </trkpt>
      <trkpt lat="44.043873" lon="-123.030243">
        <ele>150.2</ele>
        <time>2023-06-11T06:36:55Z</time>
      </trkpt>
      <trkpt lat="44.044044" lon="-123.03022">
        <ele>150.2</ele>
        <time>2023-06-11T06:37:00Z</time>
      </trkpt>
      <trkpt lat="44.044303" lon="-123.030029">
        <ele>150.3</ele>
        <time>2023-06-11T06:37:08Z</time>
      </trkpt>
      <trkpt lat="44.044559" lon="-123.030022">
        <ele>150.7</ele>
        <time>2023-06-11T06:37:15Z</time>
      </trkpt>
      <trkpt lat="44.044628" lon="-123.030067">
        <ele>150.7</ele>
        <time>2023-06-11T06:37:17Z</time>
      </trkpt>
      <trkpt lat="44.044693" lon="-123.030144">
        <ele>151.0</ele>
        <time>2023-06-11T06:37:19Z</time>
      </trkpt>
      <trkpt lat="44.044742" lon="-123.030251">
        <ele>151.0</ele>
        <time>2023-06-11T06:37:21Z</time>
      </trkpt>
      <trkpt lat="44.04475" lon="-123.030319">
        <ele>151.0</ele>
        <time>2023-06-11T06:37:22Z</time>
      </trkpt>
      <trkpt lat="44.044724" lon="-123.030525">
        <ele>151.0</ele>
        <time>2023-06-11T06:37:25Z</time>
      </trkpt>
      <trkpt lat="44.044624" lon="-123.030937">
        <ele>150.2</ele>
        <time>2023-06-11T06:37:31Z</time>
      </trkpt>
      <trkpt lat="44.044593" lon="-123.031166">
        <ele>149.7</ele>
        <time>2023-06-11T06:37:34Z</time>
      </trkpt>
      <trkpt lat="44.044598" lon="-123.031593">
        <ele>149.0</ele>
        <time>2023-06-11T06:37:40Z</time>
      </trkpt>
      <trkpt lat="44.044544" lon="-123.032104">
        <ele>149.0</ele>
        <time>2023-06-11T06:37:48Z</time>
      </trkpt>
      <trkpt lat="44.044601" lon="-123.032333">
        <ele>149.0</ele>
        <time>2023-06-11T06:37:52Z</time>
      </trkpt>
      <trkpt lat="44.044598" lon="-123.032616">
        <ele>149.0</ele>
        <time>2023-06-11T06:37:56Z</time>
      </trkpt>
      <trkpt lat="44.044544" lon="-123.032928">
        <ele>149.0</ele>
        <time>2023-06-11T06:38:01Z</time>
      </trkpt>
      <trkpt lat="44.044582" lon="-123.033302">
        <ele>149.3</ele>
        <time>2023-06-11T06:38:08Z</time>
      </trkpt>
      <trkpt lat="44.044628" lon="-123.03344">
        <ele>149.3</ele>
        <time>2023-06-11T06:38:11Z</time>
      </trkpt>
      <trkpt lat="44.044598" lon="-123.033684">
        <ele>149.6</ele>
        <time>2023-06-11T06:38:15Z</time>
      </trkpt>
      <trkpt lat="44.044598" lon="-123.033813">
        <ele>149.6</ele>
        <time>2023-06-11T06:38:17Z</time>
      </trkpt>
      <trkpt lat="44.04467" lon="-123.034569">
        <ele>149.0</ele>
        <time>2023-06-11T06:38:32Z</time>
      </trkpt>
      <trkpt lat="44.045044" lon="-123.03685">
        <ele>148.0</ele>
        <time>2023-06-11T06:39:06Z</time>
      </trkpt>
      <trkpt lat="44.045479" lon="-123.038582">
        <ele>147.2</ele>
        <time>2023-06-11T06:39:31Z</time>
      </trkpt>
      <trkpt lat="44.045597" lon="-123.039139">
        <ele>147.6</ele>
        <time>2023-06-11T06:39:40Z</time>
      </trkpt>
      <trkpt lat="44.04562" lon="-123.039436">
        <ele>147.7</ele>
        <time>2023-06-11T06:39:45Z</time>
      </trkpt>
      <trkpt lat="44.045555" lon="-123.040459">
        <ele>147.7</ele>
        <time>2023-06-11T06:40:00Z</time>
      </trkpt>
      <trkpt lat="44.045311" lon="-123.04303">
        <ele>148.0</ele>
        <time>2023-06-11T06:40:38Z</time>
      </trkpt>
      <trkpt lat="44.045216" lon="-123.043633">
        <ele>148.0</ele>
        <time>2023-06-11T06:40:47Z</time>
      </trkpt>
      <trkpt lat="44.04483" lon="-123.04557">
        <ele>147.6</ele>
        <time>2023-06-11T06:41:16Z</time>
      </trkpt>
      <trkpt lat="44.044693" lon="-123.046547">
        <ele>147.6</ele>
        <time>2023-06-11T06:41:32Z</time>
      </trkpt>
      <trkpt lat="44.044365" lon="-123.048264">
        <ele>148.7</ele>
        <time>2023-06-11T06:42:00Z</time>
      </trkpt>
      <trkpt lat="44.044292" lon="-123.048782">
        <ele>149.0</ele>
        <time>2023-06-11T06:42:08Z</time>
      </trkpt>
      <trkpt lat="44.044193" lon="-123.049789">
        <ele>149.6</ele>
        <time>2023-06-11T06:42:23Z</time>
      </trkpt>
      <trkpt lat="44.04417" lon="-123.051102">
        <ele>148.6</ele>
        <time>2023-06-11T06:42:43Z</time>
      </trkpt>
      <trkpt lat="44.044212" lon="-123.051727">
        <ele>148.3</ele>
        <time>2023-06-11T06:42:51Z</time>
      </trkpt>
      <trkpt lat="44.04427" lon="-123.052299">
        <ele>148.2</ele>
        <time>2023-06-11T06:42:59Z</time>
      </trkpt>
      <trkpt lat="44.0443" lon="-123.052406">
        <ele>148.0</ele>
        <time>2023-06-11T06:43:02Z</time>
      </trkpt>
      <trkpt lat="44.044407" lon="-123.05262">
        <ele>148.0</ele>
        <time>2023-06-11T06:43:07Z</time>
      </trkpt>
      <trkpt lat="44.044422" lon="-123.052689">
        <ele>148.0</ele>
        <time>2023-06-11T06:43:11Z</time>
      </trkpt>
      <trkpt lat="44.044441" lon="-123.052628">
        <ele>148.2</ele>
        <time>2023-06-11T06:43:19Z</time>
      </trkpt>
      <trkpt lat="44.044486" lon="-123.052559">
        <ele>148.2</ele>
        <time>2023-06-11T06:43:22Z</time>
      </trkpt>
      <trkpt lat="44.044521" lon="-123.052536">
        <ele>148.2</ele>
        <time>2023-06-11T06:43:24Z</time>
      </trkpt>
      <trkpt lat="44.045654" lon="-123.052139">
        <ele>150.6</ele>
        <time>2023-06-11T06:43:50Z</time>
      </trkpt>
      <trkpt lat="44.046341" lon="-123.051926">
        <ele>149.0</ele>
        <time>2023-06-11T06:44:02Z</time>
      </trkpt>
      <trkpt lat="44.046417" lon="-123.051842">
        <ele>148.7</ele>
        <time>2023-06-11T06:44:04Z</time>
      </trkpt>
      <trkpt lat="44.046425" lon="-123.051796">
        <ele>147.6</ele>
        <time>2023-06-11T06:44:06Z</time>
      </trkpt>
      <trkpt lat="44.046391" lon="-123.051422">
        <ele>146.3</ele>
        <time>2023-06-11T06:44:11Z</time>
      </trkpt>
      <trkpt lat="44.046406" lon="-123.051376">
        <ele>146.3</ele>
        <time>2023-06-11T06:44:12Z</time>
      </trkpt>
      <trkpt lat="44.046463" lon="-123.0513">
        <ele>146.2</ele>
        <time>2023-06-11T06:44:14Z</time>
      </trkpt>
      <trkpt lat="44.046822" lon="-123.051186">
        <ele>146.0</ele>
        <time>2023-06-11T06:44:22Z</time>
      </trkpt>
      <trkpt lat="44.047199" lon="-123.050987">
        <ele>145.3</ele>
        <time>2023-06-11T06:44:28Z</time>
      </trkpt>
      <trkpt lat="44.047493" lon="-123.050926">
        <ele>145.2</ele>
        <time>2023-06-11T06:44:34Z</time>
      </trkpt>
      <trkpt lat="44.048091" lon="-123.050941">
        <ele>145.0</ele>
        <time>2023-06-11T06:44:43Z</time>
      </trkpt>
      <trkpt lat="44.048381" lon="-123.050972">
        <ele>145.0</ele>
        <time>2023-06-11T06:44:50Z</time>
      </trkpt>
      <trkpt lat="44.048794" lon="-123.050987">
        <ele>144.7</ele>
        <time>2023-06-11T06:44:57Z</time>
      </trkpt>
      <trkpt lat="44.049065" lon="-123.050972">
        <ele>144.6</ele>
        <time>2023-06-11T06:45:03Z</time>
      </trkpt>
      <trkpt lat="44.050011" lon="-123.050987">
        <ele>145.6</ele>
        <time>2023-06-11T06:45:24Z</time>
      </trkpt>
      <trkpt lat="44.050334" lon="-123.05088">
        <ele>146.2</ele>
        <time>2023-06-11T06:45:30Z</time>
      </trkpt>
      <trkpt lat="44.051174" lon="-123.050507">
        <ele>145.3</ele>
        <time>2023-06-11T06:45:45Z</time>
      </trkpt>
      <trkpt lat="44.05138" lon="-123.050438">
        <ele>145.6</ele>
        <time>2023-06-11T06:45:51Z</time>
      </trkpt>
      <trkpt lat="44.051991" lon="-123.050461">
        <ele>147.6</ele>
        <time>2023-06-11T06:46:05Z</time>
      </trkpt>
      <trkpt lat="44.053024" lon="-123.0504">
        <ele>147.2</ele>
        <time>2023-06-11T06:46:24Z</time>
      </trkpt>
      <trkpt lat="44.054611" lon="-123.050407">
        <ele>146.6</ele>
        <time>2023-06-11T06:46:51Z</time>
      </trkpt>
      <trkpt lat="44.055298" lon="-123.050377">
        <ele>146.7</ele>
        <time>2023-06-11T06:47:04Z</time>
      </trkpt>
      <trkpt lat="44.055569" lon="-123.050339">
        <ele>146.7</ele>
        <time>2023-06-11T06:47:09Z</time>
      </trkpt>
      <trkpt lat="44.055862" lon="-123.050331">
        <ele>147.6</ele>
        <time>2023-06-11T06:47:17Z</time>
      </trkpt>
      <trkpt lat="44.055943" lon="-123.050362">
        <ele>147.7</ele>
        <time>2023-06-11T06:47:19Z</time>
      </trkpt>
      <trkpt lat="44.056087" lon="-123.050476">
        <ele>148.0</ele>
        <time>2023-06-11T06:47:23Z</time>
      </trkpt>
      <trkpt lat="44.056122" lon="-123.050583">
        <ele>148.0</ele>
        <time>2023-06-11T06:47:25Z</time>
      </trkpt>
      <trkpt lat="44.056149" lon="-123.051819">
        <ele>146.6</ele>
        <time>2023-06-11T06:47:44Z</time>
      </trkpt>
      <trkpt lat="44.056156" lon="-123.051872">
        <ele>146.6</ele>
        <time>2023-06-11T06:47:45Z</time>
      </trkpt>
      <trkpt lat="44.056255" lon="-123.051971">
        <ele>146.6</ele>
        <time>2023-06-11T06:47:47Z</time>
      </trkpt>
      <trkpt lat="44.056923" lon="-123.051949">
        <ele>146.3</ele>
        <time>2023-06-11T06:48:01Z</time>
      </trkpt>
      <trkpt lat="44.057213" lon="-123.051888">
        <ele>146.6</ele>
        <time>2023-06-11T06:48:08Z</time>
      </trkpt>
      <trkpt lat="44.057415" lon="-123.051865">
        <ele>147.0</ele>
        <time>2023-06-11T06:48:13Z</time>
      </trkpt>
      <trkpt lat="44.057495" lon="-123.051865">
        <ele>147.0</ele>
        <time>2023-06-11T06:48:16Z</time>
      </trkpt>
      <trkpt lat="44.057678" lon="-123.051918">
        <ele>147.0</ele>
        <time>2023-06-11T06:48:19Z</time>
      </trkpt>
      <trkpt lat="44.059063" lon="-123.051903">
        <ele>145.7</ele>
        <time>2023-06-11T06:48:44Z</time>
      </trkpt>
      <trkpt lat="44.059891" lon="-123.051949">
        <ele>146.0</ele>
        <time>2023-06-11T06:49:01Z</time>
      </trkpt>
      <trkpt lat="44.06055" lon="-123.051949">
        <ele>146.0</ele>
        <time>2023-06-11T06:49:14Z</time>
      </trkpt>
      <trkpt lat="44.060809" lon="-123.051933">
        <ele>145.6</ele>
        <time>2023-06-11T06:49:19Z</time>
      </trkpt>
      <trkpt lat="44.060936" lon="-123.051857">
        <ele>145.6</ele>
        <time>2023-06-11T06:49:22Z</time>
      </trkpt>
      <trkpt lat="44.061008" lon="-123.051842">
        <ele>145.6</ele>
        <time>2023-06-11T06:49:24Z</time>
      </trkpt>
      <trkpt lat="44.06118" lon="-123.051933">
        <ele>145.3</ele>
        <time>2023-06-11T06:49:28Z</time>
      </trkpt>
      <trkpt lat="44.061275" lon="-123.051956">
        <ele>145.3</ele>
        <time>2023-06-11T06:49:30Z</time>
      </trkpt>
      <trkpt lat="44.061424" lon="-123.051964">
        <ele>145.3</ele>
        <time>2023-06-11T06:49:33Z</time>
      </trkpt>
      <trkpt lat="44.061726" lon="-123.051941">
        <ele>145.3</ele>
        <time>2023-06-11T06:49:39Z</time>
      </trkpt>
      <trkpt lat="44.063179" lon="-123.051918">
        <ele>145.7</ele>
        <time>2023-06-11T06:50:08Z</time>
      </trkpt>
      <trkpt lat="44.063637" lon="-123.051941">
        <ele>146.2</ele>
        <time>2023-06-11T06:50:18Z</time>
      </trkpt>
      <trkpt lat="44.063736" lon="-123.051918">
        <ele>146.2</ele>
        <time>2023-06-11T06:50:21Z</time>
      </trkpt>
      <trkpt lat="44.063747" lon="-123.051849">
        <ele>146.2</ele>
        <time>2023-06-11T06:50:23Z</time>
      </trkpt>
      <trkpt lat="44.06374" lon="-123.05162">
        <ele>146.3</ele>
        <time>2023-06-11T06:50:28Z</time>
      </trkpt>
      <trkpt lat="44.06377" lon="-123.05146">
        <ele>146.6</ele>
        <time>2023-06-11T06:50:31Z</time>
      </trkpt>
      <trkpt lat="44.063927" lon="-123.051003">
        <ele>147.2</ele>
        <time>2023-06-11T06:50:39Z</time>
      </trkpt>
      <trkpt lat="44.064158" lon="-123.050499">
        <ele>147.2</ele>
        <time>2023-06-11T06:50:47Z</time>
      </trkpt>
      <trkpt lat="44.064251" lon="-123.050346">
        <ele>147.3</ele>
        <time>2023-06-11T06:50:50Z</time>
      </trkpt>
      <trkpt lat="44.064365" lon="-123.050201">
        <ele>147.2</ele>
        <time>2023-06-11T06:50:54Z</time>
      </trkpt>
      <trkpt lat="44.064621" lon="-123.049957">
        <ele>147.0</ele>
        <time>2023-06-11T06:50:59Z</time>
      </trkpt>
      <trkpt lat="44.064713" lon="-123.049889">
        <ele>147.0</ele>
        <time>2023-06-11T06:51:02Z</time>
      </trkpt>
      <trkpt lat="44.065163" lon="-123.049614">
        <ele>147.2</ele>
        <time>2023-06-11T06:51:10Z</time>
      </trkpt>
      <trkpt lat="44.065434" lon="-123.049492">
        <ele>147.0</ele>
        <time>2023-06-11T06:51:15Z</time>
      </trkpt>
      <trkpt lat="44.065544" lon="-123.049461">
        <ele>147.0</ele>
        <time>2023-06-11T06:51:17Z</time>
      </trkpt>
      <trkpt lat="44.066559" lon="-123.049332">
        <ele>147.0</ele>
        <time>2023-06-11T06:51:36Z</time>
      </trkpt>
      <trkpt lat="44.067303" lon="-123.049164">
        <ele>147.0</ele>
        <time>2023-06-11T06:51:49Z</time>
      </trkpt>
      <trkpt lat="44.068882" lon="-123.048935">
        <ele>146.7</ele>
        <time>2023-06-11T06:52:19Z</time>
      </trkpt>
      <trkpt lat="44.069633" lon="-123.048805">
        <ele>147.0</ele>
        <time>2023-06-11T06:52:34Z</time>
      </trkpt>
      <trkpt lat="44.069775" lon="-123.04879">
        <ele>147.2</ele>
        <time>2023-06-11T06:52:37Z</time>
      </trkpt>
      <trkpt lat="44.070072" lon="-123.048813">
        <ele>147.2</ele>
        <time>2023-06-11T06:52:43Z</time>
      </trkpt>
      <trkpt lat="44.070393" lon="-123.048904">
        <ele>147.2</ele>
        <time>2023-06-11T06:52:49Z</time>
      </trkpt>
      <trkpt lat="44.070507" lon="-123.048897">
        <ele>147.0</ele>
        <time>2023-06-11T06:52:51Z</time>
      </trkpt>
      <trkpt lat="44.072598" lon="-123.048637">
        <ele>146.0</ele>
        <time>2023-06-11T06:53:36Z</time>
      </trkpt>
      <trkpt lat="44.074745" lon="-123.048393">
        <ele>145.7</ele>
        <time>2023-06-11T06:54:27Z</time>
      </trkpt>
      <trkpt lat="44.074924" lon="-123.048355">
        <ele>146.2</ele>
        <time>2023-06-11T06:55:28Z</time>
      </trkpt>
      <trkpt lat="44.075451" lon="-123.048302">
        <ele>145.7</ele>
        <time>2023-06-11T06:55:39Z</time>
      </trkpt>
      <trkpt lat="44.076645" lon="-123.048149">
        <ele>145.3</ele>
        <time>2023-06-11T06:56:01Z</time>
      </trkpt>
      <trkpt lat="44.076866" lon="-123.048058">
        <ele>146.0</ele>
        <time>2023-06-11T06:56:06Z</time>
      </trkpt>
      <trkpt lat="44.076996" lon="-123.048027">
        <ele>146.3</ele>
        <time>2023-06-11T06:56:09Z</time>
      </trkpt>
      <trkpt lat="44.07774" lon="-123.047928">
        <ele>147.6</ele>
        <time>2023-06-11T06:56:31Z</time>
      </trkpt>
      <trkpt lat="44.077854" lon="-123.047928">
        <ele>147.6</ele>
        <time>2023-06-11T06:56:35Z</time>
      </trkpt>
      <trkpt lat="44.077824" lon="-123.04792">
        <ele>147.6</ele>
        <time>2023-06-11T06:56:41Z</time>
      </trkpt>
      <trkpt lat="44.077652" lon="-123.047951">
        <ele>147.6</ele>
        <time>2023-06-11T06:56:47Z</time>
      </trkpt>
      <trkpt lat="44.077034" lon="-123.048012">
        <ele>148.0</ele>
        <time>2023-06-11T06:57:05Z</time>
      </trkpt>
      <trkpt lat="44.076984" lon="-123.048035">
        <ele>148.0</ele>
        <time>2023-06-11T06:57:07Z</time>
      </trkpt>
      <trkpt lat="44.076973" lon="-123.048088">
        <ele>148.0</ele>
        <time>2023-06-11T06:57:09Z</time>
      </trkpt>
      <trkpt lat="44.077034" lon="-123.048111">
        <ele>148.0</ele>
        <time>2023-06-11T06:57:12Z</time>
      </trkpt>
      <trkpt lat="44.077316" lon="-123.048065">
        <ele>148.0</ele>
        <time>2023-06-11T06:57:22Z</time>
      </trkpt>
      <trkpt lat="44.077724" lon="-123.048027">
        <ele>149.2</ele>
        <time>2023-06-11T06:57:35Z</time>
      </trkpt>
      <trkpt lat="44.077854" lon="-123.047966">
        <ele>150.2</ele>
        <time>2023-06-11T06:57:40Z</time>
      </trkpt>
      <trkpt lat="44.077888" lon="-123.047775">
        <ele>151.2</ele>
        <time>2023-06-11T06:57:45Z</time>
      </trkpt>
      <trkpt lat="44.077881" lon="-123.047684">
        <ele>151.6</ele>
        <time>2023-06-11T06:57:47Z</time>
      </trkpt>
      <trkpt lat="44.077847" lon="-123.047333">
        <ele>152.7</ele>
        <time>2023-06-11T06:57:55Z</time>
      </trkpt>
      <trkpt lat="44.077774" lon="-123.047005">
        <ele>153.2</ele>
        <time>2023-06-11T06:58:02Z</time>
      </trkpt>
      <trkpt lat="44.077686" lon="-123.046974">
        <ele>153.2</ele>
        <time>2023-06-11T06:58:04Z</time>
      </trkpt>
      <trkpt lat="44.077637" lon="-123.046974">
        <ele>153.0</ele>
        <time>2023-06-11T06:58:05Z</time>
      </trkpt>
      <trkpt lat="44.077194" lon="-123.04702">
        <ele>151.7</ele>
        <time>2023-06-11T06:58:15Z</time>
      </trkpt>
      <trkpt lat="44.077156" lon="-123.047005">
        <ele>151.3</ele>
        <time>2023-06-11T06:58:16Z</time>
      </trkpt>
      <trkpt lat="44.077098" lon="-123.046928">
        <ele>150.7</ele>
        <time>2023-06-11T06:58:18Z</time>
      </trkpt>
      <trkpt lat="44.077065" lon="-123.046577">
        <ele>149.2</ele>
        <time>2023-06-11T06:58:24Z</time>
      </trkpt>
      <trkpt lat="44.077068" lon="-123.045631">
        <ele>146.3</ele>
        <time>2023-06-11T06:58:36Z</time>
      </trkpt>
      <trkpt lat="44.07703" lon="-123.045311">
        <ele>146.2</ele>
        <time>2023-06-11T06:58:43Z</time>
      </trkpt>
      <trkpt lat="44.077022" lon="-123.044304">
        <ele>146.3</ele>
        <time>2023-06-11T06:59:02Z</time>
      </trkpt>
      <trkpt lat="44.077049" lon="-123.044075">
        <ele>146.7</ele>
        <time>2023-06-11T06:59:09Z</time>
      </trkpt>
      <trkpt lat="44.077022" lon="-123.04332">
        <ele>147.0</ele>
        <time>2023-06-11T06:59:27Z</time>
      </trkpt>
      <trkpt lat="44.076958" lon="-123.043129">
        <ele>146.7</ele>
        <time>2023-06-11T06:59:33Z</time>
      </trkpt>
      <trkpt lat="44.076766" lon="-123.042984">
        <ele>146.7</ele>
        <time>2023-06-11T06:59:38Z</time>
      </trkpt>
      <trkpt lat="44.076476" lon="-123.042862">
        <ele>146.7</ele>
        <time>2023-06-11T06:59:47Z</time>
      </trkpt>
      <trkpt lat="44.076458" lon="-123.042831">
        <ele>146.7</ele>
        <time>2023-06-11T06:59:48Z</time>
      </trkpt>
      <trkpt lat="44.076405" lon="-123.042427">
        <ele>147.0</ele>
        <time>2023-06-11T06:59:58Z</time>
      </trkpt>
      <trkpt lat="44.076492" lon="-123.04229">
        <ele>147.3</ele>
        <time>2023-06-11T07:00:08Z</time>
      </trkpt>
      <trkpt lat="44.07663" lon="-123.042122">
        <ele>147.3</ele>
        <time>2023-06-11T07:00:13Z</time>
      </trkpt>
      <trkpt lat="44.076752" lon="-123.04203">
        <ele>147.3</ele>
        <time>2023-06-11T07:00:16Z</time>
      </trkpt>
      <trkpt lat="44.076836" lon="-123.042007">
        <ele>147.3</ele>
        <time>2023-06-11T07:00:18Z</time>
      </trkpt>
      <trkpt lat="44.077679" lon="-123.041908">
        <ele>147.0</ele>
        <time>2023-06-11T07:00:35Z</time>
      </trkpt>
      <trkpt lat="44.07859" lon="-123.041771">
        <ele>147.0</ele>
        <time>2023-06-11T07:00:56Z</time>
      </trkpt>
      <trkpt lat="44.078682" lon="-123.041779">
        <ele>146.7</ele>
        <time>2023-06-11T07:03:36Z</time>
      </trkpt>
      <trkpt lat="44.079323" lon="-123.041702">
        <ele>147.2</ele>
        <time>2023-06-11T07:03:51Z</time>
      </trkpt>
      <trkpt lat="44.080082" lon="-123.041595">
        <ele>147.6</ele>
        <time>2023-06-11T07:04:06Z</time>
      </trkpt>
      <trkpt lat="44.08028" lon="-123.04158">
        <ele>147.6</ele>
        <time>2023-06-11T07:04:10Z</time>
      </trkpt>
      <trkpt lat="44.080677" lon="-123.041512">
        <ele>147.3</ele>
        <time>2023-06-11T07:04:18Z</time>
      </trkpt>
      <trkpt lat="44.081093" lon="-123.041489">
        <ele>147.3</ele>
        <time>2023-06-11T07:04:26Z</time>
      </trkpt>
      <trkpt lat="44.083847" lon="-123.041496">
        <ele>146.7</ele>
        <time>2023-06-11T07:05:25Z</time>
      </trkpt>
      <trkpt lat="44.083973" lon="-123.041466">
        <ele>146.6</ele>
        <time>2023-06-11T07:05:30Z</time>
      </trkpt>
      <trkpt lat="44.084026" lon="-123.041336">
        <ele>146.6</ele>
        <time>2023-06-11T07:05:41Z</time>
      </trkpt>
      <trkpt lat="44.08403" lon="-123.040619">
        <ele>146.6</ele>
        <time>2023-06-11T07:05:53Z</time>
      </trkpt>
      <trkpt lat="44.084007" lon="-123.039047">
        <ele>146.6</ele>
        <time>2023-06-11T07:09:10Z</time>
      </trkpt>
      <trkpt lat="44.084034" lon="-123.037941">
        <ele>146.7</ele>
        <time>2023-06-11T07:09:29Z</time>
      </trkpt>
      <trkpt lat="44.08403" lon="-123.036537">
        <ele>147.2</ele>
        <time>2023-06-11T07:09:52Z</time>
      </trkpt>
      <trkpt lat="44.084019" lon="-123.03479">
        <ele>147.7</ele>
        <time>2023-06-11T07:10:22Z</time>
      </trkpt>
      <trkpt lat="44.083996" lon="-123.034294">
        <ele>148.7</ele>
        <time>2023-06-11T07:14:11Z</time>
      </trkpt>
      <trkpt lat="44.08401" lon="-123.033638">
        <ele>148.7</ele>
        <time>2023-06-11T07:14:26Z</time>
      </trkpt>
      <trkpt lat="44.084091" lon="-123.033157">
        <ele>148.7</ele>
        <time>2023-06-11T07:14:38Z</time>
      </trkpt>
      <trkpt lat="44.084106" lon="-123.033142">
        <ele>148.7</ele>
        <time>2023-06-11T07:14:40Z</time>
      </trkpt>
      <trkpt lat="44.084156" lon="-123.033195">
        <ele>149.0</ele>
        <time>2023-06-11T07:15:03Z</time>
      </trkpt>
      <trkpt lat="44.08419" lon="-123.033279">
        <ele>149.0</ele>
        <time>2023-06-11T07:15:05Z</time>
      </trkpt>
      <trkpt lat="44.084217" lon="-123.033493">
        <ele>149.2</ele>
        <time>2023-06-11T07:15:09Z</time>
      </trkpt>
      <trkpt lat="44.084251" lon="-123.039062">
        <ele>147.6</ele>
        <time>2023-06-11T07:16:24Z</time>
      </trkpt>
      <trkpt lat="44.084316" lon="-123.040176">
        <ele>147.0</ele>
        <time>2023-06-11T07:16:40Z</time>
      </trkpt>
      <trkpt lat="44.084297" lon="-123.040657">
        <ele>147.0</ele>
        <time>2023-06-11T07:16:48Z</time>
      </trkpt>
      <trkpt lat="44.084335" lon="-123.041359">
        <ele>146.7</ele>
        <time>2023-06-11T07:17:00Z</time>
      </trkpt>
      <trkpt lat="44.084438" lon="-123.041481">
        <ele>146.7</ele>
        <time>2023-06-11T07:17:04Z</time>
      </trkpt>
      <trkpt lat="44.084525" lon="-123.041496">
        <ele>146.7</ele>
        <time>2023-06-11T07:17:06Z</time>
      </trkpt>
      <trkpt lat="44.08469" lon="-123.041481">
        <ele>146.7</ele>
        <time>2023-06-11T07:17:10Z</time>
      </trkpt>
      <trkpt lat="44.085087" lon="-123.041595">
        <ele>147.0</ele>
        <time>2023-06-11T07:17:18Z</time>
      </trkpt>
      <trkpt lat="44.08559" lon="-123.041878">
        <ele>146.6</ele>
        <time>2023-06-11T07:17:28Z</time>
      </trkpt>
      <trkpt lat="44.085747" lon="-123.042007">
        <ele>146.3</ele>
        <time>2023-06-11T07:17:31Z</time>
      </trkpt>
      <trkpt lat="44.085976" lon="-123.042244">
        <ele>146.0</ele>
        <time>2023-06-11T07:17:36Z</time>
      </trkpt>
      <trkpt lat="44.086868" lon="-123.043381">
        <ele>145.2</ele>
        <time>2023-06-11T07:17:57Z</time>
      </trkpt>
      <trkpt lat="44.087109" lon="-123.043732">
        <ele>145.0</ele>
        <time>2023-06-11T07:18:04Z</time>
      </trkpt>
      <trkpt lat="44.0872" lon="-123.043793">
        <ele>145.2</ele>
        <time>2023-06-11T07:18:06Z</time>
      </trkpt>
      <trkpt lat="44.087311" lon="-123.043785">
        <ele>145.2</ele>
        <time>2023-06-11T07:18:09Z</time>
      </trkpt>
      <trkpt lat="44.087536" lon="-123.04364">
        <ele>145.2</ele>
        <time>2023-06-11T07:18:15Z</time>
      </trkpt>
      <trkpt lat="44.087658" lon="-123.043411">
        <ele>145.3</ele>
        <time>2023-06-11T07:18:20Z</time>
      </trkpt>
      <trkpt lat="44.087727" lon="-123.043335">
        <ele>145.6</ele>
        <time>2023-06-11T07:18:22Z</time>
      </trkpt>
      <trkpt lat="44.087803" lon="-123.043297">
        <ele>145.6</ele>
        <time>2023-06-11T07:18:24Z</time>
      </trkpt>
      <trkpt lat="44.08794" lon="-123.04332">
        <ele>145.6</ele>
        <time>2023-06-11T07:18:27Z</time>
      </trkpt>
      <trkpt lat="44.088074" lon="-123.043472">
        <ele>145.6</ele>
        <time>2023-06-11T07:18:31Z</time>
      </trkpt>
      <trkpt lat="44.088108" lon="-123.043617">
        <ele>145.6</ele>
        <time>2023-06-11T07:18:34Z</time>
      </trkpt>
      <trkpt lat="44.088093" lon="-123.043663">
        <ele>145.6</ele>
        <time>2023-06-11T07:18:35Z</time>
      </trkpt>
      <trkpt lat="44.088043" lon="-123.043724">
        <ele>145.6</ele>
        <time>2023-06-11T07:18:37Z</time>
      </trkpt>
      <trkpt lat="44.088009" lon="-123.043732">
        <ele>145.6</ele>
        <time>2023-06-11T07:18:38Z</time>
      </trkpt>
      <trkpt lat="44.08794" lon="-123.043678">
        <ele>145.6</ele>
        <time>2023-06-11T07:18:42Z</time>
      </trkpt>
      <trkpt lat="44.087952" lon="-123.043724">
        <ele>145.7</ele>
        <time>2023-06-11T07:18:48Z</time>
      </trkpt>
      <trkpt lat="44.088135" lon="-123.043976">
        <ele>146.0</ele>
        <time>2023-06-11T07:19:00Z</time>
      </trkpt>
      <trkpt lat="44.088088" lon="-123.044052">
        <ele>146.2</ele>
        <time>2023-06-11T07:19:29Z</time>
      </trkpt>
    </trkseg>
  </trk>
</gpx>
